TimeQuest Timing Analyzer report for lfsr
Mon May 02 23:32:49 2022
Quartus II 64-Bit Version 14.1.0 Build 186 12/03/2014 SJ Web Edition


---------------------
; Table of Contents ;
---------------------
  1. Legal Notice
  2. TimeQuest Timing Analyzer Summary
  3. Parallel Compilation
  4. Clocks
  5. Slow 1200mV 85C Model Fmax Summary
  6. Timing Closure Recommendations
  7. Slow 1200mV 85C Model Setup Summary
  8. Slow 1200mV 85C Model Hold Summary
  9. Slow 1200mV 85C Model Recovery Summary
 10. Slow 1200mV 85C Model Removal Summary
 11. Slow 1200mV 85C Model Minimum Pulse Width Summary
 12. Slow 1200mV 85C Model Setup: 'push'
 13. Slow 1200mV 85C Model Setup: 'clk'
 14. Slow 1200mV 85C Model Hold: 'push'
 15. Slow 1200mV 85C Model Hold: 'clk'
 16. Slow 1200mV 85C Model Minimum Pulse Width: 'push'
 17. Slow 1200mV 85C Model Minimum Pulse Width: 'clk'
 18. Clock to Output Times
 19. Minimum Clock to Output Times
 20. Slow 1200mV 85C Model Metastability Report
 21. Slow 1200mV 0C Model Fmax Summary
 22. Slow 1200mV 0C Model Setup Summary
 23. Slow 1200mV 0C Model Hold Summary
 24. Slow 1200mV 0C Model Recovery Summary
 25. Slow 1200mV 0C Model Removal Summary
 26. Slow 1200mV 0C Model Minimum Pulse Width Summary
 27. Slow 1200mV 0C Model Setup: 'push'
 28. Slow 1200mV 0C Model Setup: 'clk'
 29. Slow 1200mV 0C Model Hold: 'push'
 30. Slow 1200mV 0C Model Hold: 'clk'
 31. Slow 1200mV 0C Model Minimum Pulse Width: 'push'
 32. Slow 1200mV 0C Model Minimum Pulse Width: 'clk'
 33. Clock to Output Times
 34. Minimum Clock to Output Times
 35. Slow 1200mV 0C Model Metastability Report
 36. Fast 1200mV 0C Model Setup Summary
 37. Fast 1200mV 0C Model Hold Summary
 38. Fast 1200mV 0C Model Recovery Summary
 39. Fast 1200mV 0C Model Removal Summary
 40. Fast 1200mV 0C Model Minimum Pulse Width Summary
 41. Fast 1200mV 0C Model Setup: 'push'
 42. Fast 1200mV 0C Model Setup: 'clk'
 43. Fast 1200mV 0C Model Hold: 'push'
 44. Fast 1200mV 0C Model Hold: 'clk'
 45. Fast 1200mV 0C Model Minimum Pulse Width: 'push'
 46. Fast 1200mV 0C Model Minimum Pulse Width: 'clk'
 47. Clock to Output Times
 48. Minimum Clock to Output Times
 49. Fast 1200mV 0C Model Metastability Report
 50. Multicorner Timing Analysis Summary
 51. Clock to Output Times
 52. Minimum Clock to Output Times
 53. Board Trace Model Assignments
 54. Input Transition Times
 55. Signal Integrity Metrics (Slow 1200mv 0c Model)
 56. Signal Integrity Metrics (Slow 1200mv 85c Model)
 57. Signal Integrity Metrics (Fast 1200mv 0c Model)
 58. Setup Transfers
 59. Hold Transfers
 60. Report TCCS
 61. Report RSKM
 62. Unconstrained Paths
 63. TimeQuest Timing Analyzer Messages



----------------
; Legal Notice ;
----------------
Copyright (C) 1991-2014 Altera Corporation. All rights reserved.
Your use of Altera Corporation's design tools, logic functions 
and other software and tools, and its AMPP partner logic 
functions, and any output files from any of the foregoing 
(including device programming or simulation files), and any 
associated documentation or information are expressly subject 
to the terms and conditions of the Altera Program License 
Subscription Agreement, the Altera Quartus II License Agreement,
the Altera MegaCore Function License Agreement, or other 
applicable license agreement, including, without limitation, 
that your use is for the sole purpose of programming logic 
devices manufactured by Altera and sold by Altera or its 
authorized distributors.  Please refer to the applicable 
agreement for further details.



+-------------------------------------------------------------------------+
; TimeQuest Timing Analyzer Summary                                       ;
+--------------------+----------------------------------------------------+
; Quartus II Version ; Version 14.1.0 Build 186 12/03/2014 SJ Web Edition ;
; Revision Name      ; lfsr                                               ;
; Device Family      ; Cyclone IV E                                       ;
; Device Name        ; EP4CE115F29C7                                      ;
; Timing Models      ; Final                                              ;
; Delay Model        ; Combined                                           ;
; Rise/Fall Delays   ; Enabled                                            ;
+--------------------+----------------------------------------------------+


+------------------------------------------+
; Parallel Compilation                     ;
+----------------------------+-------------+
; Processors                 ; Number      ;
+----------------------------+-------------+
; Number detected on machine ; 8           ;
; Maximum allowed            ; 4           ;
;                            ;             ;
; Average used               ; 1.00        ;
; Maximum used               ; 4           ;
;                            ;             ;
; Usage by Processor         ; % Time Used ;
;     Processor 1            ; 100.0%      ;
;     Processors 2-4         ; < 0.1%      ;
;     Processors 5-8         ;   0.0%      ;
+----------------------------+-------------+


+----------------------------------------------------------------------------------------------------------------------------------------------------------------------------------+
; Clocks                                                                                                                                                                           ;
+------------+------+--------+------------+-------+-------+------------+-----------+-------------+-------+--------+-----------+------------+----------+--------+--------+----------+
; Clock Name ; Type ; Period ; Frequency  ; Rise  ; Fall  ; Duty Cycle ; Divide by ; Multiply by ; Phase ; Offset ; Edge List ; Edge Shift ; Inverted ; Master ; Source ; Targets  ;
+------------+------+--------+------------+-------+-------+------------+-----------+-------------+-------+--------+-----------+------------+----------+--------+--------+----------+
; clk        ; Base ; 1.000  ; 1000.0 MHz ; 0.000 ; 0.500 ;            ;           ;             ;       ;        ;           ;            ;          ;        ;        ; { clk }  ;
; push       ; Base ; 1.000  ; 1000.0 MHz ; 0.000 ; 0.500 ;            ;           ;             ;       ;        ;           ;            ;          ;        ;        ; { push } ;
+------------+------+--------+------------+-------+-------+------------+-----------+-------------+-------+--------+-----------+------------+----------+--------+--------+----------+


+-----------------------------------------------------------------------------------------------------------+
; Slow 1200mV 85C Model Fmax Summary                                                                        ;
+------------+-----------------+------------+---------------------------------------------------------------+
; Fmax       ; Restricted Fmax ; Clock Name ; Note                                                          ;
+------------+-----------------+------------+---------------------------------------------------------------+
; 624.22 MHz ; 250.0 MHz       ; push       ; limit due to minimum period restriction (max I/O toggle rate) ;
; 954.2 MHz  ; 250.0 MHz       ; clk        ; limit due to minimum period restriction (max I/O toggle rate) ;
+------------+-----------------+------------+---------------------------------------------------------------+
This panel reports FMAX for every clock in the design, regardless of the user-specified clock periods.  FMAX is only computed for paths where the source and destination registers or ports are driven by the same clock.  Paths of different clocks, including generated clocks, are ignored.  For paths between a clock and its inversion, FMAX is computed as if the rising and falling edges are scaled along with FMAX, such that the duty cycle (in terms of a percentage) is maintained. Altera recommends that you always use clock constraints and other slack reports for sign-off analysis.


----------------------------------
; Timing Closure Recommendations ;
----------------------------------
HTML report is unavailable in plain text report export.


+-------------------------------------+
; Slow 1200mV 85C Model Setup Summary ;
+-------+--------+--------------------+
; Clock ; Slack  ; End Point TNS      ;
+-------+--------+--------------------+
; push  ; -0.602 ; -9.822             ;
; clk   ; -0.048 ; -0.129             ;
+-------+--------+--------------------+


+------------------------------------+
; Slow 1200mV 85C Model Hold Summary ;
+-------+-------+--------------------+
; Clock ; Slack ; End Point TNS      ;
+-------+-------+--------------------+
; push  ; 0.358 ; 0.000              ;
; clk   ; 0.434 ; 0.000              ;
+-------+-------+--------------------+


------------------------------------------
; Slow 1200mV 85C Model Recovery Summary ;
------------------------------------------
No paths to report.


-----------------------------------------
; Slow 1200mV 85C Model Removal Summary ;
-----------------------------------------
No paths to report.


+---------------------------------------------------+
; Slow 1200mV 85C Model Minimum Pulse Width Summary ;
+-------+--------+----------------------------------+
; Clock ; Slack  ; End Point TNS                    ;
+-------+--------+----------------------------------+
; push  ; -3.000 ; -33.840                          ;
; clk   ; -3.000 ; -8.140                           ;
+-------+--------+----------------------------------+


+------------------------------------------------------------------------------------------------------------+
; Slow 1200mV 85C Model Setup: 'push'                                                                        ;
+--------+--------------+--------------+--------------+-------------+--------------+------------+------------+
; Slack  ; From Node    ; To Node      ; Launch Clock ; Latch Clock ; Relationship ; Clock Skew ; Data Delay ;
+--------+--------------+--------------+--------------+-------------+--------------+------------+------------+
; -0.602 ; character[1] ; second[0]    ; push         ; push        ; 1.000        ; -0.081     ; 1.519      ;
; -0.601 ; character[1] ; second[4]    ; push         ; push        ; 1.000        ; -0.081     ; 1.518      ;
; -0.593 ; character[1] ; fourth[2]    ; push         ; push        ; 1.000        ; -0.081     ; 1.510      ;
; -0.583 ; character[1] ; third[2]     ; push         ; push        ; 1.000        ; -0.081     ; 1.500      ;
; -0.582 ; character[1] ; third[3]     ; push         ; push        ; 1.000        ; -0.081     ; 1.499      ;
; -0.571 ; character[1] ; second[3]    ; push         ; push        ; 1.000        ; -0.081     ; 1.488      ;
; -0.567 ; character[1] ; fourth[4]    ; push         ; push        ; 1.000        ; -0.081     ; 1.484      ;
; -0.564 ; character[3] ; fourth[0]    ; push         ; push        ; 1.000        ; -0.081     ; 1.481      ;
; -0.564 ; character[3] ; fourth[4]    ; push         ; push        ; 1.000        ; -0.081     ; 1.481      ;
; -0.563 ; character[3] ; second[2]    ; push         ; push        ; 1.000        ; -0.081     ; 1.480      ;
; -0.563 ; character[3] ; third[1]     ; push         ; push        ; 1.000        ; -0.081     ; 1.480      ;
; -0.561 ; character[1] ; second[2]    ; push         ; push        ; 1.000        ; -0.081     ; 1.478      ;
; -0.560 ; character[3] ; third[3]     ; push         ; push        ; 1.000        ; -0.081     ; 1.477      ;
; -0.560 ; character[3] ; second[3]    ; push         ; push        ; 1.000        ; -0.081     ; 1.477      ;
; -0.558 ; character[3] ; fourth[1]    ; push         ; push        ; 1.000        ; -0.081     ; 1.475      ;
; -0.557 ; character[1] ; third[1]     ; push         ; push        ; 1.000        ; -0.081     ; 1.474      ;
; -0.556 ; character[3] ; first[4]     ; push         ; push        ; 1.000        ; -0.081     ; 1.473      ;
; -0.555 ; character[1] ; fourth[3]    ; push         ; push        ; 1.000        ; -0.081     ; 1.472      ;
; -0.555 ; character[3] ; second[0]    ; push         ; push        ; 1.000        ; -0.081     ; 1.472      ;
; -0.554 ; character[0] ; fourth[1]    ; push         ; push        ; 1.000        ; -0.081     ; 1.471      ;
; -0.553 ; character[3] ; third[2]     ; push         ; push        ; 1.000        ; -0.081     ; 1.470      ;
; -0.552 ; character[3] ; first[1]     ; push         ; push        ; 1.000        ; -0.081     ; 1.469      ;
; -0.552 ; character[3] ; fourth[3]    ; push         ; push        ; 1.000        ; -0.081     ; 1.469      ;
; -0.552 ; character[3] ; fourth[2]    ; push         ; push        ; 1.000        ; -0.081     ; 1.469      ;
; -0.549 ; character[0] ; first[1]     ; push         ; push        ; 1.000        ; -0.081     ; 1.466      ;
; -0.549 ; character[1] ; first[4]     ; push         ; push        ; 1.000        ; -0.081     ; 1.466      ;
; -0.548 ; character[0] ; fourth[0]    ; push         ; push        ; 1.000        ; -0.081     ; 1.465      ;
; -0.519 ; character[3] ; second[4]    ; push         ; push        ; 1.000        ; -0.081     ; 1.436      ;
; -0.411 ; character[2] ; fourth[3]    ; push         ; push        ; 1.000        ; -0.080     ; 1.329      ;
; -0.411 ; character[2] ; first[1]     ; push         ; push        ; 1.000        ; -0.080     ; 1.329      ;
; -0.409 ; character[2] ; third[2]     ; push         ; push        ; 1.000        ; -0.080     ; 1.327      ;
; -0.405 ; character[2] ; second[3]    ; push         ; push        ; 1.000        ; -0.080     ; 1.323      ;
; -0.403 ; character[2] ; third[3]     ; push         ; push        ; 1.000        ; -0.080     ; 1.321      ;
; -0.400 ; character[2] ; fourth[0]    ; push         ; push        ; 1.000        ; -0.080     ; 1.318      ;
; -0.400 ; character[2] ; second[2]    ; push         ; push        ; 1.000        ; -0.080     ; 1.318      ;
; -0.384 ; character[2] ; third[1]     ; push         ; push        ; 1.000        ; -0.080     ; 1.302      ;
; -0.377 ; character[2] ; second[0]    ; push         ; push        ; 1.000        ; -0.080     ; 1.295      ;
; -0.377 ; character[2] ; second[4]    ; push         ; push        ; 1.000        ; -0.080     ; 1.295      ;
; -0.374 ; character[2] ; fourth[1]    ; push         ; push        ; 1.000        ; -0.080     ; 1.292      ;
; -0.370 ; character[2] ; fourth[4]    ; push         ; push        ; 1.000        ; -0.080     ; 1.288      ;
; -0.357 ; character[2] ; first[4]     ; push         ; push        ; 1.000        ; -0.080     ; 1.275      ;
; -0.311 ; character[2] ; fourth[2]    ; push         ; push        ; 1.000        ; -0.080     ; 1.229      ;
; -0.304 ; character[1] ; third[0]     ; push         ; push        ; 1.000        ; -0.081     ; 1.221      ;
; -0.303 ; character[3] ; first[0]     ; push         ; push        ; 1.000        ; -0.081     ; 1.220      ;
; -0.303 ; character[1] ; first[3]     ; push         ; push        ; 1.000        ; -0.081     ; 1.220      ;
; -0.302 ; character[3] ; first[2]     ; push         ; push        ; 1.000        ; -0.081     ; 1.219      ;
; -0.296 ; character[3] ; first[3]     ; push         ; push        ; 1.000        ; -0.081     ; 1.213      ;
; -0.296 ; character[3] ; third[0]     ; push         ; push        ; 1.000        ; -0.081     ; 1.213      ;
; -0.291 ; character[3] ; third[4]     ; push         ; push        ; 1.000        ; -0.081     ; 1.208      ;
; -0.289 ; character[1] ; first[2]     ; push         ; push        ; 1.000        ; -0.081     ; 1.206      ;
; -0.276 ; character[1] ; third[4]     ; push         ; push        ; 1.000        ; -0.081     ; 1.193      ;
; -0.263 ; character[0] ; first[2]     ; push         ; push        ; 1.000        ; -0.081     ; 1.180      ;
; -0.262 ; character[0] ; second[1]    ; push         ; push        ; 1.000        ; -0.081     ; 1.179      ;
; -0.261 ; character[0] ; third[4]     ; push         ; push        ; 1.000        ; -0.081     ; 1.178      ;
; -0.259 ; character[0] ; first[3]     ; push         ; push        ; 1.000        ; -0.081     ; 1.176      ;
; -0.258 ; character[1] ; first[1]     ; push         ; push        ; 1.000        ; -0.081     ; 1.175      ;
; -0.258 ; character[0] ; third[0]     ; push         ; push        ; 1.000        ; -0.081     ; 1.175      ;
; -0.253 ; character[1] ; second[1]    ; push         ; push        ; 1.000        ; -0.081     ; 1.170      ;
; -0.246 ; character[1] ; fourth[1]    ; push         ; push        ; 1.000        ; -0.081     ; 1.163      ;
; -0.238 ; character[1] ; fourth[0]    ; push         ; push        ; 1.000        ; -0.081     ; 1.155      ;
; -0.215 ; character[3] ; second[1]    ; push         ; push        ; 1.000        ; -0.081     ; 1.132      ;
; -0.212 ; character[0] ; fourth[2]    ; push         ; push        ; 1.000        ; -0.081     ; 1.129      ;
; -0.212 ; character[0] ; fourth[3]    ; push         ; push        ; 1.000        ; -0.081     ; 1.129      ;
; -0.210 ; character[0] ; second[0]    ; push         ; push        ; 1.000        ; -0.081     ; 1.127      ;
; -0.209 ; character[0] ; second[4]    ; push         ; push        ; 1.000        ; -0.081     ; 1.126      ;
; -0.208 ; character[0] ; first[4]     ; push         ; push        ; 1.000        ; -0.081     ; 1.125      ;
; -0.205 ; character[0] ; second[3]    ; push         ; push        ; 1.000        ; -0.081     ; 1.122      ;
; -0.204 ; character[0] ; third[3]     ; push         ; push        ; 1.000        ; -0.081     ; 1.121      ;
; -0.203 ; character[0] ; third[2]     ; push         ; push        ; 1.000        ; -0.081     ; 1.120      ;
; -0.203 ; character[0] ; third[1]     ; push         ; push        ; 1.000        ; -0.081     ; 1.120      ;
; -0.202 ; character[0] ; fourth[4]    ; push         ; push        ; 1.000        ; -0.081     ; 1.119      ;
; -0.201 ; character[0] ; second[2]    ; push         ; push        ; 1.000        ; -0.081     ; 1.118      ;
; -0.124 ; character[1] ; first[0]     ; push         ; push        ; 1.000        ; -0.081     ; 1.041      ;
; -0.084 ; character[2] ; first[2]     ; push         ; push        ; 1.000        ; -0.080     ; 1.002      ;
; -0.083 ; character[2] ; third[4]     ; push         ; push        ; 1.000        ; -0.080     ; 1.001      ;
; -0.082 ; character[2] ; third[0]     ; push         ; push        ; 1.000        ; -0.080     ; 1.000      ;
; -0.081 ; character[2] ; first[3]     ; push         ; push        ; 1.000        ; -0.080     ; 0.999      ;
; -0.076 ; character[2] ; second[1]    ; push         ; push        ; 1.000        ; -0.080     ; 0.994      ;
; -0.047 ; y[0]         ; character[0] ; clk          ; push        ; 1.000        ; -0.100     ; 0.925      ;
; 0.066  ; y[2]         ; character[2] ; clk          ; push        ; 1.000        ; -0.099     ; 0.813      ;
; 0.066  ; y[3]         ; character[3] ; clk          ; push        ; 1.000        ; -0.100     ; 0.812      ;
; 0.069  ; y[1]         ; character[1] ; clk          ; push        ; 1.000        ; -0.100     ; 0.809      ;
; 0.096  ; character[0] ; first[0]     ; push         ; push        ; 1.000        ; -0.081     ; 0.821      ;
+--------+--------------+--------------+--------------+-------------+--------------+------------+------------+


+----------------------------------------------------------------------------------------------------+
; Slow 1200mV 85C Model Setup: 'clk'                                                                 ;
+--------+-----------+---------+--------------+-------------+--------------+------------+------------+
; Slack  ; From Node ; To Node ; Launch Clock ; Latch Clock ; Relationship ; Clock Skew ; Data Delay ;
+--------+-----------+---------+--------------+-------------+--------------+------------+------------+
; -0.048 ; y[0]      ; y[3]    ; clk          ; clk         ; 1.000        ; -0.081     ; 0.965      ;
; -0.048 ; y[3]      ; y[2]    ; clk          ; clk         ; 1.000        ; -0.082     ; 0.964      ;
; -0.033 ; y[2]      ; y[1]    ; clk          ; clk         ; 1.000        ; -0.080     ; 0.951      ;
; 0.097  ; y[1]      ; y[3]    ; clk          ; clk         ; 1.000        ; -0.081     ; 0.820      ;
; 0.099  ; y[1]      ; y[0]    ; clk          ; clk         ; 1.000        ; -0.081     ; 0.818      ;
+--------+-----------+---------+--------------+-------------+--------------+------------+------------+


+-----------------------------------------------------------------------------------------------------------+
; Slow 1200mV 85C Model Hold: 'push'                                                                        ;
+-------+--------------+--------------+--------------+-------------+--------------+------------+------------+
; Slack ; From Node    ; To Node      ; Launch Clock ; Latch Clock ; Relationship ; Clock Skew ; Data Delay ;
+-------+--------------+--------------+--------------+-------------+--------------+------------+------------+
; 0.358 ; y[1]         ; character[1] ; clk          ; push        ; 0.000        ; 0.126      ; 0.710      ;
; 0.365 ; y[3]         ; character[3] ; clk          ; push        ; 0.000        ; 0.126      ; 0.717      ;
; 0.366 ; y[2]         ; character[2] ; clk          ; push        ; 0.000        ; 0.126      ; 0.718      ;
; 0.442 ; character[0] ; first[0]     ; push         ; push        ; 0.000        ; 0.081      ; 0.709      ;
; 0.464 ; y[0]         ; character[0] ; clk          ; push        ; 0.000        ; 0.126      ; 0.816      ;
; 0.607 ; character[1] ; first[0]     ; push         ; push        ; 0.000        ; 0.081      ; 0.874      ;
; 0.632 ; character[2] ; first[3]     ; push         ; push        ; 0.000        ; 0.081      ; 0.899      ;
; 0.632 ; character[2] ; third[0]     ; push         ; push        ; 0.000        ; 0.081      ; 0.899      ;
; 0.634 ; character[2] ; third[4]     ; push         ; push        ; 0.000        ; 0.081      ; 0.901      ;
; 0.635 ; character[2] ; first[2]     ; push         ; push        ; 0.000        ; 0.081      ; 0.902      ;
; 0.644 ; character[2] ; second[1]    ; push         ; push        ; 0.000        ; 0.081      ; 0.911      ;
; 0.716 ; character[3] ; first[2]     ; push         ; push        ; 0.000        ; 0.081      ; 0.983      ;
; 0.717 ; character[3] ; second[1]    ; push         ; push        ; 0.000        ; 0.081      ; 0.984      ;
; 0.719 ; character[3] ; first[3]     ; push         ; push        ; 0.000        ; 0.081      ; 0.986      ;
; 0.723 ; character[1] ; first[2]     ; push         ; push        ; 0.000        ; 0.081      ; 0.990      ;
; 0.725 ; character[0] ; second[2]    ; push         ; push        ; 0.000        ; 0.080      ; 0.991      ;
; 0.726 ; character[0] ; fourth[4]    ; push         ; push        ; 0.000        ; 0.080      ; 0.992      ;
; 0.726 ; character[1] ; first[3]     ; push         ; push        ; 0.000        ; 0.081      ; 0.993      ;
; 0.727 ; character[0] ; third[1]     ; push         ; push        ; 0.000        ; 0.080      ; 0.993      ;
; 0.728 ; character[0] ; third[3]     ; push         ; push        ; 0.000        ; 0.080      ; 0.994      ;
; 0.729 ; character[0] ; second[3]    ; push         ; push        ; 0.000        ; 0.080      ; 0.995      ;
; 0.729 ; character[1] ; third[4]     ; push         ; push        ; 0.000        ; 0.081      ; 0.996      ;
; 0.731 ; character[0] ; first[4]     ; push         ; push        ; 0.000        ; 0.080      ; 0.997      ;
; 0.732 ; character[0] ; second[4]    ; push         ; push        ; 0.000        ; 0.080      ; 0.998      ;
; 0.733 ; character[0] ; second[0]    ; push         ; push        ; 0.000        ; 0.080      ; 0.999      ;
; 0.734 ; character[0] ; fourth[3]    ; push         ; push        ; 0.000        ; 0.080      ; 1.000      ;
; 0.735 ; character[0] ; fourth[2]    ; push         ; push        ; 0.000        ; 0.080      ; 1.001      ;
; 0.741 ; character[3] ; third[4]     ; push         ; push        ; 0.000        ; 0.081      ; 1.008      ;
; 0.743 ; character[0] ; third[2]     ; push         ; push        ; 0.000        ; 0.080      ; 1.009      ;
; 0.743 ; character[1] ; fourth[0]    ; push         ; push        ; 0.000        ; 0.080      ; 1.009      ;
; 0.749 ; character[1] ; fourth[1]    ; push         ; push        ; 0.000        ; 0.080      ; 1.015      ;
; 0.754 ; character[1] ; second[1]    ; push         ; push        ; 0.000        ; 0.081      ; 1.021      ;
; 0.757 ; character[1] ; first[1]     ; push         ; push        ; 0.000        ; 0.080      ; 1.023      ;
; 0.763 ; character[2] ; fourth[4]    ; push         ; push        ; 0.000        ; 0.080      ; 1.029      ;
; 0.769 ; character[2] ; second[0]    ; push         ; push        ; 0.000        ; 0.080      ; 1.035      ;
; 0.774 ; character[3] ; third[0]     ; push         ; push        ; 0.000        ; 0.081      ; 1.041      ;
; 0.777 ; character[0] ; third[0]     ; push         ; push        ; 0.000        ; 0.081      ; 1.044      ;
; 0.779 ; character[2] ; second[2]    ; push         ; push        ; 0.000        ; 0.080      ; 1.045      ;
; 0.782 ; character[2] ; third[1]     ; push         ; push        ; 0.000        ; 0.080      ; 1.048      ;
; 0.783 ; character[2] ; fourth[1]    ; push         ; push        ; 0.000        ; 0.080      ; 1.049      ;
; 0.784 ; character[0] ; first[3]     ; push         ; push        ; 0.000        ; 0.081      ; 1.051      ;
; 0.784 ; character[2] ; second[3]    ; push         ; push        ; 0.000        ; 0.080      ; 1.050      ;
; 0.785 ; character[2] ; second[4]    ; push         ; push        ; 0.000        ; 0.080      ; 1.051      ;
; 0.786 ; character[0] ; third[4]     ; push         ; push        ; 0.000        ; 0.081      ; 1.053      ;
; 0.787 ; character[0] ; first[2]     ; push         ; push        ; 0.000        ; 0.081      ; 1.054      ;
; 0.787 ; character[0] ; second[1]    ; push         ; push        ; 0.000        ; 0.081      ; 1.054      ;
; 0.788 ; character[2] ; fourth[0]    ; push         ; push        ; 0.000        ; 0.080      ; 1.054      ;
; 0.790 ; character[2] ; fourth[2]    ; push         ; push        ; 0.000        ; 0.080      ; 1.056      ;
; 0.792 ; character[3] ; first[0]     ; push         ; push        ; 0.000        ; 0.081      ; 1.059      ;
; 0.793 ; character[2] ; third[3]     ; push         ; push        ; 0.000        ; 0.080      ; 1.059      ;
; 0.795 ; character[2] ; third[2]     ; push         ; push        ; 0.000        ; 0.080      ; 1.061      ;
; 0.796 ; character[1] ; third[0]     ; push         ; push        ; 0.000        ; 0.081      ; 1.063      ;
; 0.809 ; character[2] ; first[4]     ; push         ; push        ; 0.000        ; 0.080      ; 1.075      ;
; 0.812 ; character[2] ; fourth[3]    ; push         ; push        ; 0.000        ; 0.080      ; 1.078      ;
; 0.821 ; character[2] ; first[1]     ; push         ; push        ; 0.000        ; 0.080      ; 1.087      ;
; 0.977 ; character[0] ; first[1]     ; push         ; push        ; 0.000        ; 0.080      ; 1.243      ;
; 0.983 ; character[1] ; fourth[4]    ; push         ; push        ; 0.000        ; 0.080      ; 1.249      ;
; 0.985 ; character[1] ; third[3]     ; push         ; push        ; 0.000        ; 0.080      ; 1.251      ;
; 0.986 ; character[1] ; second[3]    ; push         ; push        ; 0.000        ; 0.080      ; 1.252      ;
; 0.990 ; character[0] ; fourth[0]    ; push         ; push        ; 0.000        ; 0.080      ; 1.256      ;
; 0.991 ; character[1] ; second[0]    ; push         ; push        ; 0.000        ; 0.080      ; 1.257      ;
; 0.991 ; character[0] ; fourth[1]    ; push         ; push        ; 0.000        ; 0.080      ; 1.257      ;
; 1.003 ; character[1] ; third[1]     ; push         ; push        ; 0.000        ; 0.080      ; 1.269      ;
; 1.008 ; character[1] ; first[4]     ; push         ; push        ; 0.000        ; 0.080      ; 1.274      ;
; 1.013 ; character[1] ; third[2]     ; push         ; push        ; 0.000        ; 0.080      ; 1.279      ;
; 1.014 ; character[1] ; fourth[3]    ; push         ; push        ; 0.000        ; 0.080      ; 1.280      ;
; 1.022 ; character[1] ; second[2]    ; push         ; push        ; 0.000        ; 0.080      ; 1.288      ;
; 1.030 ; character[1] ; second[4]    ; push         ; push        ; 0.000        ; 0.080      ; 1.296      ;
; 1.043 ; character[1] ; fourth[2]    ; push         ; push        ; 0.000        ; 0.080      ; 1.309      ;
; 1.058 ; character[3] ; fourth[3]    ; push         ; push        ; 0.000        ; 0.080      ; 1.324      ;
; 1.059 ; character[3] ; third[2]     ; push         ; push        ; 0.000        ; 0.080      ; 1.325      ;
; 1.060 ; character[3] ; second[4]    ; push         ; push        ; 0.000        ; 0.080      ; 1.326      ;
; 1.060 ; character[3] ; second[0]    ; push         ; push        ; 0.000        ; 0.080      ; 1.326      ;
; 1.061 ; character[3] ; fourth[2]    ; push         ; push        ; 0.000        ; 0.080      ; 1.327      ;
; 1.063 ; character[3] ; fourth[1]    ; push         ; push        ; 0.000        ; 0.080      ; 1.329      ;
; 1.064 ; character[3] ; second[3]    ; push         ; push        ; 0.000        ; 0.080      ; 1.330      ;
; 1.065 ; character[3] ; third[3]     ; push         ; push        ; 0.000        ; 0.080      ; 1.331      ;
; 1.065 ; character[3] ; first[4]     ; push         ; push        ; 0.000        ; 0.080      ; 1.331      ;
; 1.067 ; character[3] ; first[1]     ; push         ; push        ; 0.000        ; 0.080      ; 1.333      ;
; 1.068 ; character[3] ; second[2]    ; push         ; push        ; 0.000        ; 0.080      ; 1.334      ;
; 1.068 ; character[3] ; fourth[0]    ; push         ; push        ; 0.000        ; 0.080      ; 1.334      ;
; 1.069 ; character[3] ; third[1]     ; push         ; push        ; 0.000        ; 0.080      ; 1.335      ;
; 1.070 ; character[3] ; fourth[4]    ; push         ; push        ; 0.000        ; 0.080      ; 1.336      ;
+-------+--------------+--------------+--------------+-------------+--------------+------------+------------+


+---------------------------------------------------------------------------------------------------+
; Slow 1200mV 85C Model Hold: 'clk'                                                                 ;
+-------+-----------+---------+--------------+-------------+--------------+------------+------------+
; Slack ; From Node ; To Node ; Launch Clock ; Latch Clock ; Relationship ; Clock Skew ; Data Delay ;
+-------+-----------+---------+--------------+-------------+--------------+------------+------------+
; 0.434 ; y[1]      ; y[0]    ; clk          ; clk         ; 0.000        ; 0.081      ; 0.701      ;
; 0.436 ; y[1]      ; y[3]    ; clk          ; clk         ; 0.000        ; 0.081      ; 0.703      ;
; 0.552 ; y[0]      ; y[3]    ; clk          ; clk         ; 0.000        ; 0.081      ; 0.819      ;
; 0.609 ; y[2]      ; y[1]    ; clk          ; clk         ; 0.000        ; 0.082      ; 0.877      ;
; 0.618 ; y[3]      ; y[2]    ; clk          ; clk         ; 0.000        ; 0.080      ; 0.884      ;
+-------+-----------+---------+--------------+-------------+--------------+------------+------------+


+-------------------------------------------------------------------------------------------------------------+
; Slow 1200mV 85C Model Minimum Pulse Width: 'push'                                                           ;
+--------+--------------+----------------+------------------+-------+------------+----------------------------+
; Slack  ; Actual Width ; Required Width ; Type             ; Clock ; Clock Edge ; Target                     ;
+--------+--------------+----------------+------------------+-------+------------+----------------------------+
; -3.000 ; 1.000        ; 4.000          ; Port Rate        ; push  ; Rise       ; push                       ;
; -1.285 ; 1.000        ; 2.285          ; Min Period       ; push  ; Rise       ; character[0]               ;
; -1.285 ; 1.000        ; 2.285          ; Min Period       ; push  ; Rise       ; character[1]               ;
; -1.285 ; 1.000        ; 2.285          ; Min Period       ; push  ; Rise       ; character[2]               ;
; -1.285 ; 1.000        ; 2.285          ; Min Period       ; push  ; Rise       ; character[3]               ;
; -1.285 ; 1.000        ; 2.285          ; Min Period       ; push  ; Rise       ; first[0]                   ;
; -1.285 ; 1.000        ; 2.285          ; Min Period       ; push  ; Rise       ; first[1]                   ;
; -1.285 ; 1.000        ; 2.285          ; Min Period       ; push  ; Rise       ; first[2]                   ;
; -1.285 ; 1.000        ; 2.285          ; Min Period       ; push  ; Rise       ; first[3]                   ;
; -1.285 ; 1.000        ; 2.285          ; Min Period       ; push  ; Rise       ; first[4]                   ;
; -1.285 ; 1.000        ; 2.285          ; Min Period       ; push  ; Rise       ; fourth[0]                  ;
; -1.285 ; 1.000        ; 2.285          ; Min Period       ; push  ; Rise       ; fourth[1]                  ;
; -1.285 ; 1.000        ; 2.285          ; Min Period       ; push  ; Rise       ; fourth[2]                  ;
; -1.285 ; 1.000        ; 2.285          ; Min Period       ; push  ; Rise       ; fourth[3]                  ;
; -1.285 ; 1.000        ; 2.285          ; Min Period       ; push  ; Rise       ; fourth[4]                  ;
; -1.285 ; 1.000        ; 2.285          ; Min Period       ; push  ; Rise       ; second[0]                  ;
; -1.285 ; 1.000        ; 2.285          ; Min Period       ; push  ; Rise       ; second[1]                  ;
; -1.285 ; 1.000        ; 2.285          ; Min Period       ; push  ; Rise       ; second[2]                  ;
; -1.285 ; 1.000        ; 2.285          ; Min Period       ; push  ; Rise       ; second[3]                  ;
; -1.285 ; 1.000        ; 2.285          ; Min Period       ; push  ; Rise       ; second[4]                  ;
; -1.285 ; 1.000        ; 2.285          ; Min Period       ; push  ; Rise       ; third[0]                   ;
; -1.285 ; 1.000        ; 2.285          ; Min Period       ; push  ; Rise       ; third[1]                   ;
; -1.285 ; 1.000        ; 2.285          ; Min Period       ; push  ; Rise       ; third[2]                   ;
; -1.285 ; 1.000        ; 2.285          ; Min Period       ; push  ; Rise       ; third[3]                   ;
; -1.285 ; 1.000        ; 2.285          ; Min Period       ; push  ; Rise       ; third[4]                   ;
; 0.256  ; 0.444        ; 0.188          ; Low Pulse Width  ; push  ; Rise       ; character[2]               ;
; 0.256  ; 0.444        ; 0.188          ; Low Pulse Width  ; push  ; Rise       ; first[1]                   ;
; 0.256  ; 0.444        ; 0.188          ; Low Pulse Width  ; push  ; Rise       ; first[4]                   ;
; 0.256  ; 0.444        ; 0.188          ; Low Pulse Width  ; push  ; Rise       ; fourth[0]                  ;
; 0.256  ; 0.444        ; 0.188          ; Low Pulse Width  ; push  ; Rise       ; fourth[1]                  ;
; 0.256  ; 0.444        ; 0.188          ; Low Pulse Width  ; push  ; Rise       ; fourth[2]                  ;
; 0.256  ; 0.444        ; 0.188          ; Low Pulse Width  ; push  ; Rise       ; fourth[3]                  ;
; 0.256  ; 0.444        ; 0.188          ; Low Pulse Width  ; push  ; Rise       ; fourth[4]                  ;
; 0.256  ; 0.444        ; 0.188          ; Low Pulse Width  ; push  ; Rise       ; second[0]                  ;
; 0.256  ; 0.444        ; 0.188          ; Low Pulse Width  ; push  ; Rise       ; second[2]                  ;
; 0.256  ; 0.444        ; 0.188          ; Low Pulse Width  ; push  ; Rise       ; second[3]                  ;
; 0.256  ; 0.444        ; 0.188          ; Low Pulse Width  ; push  ; Rise       ; second[4]                  ;
; 0.256  ; 0.444        ; 0.188          ; Low Pulse Width  ; push  ; Rise       ; third[1]                   ;
; 0.256  ; 0.444        ; 0.188          ; Low Pulse Width  ; push  ; Rise       ; third[2]                   ;
; 0.256  ; 0.444        ; 0.188          ; Low Pulse Width  ; push  ; Rise       ; third[3]                   ;
; 0.257  ; 0.445        ; 0.188          ; Low Pulse Width  ; push  ; Rise       ; character[0]               ;
; 0.257  ; 0.445        ; 0.188          ; Low Pulse Width  ; push  ; Rise       ; character[1]               ;
; 0.257  ; 0.445        ; 0.188          ; Low Pulse Width  ; push  ; Rise       ; character[3]               ;
; 0.257  ; 0.445        ; 0.188          ; Low Pulse Width  ; push  ; Rise       ; first[0]                   ;
; 0.257  ; 0.445        ; 0.188          ; Low Pulse Width  ; push  ; Rise       ; first[2]                   ;
; 0.257  ; 0.445        ; 0.188          ; Low Pulse Width  ; push  ; Rise       ; first[3]                   ;
; 0.257  ; 0.445        ; 0.188          ; Low Pulse Width  ; push  ; Rise       ; second[1]                  ;
; 0.257  ; 0.445        ; 0.188          ; Low Pulse Width  ; push  ; Rise       ; third[0]                   ;
; 0.257  ; 0.445        ; 0.188          ; Low Pulse Width  ; push  ; Rise       ; third[4]                   ;
; 0.334  ; 0.554        ; 0.220          ; High Pulse Width ; push  ; Rise       ; character[2]               ;
; 0.334  ; 0.554        ; 0.220          ; High Pulse Width ; push  ; Rise       ; first[1]                   ;
; 0.334  ; 0.554        ; 0.220          ; High Pulse Width ; push  ; Rise       ; first[4]                   ;
; 0.334  ; 0.554        ; 0.220          ; High Pulse Width ; push  ; Rise       ; fourth[0]                  ;
; 0.334  ; 0.554        ; 0.220          ; High Pulse Width ; push  ; Rise       ; fourth[1]                  ;
; 0.334  ; 0.554        ; 0.220          ; High Pulse Width ; push  ; Rise       ; fourth[2]                  ;
; 0.334  ; 0.554        ; 0.220          ; High Pulse Width ; push  ; Rise       ; fourth[3]                  ;
; 0.334  ; 0.554        ; 0.220          ; High Pulse Width ; push  ; Rise       ; fourth[4]                  ;
; 0.334  ; 0.554        ; 0.220          ; High Pulse Width ; push  ; Rise       ; second[0]                  ;
; 0.334  ; 0.554        ; 0.220          ; High Pulse Width ; push  ; Rise       ; second[2]                  ;
; 0.334  ; 0.554        ; 0.220          ; High Pulse Width ; push  ; Rise       ; second[3]                  ;
; 0.334  ; 0.554        ; 0.220          ; High Pulse Width ; push  ; Rise       ; second[4]                  ;
; 0.334  ; 0.554        ; 0.220          ; High Pulse Width ; push  ; Rise       ; third[1]                   ;
; 0.334  ; 0.554        ; 0.220          ; High Pulse Width ; push  ; Rise       ; third[2]                   ;
; 0.334  ; 0.554        ; 0.220          ; High Pulse Width ; push  ; Rise       ; third[3]                   ;
; 0.335  ; 0.555        ; 0.220          ; High Pulse Width ; push  ; Rise       ; character[0]               ;
; 0.335  ; 0.555        ; 0.220          ; High Pulse Width ; push  ; Rise       ; character[1]               ;
; 0.335  ; 0.555        ; 0.220          ; High Pulse Width ; push  ; Rise       ; character[3]               ;
; 0.335  ; 0.555        ; 0.220          ; High Pulse Width ; push  ; Rise       ; first[0]                   ;
; 0.335  ; 0.555        ; 0.220          ; High Pulse Width ; push  ; Rise       ; first[2]                   ;
; 0.335  ; 0.555        ; 0.220          ; High Pulse Width ; push  ; Rise       ; first[3]                   ;
; 0.335  ; 0.555        ; 0.220          ; High Pulse Width ; push  ; Rise       ; second[1]                  ;
; 0.335  ; 0.555        ; 0.220          ; High Pulse Width ; push  ; Rise       ; third[0]                   ;
; 0.335  ; 0.555        ; 0.220          ; High Pulse Width ; push  ; Rise       ; third[4]                   ;
; 0.394  ; 0.394        ; 0.000          ; Low Pulse Width  ; push  ; Rise       ; push~input|o               ;
; 0.408  ; 0.408        ; 0.000          ; Low Pulse Width  ; push  ; Rise       ; push~inputclkctrl|inclk[0] ;
; 0.408  ; 0.408        ; 0.000          ; Low Pulse Width  ; push  ; Rise       ; push~inputclkctrl|outclk   ;
; 0.409  ; 0.409        ; 0.000          ; Low Pulse Width  ; push  ; Rise       ; character[0]|clk           ;
; 0.409  ; 0.409        ; 0.000          ; Low Pulse Width  ; push  ; Rise       ; character[1]|clk           ;
; 0.409  ; 0.409        ; 0.000          ; Low Pulse Width  ; push  ; Rise       ; character[2]|clk           ;
; 0.409  ; 0.409        ; 0.000          ; Low Pulse Width  ; push  ; Rise       ; character[3]|clk           ;
; 0.409  ; 0.409        ; 0.000          ; Low Pulse Width  ; push  ; Rise       ; first[0]|clk               ;
; 0.409  ; 0.409        ; 0.000          ; Low Pulse Width  ; push  ; Rise       ; first[1]|clk               ;
; 0.409  ; 0.409        ; 0.000          ; Low Pulse Width  ; push  ; Rise       ; first[2]|clk               ;
; 0.409  ; 0.409        ; 0.000          ; Low Pulse Width  ; push  ; Rise       ; first[3]|clk               ;
; 0.409  ; 0.409        ; 0.000          ; Low Pulse Width  ; push  ; Rise       ; first[4]|clk               ;
; 0.409  ; 0.409        ; 0.000          ; Low Pulse Width  ; push  ; Rise       ; fourth[0]|clk              ;
; 0.409  ; 0.409        ; 0.000          ; Low Pulse Width  ; push  ; Rise       ; fourth[1]|clk              ;
; 0.409  ; 0.409        ; 0.000          ; Low Pulse Width  ; push  ; Rise       ; fourth[2]|clk              ;
; 0.409  ; 0.409        ; 0.000          ; Low Pulse Width  ; push  ; Rise       ; fourth[3]|clk              ;
; 0.409  ; 0.409        ; 0.000          ; Low Pulse Width  ; push  ; Rise       ; fourth[4]|clk              ;
; 0.409  ; 0.409        ; 0.000          ; Low Pulse Width  ; push  ; Rise       ; second[0]|clk              ;
; 0.409  ; 0.409        ; 0.000          ; Low Pulse Width  ; push  ; Rise       ; second[1]|clk              ;
; 0.409  ; 0.409        ; 0.000          ; Low Pulse Width  ; push  ; Rise       ; second[2]|clk              ;
; 0.409  ; 0.409        ; 0.000          ; Low Pulse Width  ; push  ; Rise       ; second[3]|clk              ;
; 0.409  ; 0.409        ; 0.000          ; Low Pulse Width  ; push  ; Rise       ; second[4]|clk              ;
; 0.409  ; 0.409        ; 0.000          ; Low Pulse Width  ; push  ; Rise       ; third[0]|clk               ;
; 0.409  ; 0.409        ; 0.000          ; Low Pulse Width  ; push  ; Rise       ; third[1]|clk               ;
; 0.409  ; 0.409        ; 0.000          ; Low Pulse Width  ; push  ; Rise       ; third[2]|clk               ;
; 0.409  ; 0.409        ; 0.000          ; Low Pulse Width  ; push  ; Rise       ; third[3]|clk               ;
; 0.409  ; 0.409        ; 0.000          ; Low Pulse Width  ; push  ; Rise       ; third[4]|clk               ;
+--------+--------------+----------------+------------------+-------+------------+----------------------------+


+------------------------------------------------------------------------------------------------------------+
; Slow 1200mV 85C Model Minimum Pulse Width: 'clk'                                                           ;
+--------+--------------+----------------+------------------+-------+------------+---------------------------+
; Slack  ; Actual Width ; Required Width ; Type             ; Clock ; Clock Edge ; Target                    ;
+--------+--------------+----------------+------------------+-------+------------+---------------------------+
; -3.000 ; 1.000        ; 4.000          ; Port Rate        ; clk   ; Rise       ; clk                       ;
; -1.285 ; 1.000        ; 2.285          ; Min Period       ; clk   ; Rise       ; y[0]                      ;
; -1.285 ; 1.000        ; 2.285          ; Min Period       ; clk   ; Rise       ; y[1]                      ;
; -1.285 ; 1.000        ; 2.285          ; Min Period       ; clk   ; Rise       ; y[2]                      ;
; -1.285 ; 1.000        ; 2.285          ; Min Period       ; clk   ; Rise       ; y[3]                      ;
; 0.256  ; 0.444        ; 0.188          ; Low Pulse Width  ; clk   ; Rise       ; y[0]                      ;
; 0.256  ; 0.444        ; 0.188          ; Low Pulse Width  ; clk   ; Rise       ; y[1]                      ;
; 0.256  ; 0.444        ; 0.188          ; Low Pulse Width  ; clk   ; Rise       ; y[2]                      ;
; 0.256  ; 0.444        ; 0.188          ; Low Pulse Width  ; clk   ; Rise       ; y[3]                      ;
; 0.336  ; 0.556        ; 0.220          ; High Pulse Width ; clk   ; Rise       ; y[0]                      ;
; 0.336  ; 0.556        ; 0.220          ; High Pulse Width ; clk   ; Rise       ; y[1]                      ;
; 0.336  ; 0.556        ; 0.220          ; High Pulse Width ; clk   ; Rise       ; y[2]                      ;
; 0.336  ; 0.556        ; 0.220          ; High Pulse Width ; clk   ; Rise       ; y[3]                      ;
; 0.394  ; 0.394        ; 0.000          ; Low Pulse Width  ; clk   ; Rise       ; clk~input|o               ;
; 0.408  ; 0.408        ; 0.000          ; Low Pulse Width  ; clk   ; Rise       ; clk~inputclkctrl|inclk[0] ;
; 0.408  ; 0.408        ; 0.000          ; Low Pulse Width  ; clk   ; Rise       ; clk~inputclkctrl|outclk   ;
; 0.408  ; 0.408        ; 0.000          ; Low Pulse Width  ; clk   ; Rise       ; y[0]|clk                  ;
; 0.408  ; 0.408        ; 0.000          ; Low Pulse Width  ; clk   ; Rise       ; y[1]|clk                  ;
; 0.408  ; 0.408        ; 0.000          ; Low Pulse Width  ; clk   ; Rise       ; y[2]|clk                  ;
; 0.408  ; 0.408        ; 0.000          ; Low Pulse Width  ; clk   ; Rise       ; y[3]|clk                  ;
; 0.500  ; 0.500        ; 0.000          ; High Pulse Width ; clk   ; Rise       ; clk~input|i               ;
; 0.500  ; 0.500        ; 0.000          ; Low Pulse Width  ; clk   ; Rise       ; clk~input|i               ;
; 0.591  ; 0.591        ; 0.000          ; High Pulse Width ; clk   ; Rise       ; y[0]|clk                  ;
; 0.591  ; 0.591        ; 0.000          ; High Pulse Width ; clk   ; Rise       ; y[1]|clk                  ;
; 0.591  ; 0.591        ; 0.000          ; High Pulse Width ; clk   ; Rise       ; y[2]|clk                  ;
; 0.591  ; 0.591        ; 0.000          ; High Pulse Width ; clk   ; Rise       ; y[3]|clk                  ;
; 0.592  ; 0.592        ; 0.000          ; High Pulse Width ; clk   ; Rise       ; clk~inputclkctrl|inclk[0] ;
; 0.592  ; 0.592        ; 0.000          ; High Pulse Width ; clk   ; Rise       ; clk~inputclkctrl|outclk   ;
; 0.606  ; 0.606        ; 0.000          ; High Pulse Width ; clk   ; Rise       ; clk~input|o               ;
+--------+--------------+----------------+------------------+-------+------------+---------------------------+


+--------------------------------------------------------------------------+
; Clock to Output Times                                                    ;
+--------------+------------+-------+-------+------------+-----------------+
; Data Port    ; Clock Port ; Rise  ; Fall  ; Clock Edge ; Clock Reference ;
+--------------+------------+-------+-------+------------+-----------------+
; segment1[*]  ; push       ; 9.512 ; 9.422 ; Rise       ; push            ;
;  segment1[0] ; push       ; 8.291 ; 8.249 ; Rise       ; push            ;
;  segment1[1] ; push       ; 9.403 ; 9.329 ; Rise       ; push            ;
;  segment1[2] ; push       ; 9.179 ; 9.162 ; Rise       ; push            ;
;  segment1[3] ; push       ; 8.973 ; 8.903 ; Rise       ; push            ;
;  segment1[4] ; push       ; 9.512 ; 9.422 ; Rise       ; push            ;
;  segment1[5] ; push       ; 9.095 ; 9.062 ; Rise       ; push            ;
;  segment1[6] ; push       ; 8.825 ; 8.716 ; Rise       ; push            ;
; segment2[*]  ; push       ; 9.643 ; 9.551 ; Rise       ; push            ;
;  segment2[0] ; push       ; 9.412 ; 9.352 ; Rise       ; push            ;
;  segment2[1] ; push       ; 9.274 ; 9.215 ; Rise       ; push            ;
;  segment2[2] ; push       ; 9.139 ; 9.051 ; Rise       ; push            ;
;  segment2[3] ; push       ; 9.175 ; 9.153 ; Rise       ; push            ;
;  segment2[4] ; push       ; 9.027 ; 8.953 ; Rise       ; push            ;
;  segment2[5] ; push       ; 9.643 ; 9.551 ; Rise       ; push            ;
;  segment2[6] ; push       ; 8.921 ; 8.809 ; Rise       ; push            ;
; segment3[*]  ; push       ; 9.671 ; 9.663 ; Rise       ; push            ;
;  segment3[0] ; push       ; 8.819 ; 8.702 ; Rise       ; push            ;
;  segment3[1] ; push       ; 9.146 ; 9.041 ; Rise       ; push            ;
;  segment3[2] ; push       ; 8.426 ; 8.406 ; Rise       ; push            ;
;  segment3[3] ; push       ; 9.386 ; 9.243 ; Rise       ; push            ;
;  segment3[4] ; push       ; 9.671 ; 9.663 ; Rise       ; push            ;
;  segment3[5] ; push       ; 8.513 ; 8.479 ; Rise       ; push            ;
;  segment3[6] ; push       ; 9.057 ; 8.914 ; Rise       ; push            ;
; segment4[*]  ; push       ; 9.005 ; 8.958 ; Rise       ; push            ;
;  segment4[0] ; push       ; 8.916 ; 8.874 ; Rise       ; push            ;
;  segment4[1] ; push       ; 8.916 ; 8.868 ; Rise       ; push            ;
;  segment4[2] ; push       ; 8.937 ; 8.898 ; Rise       ; push            ;
;  segment4[3] ; push       ; 8.907 ; 8.838 ; Rise       ; push            ;
;  segment4[4] ; push       ; 8.678 ; 8.621 ; Rise       ; push            ;
;  segment4[5] ; push       ; 9.005 ; 8.958 ; Rise       ; push            ;
;  segment4[6] ; push       ; 8.494 ; 8.377 ; Rise       ; push            ;
+--------------+------------+-------+-------+------------+-----------------+


+--------------------------------------------------------------------------+
; Minimum Clock to Output Times                                            ;
+--------------+------------+-------+-------+------------+-----------------+
; Data Port    ; Clock Port ; Rise  ; Fall  ; Clock Edge ; Clock Reference ;
+--------------+------------+-------+-------+------------+-----------------+
; segment1[*]  ; push       ; 7.281 ; 7.178 ; Rise       ; push            ;
;  segment1[0] ; push       ; 7.281 ; 7.178 ; Rise       ; push            ;
;  segment1[1] ; push       ; 7.758 ; 7.642 ; Rise       ; push            ;
;  segment1[2] ; push       ; 7.829 ; 7.752 ; Rise       ; push            ;
;  segment1[3] ; push       ; 8.207 ; 8.118 ; Rise       ; push            ;
;  segment1[4] ; push       ; 8.111 ; 8.030 ; Rise       ; push            ;
;  segment1[5] ; push       ; 7.486 ; 7.379 ; Rise       ; push            ;
;  segment1[6] ; push       ; 7.458 ; 7.363 ; Rise       ; push            ;
; segment2[*]  ; push       ; 7.815 ; 7.717 ; Rise       ; push            ;
;  segment2[0] ; push       ; 7.827 ; 7.725 ; Rise       ; push            ;
;  segment2[1] ; push       ; 7.815 ; 7.717 ; Rise       ; push            ;
;  segment2[2] ; push       ; 8.039 ; 7.942 ; Rise       ; push            ;
;  segment2[3] ; push       ; 8.155 ; 8.047 ; Rise       ; push            ;
;  segment2[4] ; push       ; 8.003 ; 7.900 ; Rise       ; push            ;
;  segment2[5] ; push       ; 8.084 ; 7.976 ; Rise       ; push            ;
;  segment2[6] ; push       ; 7.993 ; 7.894 ; Rise       ; push            ;
; segment3[*]  ; push       ; 7.515 ; 7.356 ; Rise       ; push            ;
;  segment3[0] ; push       ; 7.646 ; 7.599 ; Rise       ; push            ;
;  segment3[1] ; push       ; 7.712 ; 7.599 ; Rise       ; push            ;
;  segment3[2] ; push       ; 7.515 ; 7.356 ; Rise       ; push            ;
;  segment3[3] ; push       ; 7.962 ; 7.817 ; Rise       ; push            ;
;  segment3[4] ; push       ; 8.805 ; 8.807 ; Rise       ; push            ;
;  segment3[5] ; push       ; 7.526 ; 7.413 ; Rise       ; push            ;
;  segment3[6] ; push       ; 7.910 ; 7.779 ; Rise       ; push            ;
; segment4[*]  ; push       ; 7.395 ; 7.302 ; Rise       ; push            ;
;  segment4[0] ; push       ; 7.655 ; 7.537 ; Rise       ; push            ;
;  segment4[1] ; push       ; 7.395 ; 7.302 ; Rise       ; push            ;
;  segment4[2] ; push       ; 7.479 ; 7.371 ; Rise       ; push            ;
;  segment4[3] ; push       ; 7.802 ; 7.678 ; Rise       ; push            ;
;  segment4[4] ; push       ; 7.420 ; 7.314 ; Rise       ; push            ;
;  segment4[5] ; push       ; 7.439 ; 7.340 ; Rise       ; push            ;
;  segment4[6] ; push       ; 7.521 ; 7.496 ; Rise       ; push            ;
+--------------+------------+-------+-------+------------+-----------------+


----------------------------------------------
; Slow 1200mV 85C Model Metastability Report ;
----------------------------------------------
No synchronizer chains to report.


+------------------------------------------------------------------------------------------------------------+
; Slow 1200mV 0C Model Fmax Summary                                                                          ;
+-------------+-----------------+------------+---------------------------------------------------------------+
; Fmax        ; Restricted Fmax ; Clock Name ; Note                                                          ;
+-------------+-----------------+------------+---------------------------------------------------------------+
; 699.79 MHz  ; 250.0 MHz       ; push       ; limit due to minimum period restriction (max I/O toggle rate) ;
; 1059.32 MHz ; 250.0 MHz       ; clk        ; limit due to minimum period restriction (max I/O toggle rate) ;
+-------------+-----------------+------------+---------------------------------------------------------------+
This panel reports FMAX for every clock in the design, regardless of the user-specified clock periods.  FMAX is only computed for paths where the source and destination registers or ports are driven by the same clock.  Paths of different clocks, including generated clocks, are ignored.  For paths between a clock and its inversion, FMAX is computed as if the rising and falling edges are scaled along with FMAX, such that the duty cycle (in terms of a percentage) is maintained. Altera recommends that you always use clock constraints and other slack reports for sign-off analysis.


+------------------------------------+
; Slow 1200mV 0C Model Setup Summary ;
+-------+--------+-------------------+
; Clock ; Slack  ; End Point TNS     ;
+-------+--------+-------------------+
; push  ; -0.429 ; -6.628            ;
; clk   ; 0.056  ; 0.000             ;
+-------+--------+-------------------+


+-----------------------------------+
; Slow 1200mV 0C Model Hold Summary ;
+-------+-------+-------------------+
; Clock ; Slack ; End Point TNS     ;
+-------+-------+-------------------+
; push  ; 0.328 ; 0.000             ;
; clk   ; 0.393 ; 0.000             ;
+-------+-------+-------------------+


-----------------------------------------
; Slow 1200mV 0C Model Recovery Summary ;
-----------------------------------------
No paths to report.


----------------------------------------
; Slow 1200mV 0C Model Removal Summary ;
----------------------------------------
No paths to report.


+--------------------------------------------------+
; Slow 1200mV 0C Model Minimum Pulse Width Summary ;
+-------+--------+---------------------------------+
; Clock ; Slack  ; End Point TNS                   ;
+-------+--------+---------------------------------+
; push  ; -3.000 ; -33.840                         ;
; clk   ; -3.000 ; -8.140                          ;
+-------+--------+---------------------------------+


+------------------------------------------------------------------------------------------------------------+
; Slow 1200mV 0C Model Setup: 'push'                                                                         ;
+--------+--------------+--------------+--------------+-------------+--------------+------------+------------+
; Slack  ; From Node    ; To Node      ; Launch Clock ; Latch Clock ; Relationship ; Clock Skew ; Data Delay ;
+--------+--------------+--------------+--------------+-------------+--------------+------------+------------+
; -0.429 ; character[1] ; second[0]    ; push         ; push        ; 1.000        ; -0.073     ; 1.355      ;
; -0.428 ; character[1] ; second[4]    ; push         ; push        ; 1.000        ; -0.073     ; 1.354      ;
; -0.427 ; character[1] ; fourth[2]    ; push         ; push        ; 1.000        ; -0.073     ; 1.353      ;
; -0.416 ; character[1] ; third[3]     ; push         ; push        ; 1.000        ; -0.073     ; 1.342      ;
; -0.413 ; character[1] ; third[2]     ; push         ; push        ; 1.000        ; -0.073     ; 1.339      ;
; -0.402 ; character[1] ; second[3]    ; push         ; push        ; 1.000        ; -0.073     ; 1.328      ;
; -0.398 ; character[1] ; second[2]    ; push         ; push        ; 1.000        ; -0.073     ; 1.324      ;
; -0.398 ; character[1] ; fourth[4]    ; push         ; push        ; 1.000        ; -0.073     ; 1.324      ;
; -0.393 ; character[3] ; second[2]    ; push         ; push        ; 1.000        ; -0.073     ; 1.319      ;
; -0.393 ; character[3] ; fourth[0]    ; push         ; push        ; 1.000        ; -0.073     ; 1.319      ;
; -0.393 ; character[1] ; fourth[3]    ; push         ; push        ; 1.000        ; -0.073     ; 1.319      ;
; -0.393 ; character[3] ; fourth[4]    ; push         ; push        ; 1.000        ; -0.073     ; 1.319      ;
; -0.392 ; character[1] ; third[1]     ; push         ; push        ; 1.000        ; -0.073     ; 1.318      ;
; -0.392 ; character[3] ; third[1]     ; push         ; push        ; 1.000        ; -0.073     ; 1.318      ;
; -0.390 ; character[3] ; third[3]     ; push         ; push        ; 1.000        ; -0.073     ; 1.316      ;
; -0.390 ; character[3] ; second[3]    ; push         ; push        ; 1.000        ; -0.073     ; 1.316      ;
; -0.388 ; character[1] ; first[4]     ; push         ; push        ; 1.000        ; -0.073     ; 1.314      ;
; -0.388 ; character[3] ; fourth[1]    ; push         ; push        ; 1.000        ; -0.073     ; 1.314      ;
; -0.387 ; character[0] ; first[1]     ; push         ; push        ; 1.000        ; -0.073     ; 1.313      ;
; -0.386 ; character[3] ; first[4]     ; push         ; push        ; 1.000        ; -0.073     ; 1.312      ;
; -0.385 ; character[3] ; second[0]    ; push         ; push        ; 1.000        ; -0.073     ; 1.311      ;
; -0.385 ; character[0] ; fourth[1]    ; push         ; push        ; 1.000        ; -0.073     ; 1.311      ;
; -0.383 ; character[3] ; third[2]     ; push         ; push        ; 1.000        ; -0.073     ; 1.309      ;
; -0.382 ; character[3] ; first[1]     ; push         ; push        ; 1.000        ; -0.073     ; 1.308      ;
; -0.382 ; character[3] ; fourth[3]    ; push         ; push        ; 1.000        ; -0.073     ; 1.308      ;
; -0.381 ; character[3] ; fourth[2]    ; push         ; push        ; 1.000        ; -0.073     ; 1.307      ;
; -0.379 ; character[0] ; fourth[0]    ; push         ; push        ; 1.000        ; -0.073     ; 1.305      ;
; -0.367 ; character[3] ; second[4]    ; push         ; push        ; 1.000        ; -0.073     ; 1.293      ;
; -0.263 ; character[2] ; first[1]     ; push         ; push        ; 1.000        ; -0.072     ; 1.190      ;
; -0.261 ; character[2] ; third[2]     ; push         ; push        ; 1.000        ; -0.072     ; 1.188      ;
; -0.258 ; character[2] ; fourth[3]    ; push         ; push        ; 1.000        ; -0.072     ; 1.185      ;
; -0.255 ; character[2] ; third[3]     ; push         ; push        ; 1.000        ; -0.072     ; 1.182      ;
; -0.253 ; character[2] ; second[3]    ; push         ; push        ; 1.000        ; -0.072     ; 1.180      ;
; -0.252 ; character[2] ; second[2]    ; push         ; push        ; 1.000        ; -0.072     ; 1.179      ;
; -0.248 ; character[2] ; fourth[0]    ; push         ; push        ; 1.000        ; -0.072     ; 1.175      ;
; -0.239 ; character[2] ; third[1]     ; push         ; push        ; 1.000        ; -0.072     ; 1.166      ;
; -0.230 ; character[2] ; second[0]    ; push         ; push        ; 1.000        ; -0.072     ; 1.157      ;
; -0.227 ; character[2] ; second[4]    ; push         ; push        ; 1.000        ; -0.072     ; 1.154      ;
; -0.224 ; character[2] ; fourth[1]    ; push         ; push        ; 1.000        ; -0.072     ; 1.151      ;
; -0.221 ; character[2] ; fourth[4]    ; push         ; push        ; 1.000        ; -0.072     ; 1.148      ;
; -0.217 ; character[2] ; first[4]     ; push         ; push        ; 1.000        ; -0.072     ; 1.144      ;
; -0.176 ; character[3] ; first[0]     ; push         ; push        ; 1.000        ; -0.072     ; 1.103      ;
; -0.175 ; character[3] ; first[2]     ; push         ; push        ; 1.000        ; -0.072     ; 1.102      ;
; -0.169 ; character[1] ; third[0]     ; push         ; push        ; 1.000        ; -0.072     ; 1.096      ;
; -0.168 ; character[1] ; first[3]     ; push         ; push        ; 1.000        ; -0.072     ; 1.095      ;
; -0.168 ; character[2] ; fourth[2]    ; push         ; push        ; 1.000        ; -0.072     ; 1.095      ;
; -0.166 ; character[3] ; first[3]     ; push         ; push        ; 1.000        ; -0.072     ; 1.093      ;
; -0.165 ; character[3] ; third[0]     ; push         ; push        ; 1.000        ; -0.072     ; 1.092      ;
; -0.161 ; character[3] ; third[4]     ; push         ; push        ; 1.000        ; -0.072     ; 1.088      ;
; -0.154 ; character[1] ; first[2]     ; push         ; push        ; 1.000        ; -0.072     ; 1.081      ;
; -0.140 ; character[1] ; third[4]     ; push         ; push        ; 1.000        ; -0.072     ; 1.067      ;
; -0.128 ; character[1] ; first[1]     ; push         ; push        ; 1.000        ; -0.073     ; 1.054      ;
; -0.128 ; character[0] ; first[2]     ; push         ; push        ; 1.000        ; -0.072     ; 1.055      ;
; -0.127 ; character[0] ; second[1]    ; push         ; push        ; 1.000        ; -0.072     ; 1.054      ;
; -0.126 ; character[0] ; third[4]     ; push         ; push        ; 1.000        ; -0.072     ; 1.053      ;
; -0.125 ; character[1] ; second[1]    ; push         ; push        ; 1.000        ; -0.072     ; 1.052      ;
; -0.124 ; character[0] ; first[3]     ; push         ; push        ; 1.000        ; -0.072     ; 1.051      ;
; -0.123 ; character[0] ; third[0]     ; push         ; push        ; 1.000        ; -0.072     ; 1.050      ;
; -0.118 ; character[1] ; fourth[1]    ; push         ; push        ; 1.000        ; -0.073     ; 1.044      ;
; -0.111 ; character[1] ; fourth[0]    ; push         ; push        ; 1.000        ; -0.073     ; 1.037      ;
; -0.091 ; character[0] ; fourth[2]    ; push         ; push        ; 1.000        ; -0.073     ; 1.017      ;
; -0.090 ; character[0] ; fourth[3]    ; push         ; push        ; 1.000        ; -0.073     ; 1.016      ;
; -0.090 ; character[3] ; second[1]    ; push         ; push        ; 1.000        ; -0.072     ; 1.017      ;
; -0.088 ; character[0] ; second[0]    ; push         ; push        ; 1.000        ; -0.073     ; 1.014      ;
; -0.087 ; character[0] ; second[4]    ; push         ; push        ; 1.000        ; -0.073     ; 1.013      ;
; -0.086 ; character[0] ; first[4]     ; push         ; push        ; 1.000        ; -0.073     ; 1.012      ;
; -0.083 ; character[0] ; second[3]    ; push         ; push        ; 1.000        ; -0.073     ; 1.009      ;
; -0.082 ; character[0] ; third[3]     ; push         ; push        ; 1.000        ; -0.073     ; 1.008      ;
; -0.081 ; character[0] ; third[1]     ; push         ; push        ; 1.000        ; -0.073     ; 1.007      ;
; -0.080 ; character[0] ; fourth[4]    ; push         ; push        ; 1.000        ; -0.073     ; 1.006      ;
; -0.079 ; character[0] ; second[2]    ; push         ; push        ; 1.000        ; -0.073     ; 1.005      ;
; -0.075 ; character[0] ; third[2]     ; push         ; push        ; 1.000        ; -0.073     ; 1.001      ;
; -0.009 ; character[1] ; first[0]     ; push         ; push        ; 1.000        ; -0.072     ; 0.936      ;
; 0.024  ; character[2] ; first[2]     ; push         ; push        ; 1.000        ; -0.071     ; 0.904      ;
; 0.025  ; character[2] ; third[4]     ; push         ; push        ; 1.000        ; -0.071     ; 0.903      ;
; 0.027  ; character[2] ; third[0]     ; push         ; push        ; 1.000        ; -0.071     ; 0.901      ;
; 0.027  ; character[2] ; first[3]     ; push         ; push        ; 1.000        ; -0.071     ; 0.901      ;
; 0.038  ; character[2] ; second[1]    ; push         ; push        ; 1.000        ; -0.071     ; 0.890      ;
; 0.048  ; y[0]         ; character[0] ; clk          ; push        ; 1.000        ; -0.087     ; 0.844      ;
; 0.160  ; y[2]         ; character[2] ; clk          ; push        ; 1.000        ; -0.087     ; 0.732      ;
; 0.162  ; y[3]         ; character[3] ; clk          ; push        ; 1.000        ; -0.087     ; 0.730      ;
; 0.164  ; y[1]         ; character[1] ; clk          ; push        ; 1.000        ; -0.087     ; 0.728      ;
; 0.181  ; character[0] ; first[0]     ; push         ; push        ; 1.000        ; -0.072     ; 0.746      ;
+--------+--------------+--------------+--------------+-------------+--------------+------------+------------+


+---------------------------------------------------------------------------------------------------+
; Slow 1200mV 0C Model Setup: 'clk'                                                                 ;
+-------+-----------+---------+--------------+-------------+--------------+------------+------------+
; Slack ; From Node ; To Node ; Launch Clock ; Latch Clock ; Relationship ; Clock Skew ; Data Delay ;
+-------+-----------+---------+--------------+-------------+--------------+------------+------------+
; 0.056 ; y[0]      ; y[3]    ; clk          ; clk         ; 1.000        ; -0.072     ; 0.871      ;
; 0.063 ; y[3]      ; y[2]    ; clk          ; clk         ; 1.000        ; -0.073     ; 0.863      ;
; 0.073 ; y[2]      ; y[1]    ; clk          ; clk         ; 1.000        ; -0.071     ; 0.855      ;
; 0.183 ; y[1]      ; y[3]    ; clk          ; clk         ; 1.000        ; -0.072     ; 0.744      ;
; 0.185 ; y[1]      ; y[0]    ; clk          ; clk         ; 1.000        ; -0.072     ; 0.742      ;
+-------+-----------+---------+--------------+-------------+--------------+------------+------------+


+-----------------------------------------------------------------------------------------------------------+
; Slow 1200mV 0C Model Hold: 'push'                                                                         ;
+-------+--------------+--------------+--------------+-------------+--------------+------------+------------+
; Slack ; From Node    ; To Node      ; Launch Clock ; Latch Clock ; Relationship ; Clock Skew ; Data Delay ;
+-------+--------------+--------------+--------------+-------------+--------------+------------+------------+
; 0.328 ; y[1]         ; character[1] ; clk          ; push        ; 0.000        ; 0.113      ; 0.652      ;
; 0.335 ; y[3]         ; character[3] ; clk          ; push        ; 0.000        ; 0.113      ; 0.659      ;
; 0.336 ; y[2]         ; character[2] ; clk          ; push        ; 0.000        ; 0.113      ; 0.660      ;
; 0.401 ; character[0] ; first[0]     ; push         ; push        ; 0.000        ; 0.072      ; 0.644      ;
; 0.417 ; y[0]         ; character[0] ; clk          ; push        ; 0.000        ; 0.113      ; 0.741      ;
; 0.549 ; character[1] ; first[0]     ; push         ; push        ; 0.000        ; 0.072      ; 0.792      ;
; 0.582 ; character[2] ; first[3]     ; push         ; push        ; 0.000        ; 0.073      ; 0.826      ;
; 0.583 ; character[2] ; third[0]     ; push         ; push        ; 0.000        ; 0.073      ; 0.827      ;
; 0.584 ; character[2] ; third[4]     ; push         ; push        ; 0.000        ; 0.073      ; 0.828      ;
; 0.585 ; character[2] ; first[2]     ; push         ; push        ; 0.000        ; 0.073      ; 0.829      ;
; 0.597 ; character[2] ; second[1]    ; push         ; push        ; 0.000        ; 0.073      ; 0.841      ;
; 0.661 ; character[1] ; first[3]     ; push         ; push        ; 0.000        ; 0.072      ; 0.904      ;
; 0.662 ; character[3] ; first[3]     ; push         ; push        ; 0.000        ; 0.072      ; 0.905      ;
; 0.662 ; character[3] ; first[2]     ; push         ; push        ; 0.000        ; 0.072      ; 0.905      ;
; 0.662 ; character[3] ; second[1]    ; push         ; push        ; 0.000        ; 0.072      ; 0.905      ;
; 0.663 ; character[1] ; first[2]     ; push         ; push        ; 0.000        ; 0.072      ; 0.906      ;
; 0.665 ; character[1] ; third[4]     ; push         ; push        ; 0.000        ; 0.072      ; 0.908      ;
; 0.671 ; character[0] ; second[2]    ; push         ; push        ; 0.000        ; 0.071      ; 0.913      ;
; 0.671 ; character[0] ; fourth[4]    ; push         ; push        ; 0.000        ; 0.071      ; 0.913      ;
; 0.672 ; character[0] ; third[1]     ; push         ; push        ; 0.000        ; 0.071      ; 0.914      ;
; 0.673 ; character[0] ; third[3]     ; push         ; push        ; 0.000        ; 0.071      ; 0.915      ;
; 0.674 ; character[0] ; second[3]    ; push         ; push        ; 0.000        ; 0.071      ; 0.916      ;
; 0.677 ; character[0] ; first[4]     ; push         ; push        ; 0.000        ; 0.071      ; 0.919      ;
; 0.678 ; character[0] ; second[4]    ; push         ; push        ; 0.000        ; 0.071      ; 0.920      ;
; 0.679 ; character[0] ; second[0]    ; push         ; push        ; 0.000        ; 0.071      ; 0.921      ;
; 0.680 ; character[0] ; fourth[3]    ; push         ; push        ; 0.000        ; 0.071      ; 0.922      ;
; 0.681 ; character[0] ; fourth[2]    ; push         ; push        ; 0.000        ; 0.071      ; 0.923      ;
; 0.681 ; character[3] ; third[4]     ; push         ; push        ; 0.000        ; 0.072      ; 0.924      ;
; 0.684 ; character[1] ; second[1]    ; push         ; push        ; 0.000        ; 0.072      ; 0.927      ;
; 0.687 ; character[1] ; fourth[0]    ; push         ; push        ; 0.000        ; 0.071      ; 0.929      ;
; 0.692 ; character[1] ; fourth[1]    ; push         ; push        ; 0.000        ; 0.071      ; 0.934      ;
; 0.693 ; character[2] ; fourth[4]    ; push         ; push        ; 0.000        ; 0.072      ; 0.936      ;
; 0.695 ; character[0] ; third[2]     ; push         ; push        ; 0.000        ; 0.071      ; 0.937      ;
; 0.699 ; character[2] ; second[0]    ; push         ; push        ; 0.000        ; 0.072      ; 0.942      ;
; 0.700 ; character[1] ; first[1]     ; push         ; push        ; 0.000        ; 0.071      ; 0.942      ;
; 0.710 ; character[2] ; second[2]    ; push         ; push        ; 0.000        ; 0.072      ; 0.953      ;
; 0.713 ; character[2] ; fourth[1]    ; push         ; push        ; 0.000        ; 0.072      ; 0.956      ;
; 0.714 ; character[3] ; third[0]     ; push         ; push        ; 0.000        ; 0.072      ; 0.957      ;
; 0.714 ; character[2] ; third[1]     ; push         ; push        ; 0.000        ; 0.072      ; 0.957      ;
; 0.715 ; character[0] ; third[0]     ; push         ; push        ; 0.000        ; 0.072      ; 0.958      ;
; 0.715 ; character[2] ; fourth[0]    ; push         ; push        ; 0.000        ; 0.072      ; 0.958      ;
; 0.716 ; character[2] ; second[3]    ; push         ; push        ; 0.000        ; 0.072      ; 0.959      ;
; 0.716 ; character[2] ; second[4]    ; push         ; push        ; 0.000        ; 0.072      ; 0.959      ;
; 0.718 ; character[2] ; third[3]     ; push         ; push        ; 0.000        ; 0.072      ; 0.961      ;
; 0.721 ; character[2] ; fourth[2]    ; push         ; push        ; 0.000        ; 0.072      ; 0.964      ;
; 0.723 ; character[2] ; third[2]     ; push         ; push        ; 0.000        ; 0.072      ; 0.966      ;
; 0.724 ; character[1] ; third[0]     ; push         ; push        ; 0.000        ; 0.072      ; 0.967      ;
; 0.728 ; character[3] ; first[0]     ; push         ; push        ; 0.000        ; 0.072      ; 0.971      ;
; 0.728 ; character[0] ; first[3]     ; push         ; push        ; 0.000        ; 0.072      ; 0.971      ;
; 0.729 ; character[2] ; first[4]     ; push         ; push        ; 0.000        ; 0.072      ; 0.972      ;
; 0.730 ; character[0] ; third[4]     ; push         ; push        ; 0.000        ; 0.072      ; 0.973      ;
; 0.731 ; character[0] ; second[1]    ; push         ; push        ; 0.000        ; 0.072      ; 0.974      ;
; 0.731 ; character[2] ; fourth[3]    ; push         ; push        ; 0.000        ; 0.072      ; 0.974      ;
; 0.732 ; character[0] ; first[2]     ; push         ; push        ; 0.000        ; 0.072      ; 0.975      ;
; 0.742 ; character[2] ; first[1]     ; push         ; push        ; 0.000        ; 0.072      ; 0.985      ;
; 0.906 ; character[0] ; first[1]     ; push         ; push        ; 0.000        ; 0.071      ; 1.148      ;
; 0.908 ; character[0] ; fourth[1]    ; push         ; push        ; 0.000        ; 0.071      ; 1.150      ;
; 0.912 ; character[1] ; fourth[4]    ; push         ; push        ; 0.000        ; 0.071      ; 1.154      ;
; 0.913 ; character[0] ; fourth[0]    ; push         ; push        ; 0.000        ; 0.071      ; 1.155      ;
; 0.914 ; character[1] ; third[3]     ; push         ; push        ; 0.000        ; 0.071      ; 1.156      ;
; 0.915 ; character[1] ; second[3]    ; push         ; push        ; 0.000        ; 0.071      ; 1.157      ;
; 0.920 ; character[1] ; second[0]    ; push         ; push        ; 0.000        ; 0.071      ; 1.162      ;
; 0.935 ; character[1] ; third[1]     ; push         ; push        ; 0.000        ; 0.071      ; 1.177      ;
; 0.939 ; character[1] ; first[4]     ; push         ; push        ; 0.000        ; 0.071      ; 1.181      ;
; 0.941 ; character[1] ; second[2]    ; push         ; push        ; 0.000        ; 0.071      ; 1.183      ;
; 0.941 ; character[1] ; third[2]     ; push         ; push        ; 0.000        ; 0.071      ; 1.183      ;
; 0.942 ; character[1] ; fourth[3]    ; push         ; push        ; 0.000        ; 0.071      ; 1.184      ;
; 0.950 ; character[1] ; second[4]    ; push         ; push        ; 0.000        ; 0.071      ; 1.192      ;
; 0.964 ; character[1] ; fourth[2]    ; push         ; push        ; 0.000        ; 0.071      ; 1.206      ;
; 0.983 ; character[3] ; fourth[3]    ; push         ; push        ; 0.000        ; 0.071      ; 1.225      ;
; 0.984 ; character[3] ; fourth[2]    ; push         ; push        ; 0.000        ; 0.071      ; 1.226      ;
; 0.984 ; character[3] ; third[2]     ; push         ; push        ; 0.000        ; 0.071      ; 1.226      ;
; 0.985 ; character[3] ; second[4]    ; push         ; push        ; 0.000        ; 0.071      ; 1.227      ;
; 0.985 ; character[3] ; second[0]    ; push         ; push        ; 0.000        ; 0.071      ; 1.227      ;
; 0.988 ; character[3] ; fourth[1]    ; push         ; push        ; 0.000        ; 0.071      ; 1.230      ;
; 0.989 ; character[3] ; second[3]    ; push         ; push        ; 0.000        ; 0.071      ; 1.231      ;
; 0.989 ; character[3] ; first[4]     ; push         ; push        ; 0.000        ; 0.071      ; 1.231      ;
; 0.990 ; character[3] ; third[3]     ; push         ; push        ; 0.000        ; 0.071      ; 1.232      ;
; 0.993 ; character[3] ; second[2]    ; push         ; push        ; 0.000        ; 0.071      ; 1.235      ;
; 0.993 ; character[3] ; third[1]     ; push         ; push        ; 0.000        ; 0.071      ; 1.235      ;
; 0.993 ; character[3] ; fourth[0]    ; push         ; push        ; 0.000        ; 0.071      ; 1.235      ;
; 0.994 ; character[3] ; fourth[4]    ; push         ; push        ; 0.000        ; 0.071      ; 1.236      ;
; 0.997 ; character[3] ; first[1]     ; push         ; push        ; 0.000        ; 0.071      ; 1.239      ;
+-------+--------------+--------------+--------------+-------------+--------------+------------+------------+


+---------------------------------------------------------------------------------------------------+
; Slow 1200mV 0C Model Hold: 'clk'                                                                  ;
+-------+-----------+---------+--------------+-------------+--------------+------------+------------+
; Slack ; From Node ; To Node ; Launch Clock ; Latch Clock ; Relationship ; Clock Skew ; Data Delay ;
+-------+-----------+---------+--------------+-------------+--------------+------------+------------+
; 0.393 ; y[1]      ; y[0]    ; clk          ; clk         ; 0.000        ; 0.072      ; 0.636      ;
; 0.395 ; y[1]      ; y[3]    ; clk          ; clk         ; 0.000        ; 0.072      ; 0.638      ;
; 0.500 ; y[0]      ; y[3]    ; clk          ; clk         ; 0.000        ; 0.072      ; 0.743      ;
; 0.561 ; y[2]      ; y[1]    ; clk          ; clk         ; 0.000        ; 0.073      ; 0.805      ;
; 0.572 ; y[3]      ; y[2]    ; clk          ; clk         ; 0.000        ; 0.071      ; 0.814      ;
+-------+-----------+---------+--------------+-------------+--------------+------------+------------+


+-------------------------------------------------------------------------------------------------------------+
; Slow 1200mV 0C Model Minimum Pulse Width: 'push'                                                            ;
+--------+--------------+----------------+------------------+-------+------------+----------------------------+
; Slack  ; Actual Width ; Required Width ; Type             ; Clock ; Clock Edge ; Target                     ;
+--------+--------------+----------------+------------------+-------+------------+----------------------------+
; -3.000 ; 1.000        ; 4.000          ; Port Rate        ; push  ; Rise       ; push                       ;
; -1.285 ; 1.000        ; 2.285          ; Min Period       ; push  ; Rise       ; character[0]               ;
; -1.285 ; 1.000        ; 2.285          ; Min Period       ; push  ; Rise       ; character[1]               ;
; -1.285 ; 1.000        ; 2.285          ; Min Period       ; push  ; Rise       ; character[2]               ;
; -1.285 ; 1.000        ; 2.285          ; Min Period       ; push  ; Rise       ; character[3]               ;
; -1.285 ; 1.000        ; 2.285          ; Min Period       ; push  ; Rise       ; first[0]                   ;
; -1.285 ; 1.000        ; 2.285          ; Min Period       ; push  ; Rise       ; first[1]                   ;
; -1.285 ; 1.000        ; 2.285          ; Min Period       ; push  ; Rise       ; first[2]                   ;
; -1.285 ; 1.000        ; 2.285          ; Min Period       ; push  ; Rise       ; first[3]                   ;
; -1.285 ; 1.000        ; 2.285          ; Min Period       ; push  ; Rise       ; first[4]                   ;
; -1.285 ; 1.000        ; 2.285          ; Min Period       ; push  ; Rise       ; fourth[0]                  ;
; -1.285 ; 1.000        ; 2.285          ; Min Period       ; push  ; Rise       ; fourth[1]                  ;
; -1.285 ; 1.000        ; 2.285          ; Min Period       ; push  ; Rise       ; fourth[2]                  ;
; -1.285 ; 1.000        ; 2.285          ; Min Period       ; push  ; Rise       ; fourth[3]                  ;
; -1.285 ; 1.000        ; 2.285          ; Min Period       ; push  ; Rise       ; fourth[4]                  ;
; -1.285 ; 1.000        ; 2.285          ; Min Period       ; push  ; Rise       ; second[0]                  ;
; -1.285 ; 1.000        ; 2.285          ; Min Period       ; push  ; Rise       ; second[1]                  ;
; -1.285 ; 1.000        ; 2.285          ; Min Period       ; push  ; Rise       ; second[2]                  ;
; -1.285 ; 1.000        ; 2.285          ; Min Period       ; push  ; Rise       ; second[3]                  ;
; -1.285 ; 1.000        ; 2.285          ; Min Period       ; push  ; Rise       ; second[4]                  ;
; -1.285 ; 1.000        ; 2.285          ; Min Period       ; push  ; Rise       ; third[0]                   ;
; -1.285 ; 1.000        ; 2.285          ; Min Period       ; push  ; Rise       ; third[1]                   ;
; -1.285 ; 1.000        ; 2.285          ; Min Period       ; push  ; Rise       ; third[2]                   ;
; -1.285 ; 1.000        ; 2.285          ; Min Period       ; push  ; Rise       ; third[3]                   ;
; -1.285 ; 1.000        ; 2.285          ; Min Period       ; push  ; Rise       ; third[4]                   ;
; 0.277  ; 0.463        ; 0.186          ; Low Pulse Width  ; push  ; Rise       ; character[0]               ;
; 0.277  ; 0.463        ; 0.186          ; Low Pulse Width  ; push  ; Rise       ; character[1]               ;
; 0.277  ; 0.463        ; 0.186          ; Low Pulse Width  ; push  ; Rise       ; character[2]               ;
; 0.277  ; 0.463        ; 0.186          ; Low Pulse Width  ; push  ; Rise       ; character[3]               ;
; 0.277  ; 0.463        ; 0.186          ; Low Pulse Width  ; push  ; Rise       ; first[0]                   ;
; 0.277  ; 0.463        ; 0.186          ; Low Pulse Width  ; push  ; Rise       ; first[1]                   ;
; 0.277  ; 0.463        ; 0.186          ; Low Pulse Width  ; push  ; Rise       ; first[2]                   ;
; 0.277  ; 0.463        ; 0.186          ; Low Pulse Width  ; push  ; Rise       ; first[3]                   ;
; 0.277  ; 0.463        ; 0.186          ; Low Pulse Width  ; push  ; Rise       ; first[4]                   ;
; 0.277  ; 0.463        ; 0.186          ; Low Pulse Width  ; push  ; Rise       ; fourth[0]                  ;
; 0.277  ; 0.463        ; 0.186          ; Low Pulse Width  ; push  ; Rise       ; fourth[1]                  ;
; 0.277  ; 0.463        ; 0.186          ; Low Pulse Width  ; push  ; Rise       ; fourth[2]                  ;
; 0.277  ; 0.463        ; 0.186          ; Low Pulse Width  ; push  ; Rise       ; fourth[3]                  ;
; 0.277  ; 0.463        ; 0.186          ; Low Pulse Width  ; push  ; Rise       ; fourth[4]                  ;
; 0.277  ; 0.463        ; 0.186          ; Low Pulse Width  ; push  ; Rise       ; second[0]                  ;
; 0.277  ; 0.463        ; 0.186          ; Low Pulse Width  ; push  ; Rise       ; second[1]                  ;
; 0.277  ; 0.463        ; 0.186          ; Low Pulse Width  ; push  ; Rise       ; second[2]                  ;
; 0.277  ; 0.463        ; 0.186          ; Low Pulse Width  ; push  ; Rise       ; second[3]                  ;
; 0.277  ; 0.463        ; 0.186          ; Low Pulse Width  ; push  ; Rise       ; second[4]                  ;
; 0.277  ; 0.463        ; 0.186          ; Low Pulse Width  ; push  ; Rise       ; third[0]                   ;
; 0.277  ; 0.463        ; 0.186          ; Low Pulse Width  ; push  ; Rise       ; third[1]                   ;
; 0.277  ; 0.463        ; 0.186          ; Low Pulse Width  ; push  ; Rise       ; third[2]                   ;
; 0.277  ; 0.463        ; 0.186          ; Low Pulse Width  ; push  ; Rise       ; third[3]                   ;
; 0.277  ; 0.463        ; 0.186          ; Low Pulse Width  ; push  ; Rise       ; third[4]                   ;
; 0.317  ; 0.535        ; 0.218          ; High Pulse Width ; push  ; Rise       ; character[0]               ;
; 0.317  ; 0.535        ; 0.218          ; High Pulse Width ; push  ; Rise       ; character[1]               ;
; 0.317  ; 0.535        ; 0.218          ; High Pulse Width ; push  ; Rise       ; character[2]               ;
; 0.317  ; 0.535        ; 0.218          ; High Pulse Width ; push  ; Rise       ; character[3]               ;
; 0.317  ; 0.535        ; 0.218          ; High Pulse Width ; push  ; Rise       ; first[0]                   ;
; 0.317  ; 0.535        ; 0.218          ; High Pulse Width ; push  ; Rise       ; first[1]                   ;
; 0.317  ; 0.535        ; 0.218          ; High Pulse Width ; push  ; Rise       ; first[2]                   ;
; 0.317  ; 0.535        ; 0.218          ; High Pulse Width ; push  ; Rise       ; first[3]                   ;
; 0.317  ; 0.535        ; 0.218          ; High Pulse Width ; push  ; Rise       ; first[4]                   ;
; 0.317  ; 0.535        ; 0.218          ; High Pulse Width ; push  ; Rise       ; fourth[0]                  ;
; 0.317  ; 0.535        ; 0.218          ; High Pulse Width ; push  ; Rise       ; fourth[1]                  ;
; 0.317  ; 0.535        ; 0.218          ; High Pulse Width ; push  ; Rise       ; fourth[2]                  ;
; 0.317  ; 0.535        ; 0.218          ; High Pulse Width ; push  ; Rise       ; fourth[3]                  ;
; 0.317  ; 0.535        ; 0.218          ; High Pulse Width ; push  ; Rise       ; fourth[4]                  ;
; 0.317  ; 0.535        ; 0.218          ; High Pulse Width ; push  ; Rise       ; second[0]                  ;
; 0.317  ; 0.535        ; 0.218          ; High Pulse Width ; push  ; Rise       ; second[1]                  ;
; 0.317  ; 0.535        ; 0.218          ; High Pulse Width ; push  ; Rise       ; second[2]                  ;
; 0.317  ; 0.535        ; 0.218          ; High Pulse Width ; push  ; Rise       ; second[3]                  ;
; 0.317  ; 0.535        ; 0.218          ; High Pulse Width ; push  ; Rise       ; second[4]                  ;
; 0.317  ; 0.535        ; 0.218          ; High Pulse Width ; push  ; Rise       ; third[0]                   ;
; 0.317  ; 0.535        ; 0.218          ; High Pulse Width ; push  ; Rise       ; third[1]                   ;
; 0.317  ; 0.535        ; 0.218          ; High Pulse Width ; push  ; Rise       ; third[2]                   ;
; 0.317  ; 0.535        ; 0.218          ; High Pulse Width ; push  ; Rise       ; third[3]                   ;
; 0.317  ; 0.535        ; 0.218          ; High Pulse Width ; push  ; Rise       ; third[4]                   ;
; 0.416  ; 0.416        ; 0.000          ; Low Pulse Width  ; push  ; Rise       ; push~input|o               ;
; 0.422  ; 0.422        ; 0.000          ; Low Pulse Width  ; push  ; Rise       ; push~inputclkctrl|inclk[0] ;
; 0.422  ; 0.422        ; 0.000          ; Low Pulse Width  ; push  ; Rise       ; push~inputclkctrl|outclk   ;
; 0.425  ; 0.425        ; 0.000          ; Low Pulse Width  ; push  ; Rise       ; character[0]|clk           ;
; 0.425  ; 0.425        ; 0.000          ; Low Pulse Width  ; push  ; Rise       ; character[1]|clk           ;
; 0.425  ; 0.425        ; 0.000          ; Low Pulse Width  ; push  ; Rise       ; character[2]|clk           ;
; 0.425  ; 0.425        ; 0.000          ; Low Pulse Width  ; push  ; Rise       ; character[3]|clk           ;
; 0.425  ; 0.425        ; 0.000          ; Low Pulse Width  ; push  ; Rise       ; first[0]|clk               ;
; 0.425  ; 0.425        ; 0.000          ; Low Pulse Width  ; push  ; Rise       ; first[1]|clk               ;
; 0.425  ; 0.425        ; 0.000          ; Low Pulse Width  ; push  ; Rise       ; first[2]|clk               ;
; 0.425  ; 0.425        ; 0.000          ; Low Pulse Width  ; push  ; Rise       ; first[3]|clk               ;
; 0.425  ; 0.425        ; 0.000          ; Low Pulse Width  ; push  ; Rise       ; first[4]|clk               ;
; 0.425  ; 0.425        ; 0.000          ; Low Pulse Width  ; push  ; Rise       ; fourth[0]|clk              ;
; 0.425  ; 0.425        ; 0.000          ; Low Pulse Width  ; push  ; Rise       ; fourth[1]|clk              ;
; 0.425  ; 0.425        ; 0.000          ; Low Pulse Width  ; push  ; Rise       ; fourth[2]|clk              ;
; 0.425  ; 0.425        ; 0.000          ; Low Pulse Width  ; push  ; Rise       ; fourth[3]|clk              ;
; 0.425  ; 0.425        ; 0.000          ; Low Pulse Width  ; push  ; Rise       ; fourth[4]|clk              ;
; 0.425  ; 0.425        ; 0.000          ; Low Pulse Width  ; push  ; Rise       ; second[0]|clk              ;
; 0.425  ; 0.425        ; 0.000          ; Low Pulse Width  ; push  ; Rise       ; second[1]|clk              ;
; 0.425  ; 0.425        ; 0.000          ; Low Pulse Width  ; push  ; Rise       ; second[2]|clk              ;
; 0.425  ; 0.425        ; 0.000          ; Low Pulse Width  ; push  ; Rise       ; second[3]|clk              ;
; 0.425  ; 0.425        ; 0.000          ; Low Pulse Width  ; push  ; Rise       ; second[4]|clk              ;
; 0.425  ; 0.425        ; 0.000          ; Low Pulse Width  ; push  ; Rise       ; third[0]|clk               ;
; 0.425  ; 0.425        ; 0.000          ; Low Pulse Width  ; push  ; Rise       ; third[1]|clk               ;
; 0.425  ; 0.425        ; 0.000          ; Low Pulse Width  ; push  ; Rise       ; third[2]|clk               ;
; 0.425  ; 0.425        ; 0.000          ; Low Pulse Width  ; push  ; Rise       ; third[3]|clk               ;
; 0.425  ; 0.425        ; 0.000          ; Low Pulse Width  ; push  ; Rise       ; third[4]|clk               ;
+--------+--------------+----------------+------------------+-------+------------+----------------------------+


+------------------------------------------------------------------------------------------------------------+
; Slow 1200mV 0C Model Minimum Pulse Width: 'clk'                                                            ;
+--------+--------------+----------------+------------------+-------+------------+---------------------------+
; Slack  ; Actual Width ; Required Width ; Type             ; Clock ; Clock Edge ; Target                    ;
+--------+--------------+----------------+------------------+-------+------------+---------------------------+
; -3.000 ; 1.000        ; 4.000          ; Port Rate        ; clk   ; Rise       ; clk                       ;
; -1.285 ; 1.000        ; 2.285          ; Min Period       ; clk   ; Rise       ; y[0]                      ;
; -1.285 ; 1.000        ; 2.285          ; Min Period       ; clk   ; Rise       ; y[1]                      ;
; -1.285 ; 1.000        ; 2.285          ; Min Period       ; clk   ; Rise       ; y[2]                      ;
; -1.285 ; 1.000        ; 2.285          ; Min Period       ; clk   ; Rise       ; y[3]                      ;
; 0.277  ; 0.463        ; 0.186          ; Low Pulse Width  ; clk   ; Rise       ; y[0]                      ;
; 0.277  ; 0.463        ; 0.186          ; Low Pulse Width  ; clk   ; Rise       ; y[1]                      ;
; 0.277  ; 0.463        ; 0.186          ; Low Pulse Width  ; clk   ; Rise       ; y[2]                      ;
; 0.277  ; 0.463        ; 0.186          ; Low Pulse Width  ; clk   ; Rise       ; y[3]                      ;
; 0.317  ; 0.535        ; 0.218          ; High Pulse Width ; clk   ; Rise       ; y[0]                      ;
; 0.317  ; 0.535        ; 0.218          ; High Pulse Width ; clk   ; Rise       ; y[1]                      ;
; 0.317  ; 0.535        ; 0.218          ; High Pulse Width ; clk   ; Rise       ; y[2]                      ;
; 0.317  ; 0.535        ; 0.218          ; High Pulse Width ; clk   ; Rise       ; y[3]                      ;
; 0.416  ; 0.416        ; 0.000          ; Low Pulse Width  ; clk   ; Rise       ; clk~input|o               ;
; 0.422  ; 0.422        ; 0.000          ; Low Pulse Width  ; clk   ; Rise       ; clk~inputclkctrl|inclk[0] ;
; 0.422  ; 0.422        ; 0.000          ; Low Pulse Width  ; clk   ; Rise       ; clk~inputclkctrl|outclk   ;
; 0.425  ; 0.425        ; 0.000          ; Low Pulse Width  ; clk   ; Rise       ; y[0]|clk                  ;
; 0.425  ; 0.425        ; 0.000          ; Low Pulse Width  ; clk   ; Rise       ; y[1]|clk                  ;
; 0.425  ; 0.425        ; 0.000          ; Low Pulse Width  ; clk   ; Rise       ; y[2]|clk                  ;
; 0.425  ; 0.425        ; 0.000          ; Low Pulse Width  ; clk   ; Rise       ; y[3]|clk                  ;
; 0.500  ; 0.500        ; 0.000          ; High Pulse Width ; clk   ; Rise       ; clk~input|i               ;
; 0.500  ; 0.500        ; 0.000          ; Low Pulse Width  ; clk   ; Rise       ; clk~input|i               ;
; 0.575  ; 0.575        ; 0.000          ; High Pulse Width ; clk   ; Rise       ; y[0]|clk                  ;
; 0.575  ; 0.575        ; 0.000          ; High Pulse Width ; clk   ; Rise       ; y[1]|clk                  ;
; 0.575  ; 0.575        ; 0.000          ; High Pulse Width ; clk   ; Rise       ; y[2]|clk                  ;
; 0.575  ; 0.575        ; 0.000          ; High Pulse Width ; clk   ; Rise       ; y[3]|clk                  ;
; 0.578  ; 0.578        ; 0.000          ; High Pulse Width ; clk   ; Rise       ; clk~inputclkctrl|inclk[0] ;
; 0.578  ; 0.578        ; 0.000          ; High Pulse Width ; clk   ; Rise       ; clk~inputclkctrl|outclk   ;
; 0.584  ; 0.584        ; 0.000          ; High Pulse Width ; clk   ; Rise       ; clk~input|o               ;
+--------+--------------+----------------+------------------+-------+------------+---------------------------+


+--------------------------------------------------------------------------+
; Clock to Output Times                                                    ;
+--------------+------------+-------+-------+------------+-----------------+
; Data Port    ; Clock Port ; Rise  ; Fall  ; Clock Edge ; Clock Reference ;
+--------------+------------+-------+-------+------------+-----------------+
; segment1[*]  ; push       ; 8.609 ; 8.492 ; Rise       ; push            ;
;  segment1[0] ; push       ; 7.493 ; 7.405 ; Rise       ; push            ;
;  segment1[1] ; push       ; 8.513 ; 8.436 ; Rise       ; push            ;
;  segment1[2] ; push       ; 8.340 ; 8.261 ; Rise       ; push            ;
;  segment1[3] ; push       ; 8.080 ; 7.993 ; Rise       ; push            ;
;  segment1[4] ; push       ; 8.609 ; 8.492 ; Rise       ; push            ;
;  segment1[5] ; push       ; 8.262 ; 8.130 ; Rise       ; push            ;
;  segment1[6] ; push       ; 7.983 ; 7.875 ; Rise       ; push            ;
; segment2[*]  ; push       ; 8.731 ; 8.635 ; Rise       ; push            ;
;  segment2[0] ; push       ; 8.527 ; 8.415 ; Rise       ; push            ;
;  segment2[1] ; push       ; 8.398 ; 8.296 ; Rise       ; push            ;
;  segment2[2] ; push       ; 8.220 ; 8.208 ; Rise       ; push            ;
;  segment2[3] ; push       ; 8.312 ; 8.254 ; Rise       ; push            ;
;  segment2[4] ; push       ; 8.164 ; 8.072 ; Rise       ; push            ;
;  segment2[5] ; push       ; 8.731 ; 8.635 ; Rise       ; push            ;
;  segment2[6] ; push       ; 8.064 ; 7.950 ; Rise       ; push            ;
; segment3[*]  ; push       ; 8.652 ; 8.596 ; Rise       ; push            ;
;  segment3[0] ; push       ; 7.948 ; 7.820 ; Rise       ; push            ;
;  segment3[1] ; push       ; 8.258 ; 8.115 ; Rise       ; push            ;
;  segment3[2] ; push       ; 7.572 ; 7.536 ; Rise       ; push            ;
;  segment3[3] ; push       ; 8.473 ; 8.295 ; Rise       ; push            ;
;  segment3[4] ; push       ; 8.652 ; 8.596 ; Rise       ; push            ;
;  segment3[5] ; push       ; 7.674 ; 7.618 ; Rise       ; push            ;
;  segment3[6] ; push       ; 8.180 ; 8.022 ; Rise       ; push            ;
; segment4[*]  ; push       ; 8.154 ; 8.024 ; Rise       ; push            ;
;  segment4[0] ; push       ; 8.035 ; 7.947 ; Rise       ; push            ;
;  segment4[1] ; push       ; 8.060 ; 7.944 ; Rise       ; push            ;
;  segment4[2] ; push       ; 8.067 ; 7.975 ; Rise       ; push            ;
;  segment4[3] ; push       ; 8.026 ; 7.925 ; Rise       ; push            ;
;  segment4[4] ; push       ; 7.791 ; 7.726 ; Rise       ; push            ;
;  segment4[5] ; push       ; 8.154 ; 8.024 ; Rise       ; push            ;
;  segment4[6] ; push       ; 7.631 ; 7.508 ; Rise       ; push            ;
+--------------+------------+-------+-------+------------+-----------------+


+--------------------------------------------------------------------------+
; Minimum Clock to Output Times                                            ;
+--------------+------------+-------+-------+------------+-----------------+
; Data Port    ; Clock Port ; Rise  ; Fall  ; Clock Edge ; Clock Reference ;
+--------------+------------+-------+-------+------------+-----------------+
; segment1[*]  ; push       ; 6.557 ; 6.459 ; Rise       ; push            ;
;  segment1[0] ; push       ; 6.557 ; 6.459 ; Rise       ; push            ;
;  segment1[1] ; push       ; 6.999 ; 6.888 ; Rise       ; push            ;
;  segment1[2] ; push       ; 7.066 ; 6.982 ; Rise       ; push            ;
;  segment1[3] ; push       ; 7.413 ; 7.303 ; Rise       ; push            ;
;  segment1[4] ; push       ; 7.313 ; 7.219 ; Rise       ; push            ;
;  segment1[5] ; push       ; 6.745 ; 6.646 ; Rise       ; push            ;
;  segment1[6] ; push       ; 6.715 ; 6.632 ; Rise       ; push            ;
; segment2[*]  ; push       ; 7.020 ; 6.910 ; Rise       ; push            ;
;  segment2[0] ; push       ; 7.020 ; 6.910 ; Rise       ; push            ;
;  segment2[1] ; push       ; 7.029 ; 6.919 ; Rise       ; push            ;
;  segment2[2] ; push       ; 7.236 ; 7.164 ; Rise       ; push            ;
;  segment2[3] ; push       ; 7.322 ; 7.277 ; Rise       ; push            ;
;  segment2[4] ; push       ; 7.254 ; 7.144 ; Rise       ; push            ;
;  segment2[5] ; push       ; 7.290 ; 7.154 ; Rise       ; push            ;
;  segment2[6] ; push       ; 7.192 ; 7.119 ; Rise       ; push            ;
; segment3[*]  ; push       ; 6.753 ; 6.612 ; Rise       ; push            ;
;  segment3[0] ; push       ; 6.906 ; 6.818 ; Rise       ; push            ;
;  segment3[1] ; push       ; 6.939 ; 6.847 ; Rise       ; push            ;
;  segment3[2] ; push       ; 6.753 ; 6.612 ; Rise       ; push            ;
;  segment3[3] ; push       ; 7.173 ; 7.041 ; Rise       ; push            ;
;  segment3[4] ; push       ; 7.883 ; 7.860 ; Rise       ; push            ;
;  segment3[5] ; push       ; 6.796 ; 6.665 ; Rise       ; push            ;
;  segment3[6] ; push       ; 7.123 ; 7.002 ; Rise       ; push            ;
; segment4[*]  ; push       ; 6.661 ; 6.556 ; Rise       ; push            ;
;  segment4[0] ; push       ; 6.918 ; 6.785 ; Rise       ; push            ;
;  segment4[1] ; push       ; 6.661 ; 6.556 ; Rise       ; push            ;
;  segment4[2] ; push       ; 6.726 ; 6.644 ; Rise       ; push            ;
;  segment4[3] ; push       ; 7.058 ; 6.918 ; Rise       ; push            ;
;  segment4[4] ; push       ; 6.687 ; 6.566 ; Rise       ; push            ;
;  segment4[5] ; push       ; 6.702 ; 6.589 ; Rise       ; push            ;
;  segment4[6] ; push       ; 6.797 ; 6.710 ; Rise       ; push            ;
+--------------+------------+-------+-------+------------+-----------------+


---------------------------------------------
; Slow 1200mV 0C Model Metastability Report ;
---------------------------------------------
No synchronizer chains to report.


+------------------------------------+
; Fast 1200mV 0C Model Setup Summary ;
+-------+-------+--------------------+
; Clock ; Slack ; End Point TNS      ;
+-------+-------+--------------------+
; push  ; 0.190 ; 0.000              ;
; clk   ; 0.479 ; 0.000              ;
+-------+-------+--------------------+


+-----------------------------------+
; Fast 1200mV 0C Model Hold Summary ;
+-------+-------+-------------------+
; Clock ; Slack ; End Point TNS     ;
+-------+-------+-------------------+
; push  ; 0.123 ; 0.000             ;
; clk   ; 0.197 ; 0.000             ;
+-------+-------+-------------------+


-----------------------------------------
; Fast 1200mV 0C Model Recovery Summary ;
-----------------------------------------
No paths to report.


----------------------------------------
; Fast 1200mV 0C Model Removal Summary ;
----------------------------------------
No paths to report.


+--------------------------------------------------+
; Fast 1200mV 0C Model Minimum Pulse Width Summary ;
+-------+--------+---------------------------------+
; Clock ; Slack  ; End Point TNS                   ;
+-------+--------+---------------------------------+
; push  ; -3.000 ; -28.464                         ;
; clk   ; -3.000 ; -7.245                          ;
+-------+--------+---------------------------------+


+-----------------------------------------------------------------------------------------------------------+
; Fast 1200mV 0C Model Setup: 'push'                                                                        ;
+-------+--------------+--------------+--------------+-------------+--------------+------------+------------+
; Slack ; From Node    ; To Node      ; Launch Clock ; Latch Clock ; Relationship ; Clock Skew ; Data Delay ;
+-------+--------------+--------------+--------------+-------------+--------------+------------+------------+
; 0.190 ; character[1] ; second[0]    ; push         ; push        ; 1.000        ; -0.043     ; 0.754      ;
; 0.191 ; character[1] ; second[4]    ; push         ; push        ; 1.000        ; -0.043     ; 0.753      ;
; 0.191 ; character[1] ; fourth[2]    ; push         ; push        ; 1.000        ; -0.043     ; 0.753      ;
; 0.200 ; character[1] ; third[2]     ; push         ; push        ; 1.000        ; -0.043     ; 0.744      ;
; 0.202 ; character[1] ; third[3]     ; push         ; push        ; 1.000        ; -0.043     ; 0.742      ;
; 0.203 ; character[3] ; fourth[0]    ; push         ; push        ; 1.000        ; -0.043     ; 0.741      ;
; 0.204 ; character[3] ; second[2]    ; push         ; push        ; 1.000        ; -0.043     ; 0.740      ;
; 0.205 ; character[3] ; third[1]     ; push         ; push        ; 1.000        ; -0.043     ; 0.739      ;
; 0.205 ; character[3] ; fourth[4]    ; push         ; push        ; 1.000        ; -0.043     ; 0.739      ;
; 0.207 ; character[3] ; third[3]     ; push         ; push        ; 1.000        ; -0.043     ; 0.737      ;
; 0.208 ; character[1] ; second[3]    ; push         ; push        ; 1.000        ; -0.043     ; 0.736      ;
; 0.208 ; character[3] ; second[3]    ; push         ; push        ; 1.000        ; -0.043     ; 0.736      ;
; 0.209 ; character[3] ; fourth[1]    ; push         ; push        ; 1.000        ; -0.043     ; 0.735      ;
; 0.211 ; character[3] ; first[4]     ; push         ; push        ; 1.000        ; -0.043     ; 0.733      ;
; 0.212 ; character[1] ; fourth[4]    ; push         ; push        ; 1.000        ; -0.043     ; 0.732      ;
; 0.213 ; character[1] ; fourth[3]    ; push         ; push        ; 1.000        ; -0.043     ; 0.731      ;
; 0.213 ; character[3] ; second[0]    ; push         ; push        ; 1.000        ; -0.043     ; 0.731      ;
; 0.214 ; character[1] ; second[2]    ; push         ; push        ; 1.000        ; -0.043     ; 0.730      ;
; 0.214 ; character[3] ; third[2]     ; push         ; push        ; 1.000        ; -0.043     ; 0.730      ;
; 0.215 ; character[3] ; fourth[3]    ; push         ; push        ; 1.000        ; -0.043     ; 0.729      ;
; 0.216 ; character[3] ; first[1]     ; push         ; push        ; 1.000        ; -0.043     ; 0.728      ;
; 0.216 ; character[3] ; fourth[2]    ; push         ; push        ; 1.000        ; -0.043     ; 0.728      ;
; 0.218 ; character[1] ; first[4]     ; push         ; push        ; 1.000        ; -0.043     ; 0.726      ;
; 0.219 ; character[1] ; third[1]     ; push         ; push        ; 1.000        ; -0.043     ; 0.725      ;
; 0.220 ; character[0] ; first[1]     ; push         ; push        ; 1.000        ; -0.043     ; 0.724      ;
; 0.224 ; character[0] ; fourth[1]    ; push         ; push        ; 1.000        ; -0.043     ; 0.720      ;
; 0.229 ; character[0] ; fourth[0]    ; push         ; push        ; 1.000        ; -0.043     ; 0.715      ;
; 0.238 ; character[3] ; second[4]    ; push         ; push        ; 1.000        ; -0.043     ; 0.706      ;
; 0.299 ; character[2] ; fourth[3]    ; push         ; push        ; 1.000        ; -0.042     ; 0.646      ;
; 0.299 ; character[2] ; first[1]     ; push         ; push        ; 1.000        ; -0.042     ; 0.646      ;
; 0.301 ; character[2] ; third[2]     ; push         ; push        ; 1.000        ; -0.042     ; 0.644      ;
; 0.307 ; character[2] ; second[3]    ; push         ; push        ; 1.000        ; -0.042     ; 0.638      ;
; 0.308 ; character[2] ; third[3]     ; push         ; push        ; 1.000        ; -0.042     ; 0.637      ;
; 0.309 ; character[2] ; fourth[0]    ; push         ; push        ; 1.000        ; -0.042     ; 0.636      ;
; 0.309 ; character[2] ; second[2]    ; push         ; push        ; 1.000        ; -0.042     ; 0.636      ;
; 0.314 ; character[2] ; second[0]    ; push         ; push        ; 1.000        ; -0.042     ; 0.631      ;
; 0.315 ; character[2] ; second[4]    ; push         ; push        ; 1.000        ; -0.042     ; 0.630      ;
; 0.317 ; character[2] ; third[1]     ; push         ; push        ; 1.000        ; -0.042     ; 0.628      ;
; 0.318 ; character[2] ; fourth[1]    ; push         ; push        ; 1.000        ; -0.042     ; 0.627      ;
; 0.322 ; character[2] ; fourth[4]    ; push         ; push        ; 1.000        ; -0.042     ; 0.623      ;
; 0.330 ; character[2] ; first[4]     ; push         ; push        ; 1.000        ; -0.042     ; 0.615      ;
; 0.349 ; character[2] ; fourth[2]    ; push         ; push        ; 1.000        ; -0.042     ; 0.596      ;
; 0.357 ; character[1] ; third[0]     ; push         ; push        ; 1.000        ; -0.042     ; 0.588      ;
; 0.358 ; character[1] ; first[3]     ; push         ; push        ; 1.000        ; -0.042     ; 0.587      ;
; 0.360 ; character[3] ; first[0]     ; push         ; push        ; 1.000        ; -0.042     ; 0.585      ;
; 0.360 ; character[3] ; first[2]     ; push         ; push        ; 1.000        ; -0.042     ; 0.585      ;
; 0.363 ; character[3] ; first[3]     ; push         ; push        ; 1.000        ; -0.042     ; 0.582      ;
; 0.364 ; character[3] ; third[0]     ; push         ; push        ; 1.000        ; -0.042     ; 0.581      ;
; 0.365 ; character[1] ; first[1]     ; push         ; push        ; 1.000        ; -0.043     ; 0.579      ;
; 0.367 ; character[1] ; first[2]     ; push         ; push        ; 1.000        ; -0.042     ; 0.578      ;
; 0.367 ; character[3] ; third[4]     ; push         ; push        ; 1.000        ; -0.042     ; 0.578      ;
; 0.368 ; character[1] ; third[4]     ; push         ; push        ; 1.000        ; -0.042     ; 0.577      ;
; 0.372 ; character[1] ; fourth[1]    ; push         ; push        ; 1.000        ; -0.043     ; 0.572      ;
; 0.373 ; character[0] ; second[1]    ; push         ; push        ; 1.000        ; -0.042     ; 0.572      ;
; 0.373 ; character[0] ; first[2]     ; push         ; push        ; 1.000        ; -0.042     ; 0.572      ;
; 0.374 ; character[0] ; third[4]     ; push         ; push        ; 1.000        ; -0.042     ; 0.571      ;
; 0.379 ; character[1] ; fourth[0]    ; push         ; push        ; 1.000        ; -0.043     ; 0.565      ;
; 0.379 ; character[0] ; first[3]     ; push         ; push        ; 1.000        ; -0.042     ; 0.566      ;
; 0.379 ; character[0] ; third[0]     ; push         ; push        ; 1.000        ; -0.042     ; 0.566      ;
; 0.382 ; character[1] ; second[1]    ; push         ; push        ; 1.000        ; -0.042     ; 0.563      ;
; 0.389 ; character[0] ; fourth[2]    ; push         ; push        ; 1.000        ; -0.043     ; 0.555      ;
; 0.390 ; character[0] ; fourth[3]    ; push         ; push        ; 1.000        ; -0.043     ; 0.554      ;
; 0.391 ; character[0] ; second[0]    ; push         ; push        ; 1.000        ; -0.043     ; 0.553      ;
; 0.391 ; character[0] ; third[2]     ; push         ; push        ; 1.000        ; -0.043     ; 0.553      ;
; 0.392 ; character[0] ; second[4]    ; push         ; push        ; 1.000        ; -0.043     ; 0.552      ;
; 0.394 ; character[0] ; first[4]     ; push         ; push        ; 1.000        ; -0.043     ; 0.550      ;
; 0.396 ; character[0] ; second[3]    ; push         ; push        ; 1.000        ; -0.043     ; 0.548      ;
; 0.397 ; character[0] ; third[3]     ; push         ; push        ; 1.000        ; -0.043     ; 0.547      ;
; 0.399 ; character[0] ; third[1]     ; push         ; push        ; 1.000        ; -0.043     ; 0.545      ;
; 0.399 ; character[0] ; fourth[4]    ; push         ; push        ; 1.000        ; -0.043     ; 0.545      ;
; 0.400 ; character[0] ; second[2]    ; push         ; push        ; 1.000        ; -0.043     ; 0.544      ;
; 0.404 ; character[3] ; second[1]    ; push         ; push        ; 1.000        ; -0.042     ; 0.541      ;
; 0.450 ; character[1] ; first[0]     ; push         ; push        ; 1.000        ; -0.042     ; 0.495      ;
; 0.464 ; character[2] ; first[2]     ; push         ; push        ; 1.000        ; -0.041     ; 0.482      ;
; 0.465 ; character[2] ; third[4]     ; push         ; push        ; 1.000        ; -0.041     ; 0.481      ;
; 0.465 ; character[2] ; second[1]    ; push         ; push        ; 1.000        ; -0.041     ; 0.481      ;
; 0.467 ; character[2] ; first[3]     ; push         ; push        ; 1.000        ; -0.041     ; 0.479      ;
; 0.467 ; character[2] ; third[0]     ; push         ; push        ; 1.000        ; -0.041     ; 0.479      ;
; 0.491 ; y[0]         ; character[0] ; clk          ; push        ; 1.000        ; -0.050     ; 0.426      ;
; 0.532 ; y[3]         ; character[3] ; clk          ; push        ; 1.000        ; -0.050     ; 0.385      ;
; 0.533 ; y[2]         ; character[2] ; clk          ; push        ; 1.000        ; -0.049     ; 0.385      ;
; 0.534 ; y[1]         ; character[1] ; clk          ; push        ; 1.000        ; -0.050     ; 0.383      ;
; 0.559 ; character[0] ; first[0]     ; push         ; push        ; 1.000        ; -0.042     ; 0.386      ;
+-------+--------------+--------------+--------------+-------------+--------------+------------+------------+


+---------------------------------------------------------------------------------------------------+
; Fast 1200mV 0C Model Setup: 'clk'                                                                 ;
+-------+-----------+---------+--------------+-------------+--------------+------------+------------+
; Slack ; From Node ; To Node ; Launch Clock ; Latch Clock ; Relationship ; Clock Skew ; Data Delay ;
+-------+-----------+---------+--------------+-------------+--------------+------------+------------+
; 0.479 ; y[3]      ; y[2]    ; clk          ; clk         ; 1.000        ; -0.043     ; 0.465      ;
; 0.487 ; y[2]      ; y[1]    ; clk          ; clk         ; 1.000        ; -0.040     ; 0.460      ;
; 0.490 ; y[0]      ; y[3]    ; clk          ; clk         ; 1.000        ; -0.042     ; 0.455      ;
; 0.559 ; y[1]      ; y[3]    ; clk          ; clk         ; 1.000        ; -0.042     ; 0.386      ;
; 0.566 ; y[1]      ; y[0]    ; clk          ; clk         ; 1.000        ; -0.042     ; 0.379      ;
+-------+-----------+---------+--------------+-------------+--------------+------------+------------+


+-----------------------------------------------------------------------------------------------------------+
; Fast 1200mV 0C Model Hold: 'push'                                                                         ;
+-------+--------------+--------------+--------------+-------------+--------------+------------+------------+
; Slack ; From Node    ; To Node      ; Launch Clock ; Latch Clock ; Relationship ; Clock Skew ; Data Delay ;
+-------+--------------+--------------+--------------+-------------+--------------+------------+------------+
; 0.123 ; y[1]         ; character[1] ; clk          ; push        ; 0.000        ; 0.074      ; 0.321      ;
; 0.127 ; y[3]         ; character[3] ; clk          ; push        ; 0.000        ; 0.074      ; 0.325      ;
; 0.128 ; y[2]         ; character[2] ; clk          ; push        ; 0.000        ; 0.074      ; 0.326      ;
; 0.178 ; y[0]         ; character[0] ; clk          ; push        ; 0.000        ; 0.074      ; 0.376      ;
; 0.200 ; character[0] ; first[0]     ; push         ; push        ; 0.000        ; 0.042      ; 0.326      ;
; 0.280 ; character[2] ; first[3]     ; push         ; push        ; 0.000        ; 0.043      ; 0.407      ;
; 0.280 ; character[2] ; third[0]     ; push         ; push        ; 0.000        ; 0.043      ; 0.407      ;
; 0.282 ; character[2] ; second[1]    ; push         ; push        ; 0.000        ; 0.043      ; 0.409      ;
; 0.282 ; character[2] ; third[4]     ; push         ; push        ; 0.000        ; 0.043      ; 0.409      ;
; 0.282 ; character[1] ; first[0]     ; push         ; push        ; 0.000        ; 0.042      ; 0.408      ;
; 0.283 ; character[2] ; first[2]     ; push         ; push        ; 0.000        ; 0.043      ; 0.410      ;
; 0.326 ; character[1] ; fourth[0]    ; push         ; push        ; 0.000        ; 0.041      ; 0.451      ;
; 0.328 ; character[0] ; second[2]    ; push         ; push        ; 0.000        ; 0.041      ; 0.453      ;
; 0.328 ; character[0] ; fourth[4]    ; push         ; push        ; 0.000        ; 0.041      ; 0.453      ;
; 0.329 ; character[0] ; third[1]     ; push         ; push        ; 0.000        ; 0.041      ; 0.454      ;
; 0.330 ; character[0] ; third[3]     ; push         ; push        ; 0.000        ; 0.041      ; 0.455      ;
; 0.331 ; character[0] ; second[3]    ; push         ; push        ; 0.000        ; 0.041      ; 0.456      ;
; 0.331 ; character[1] ; fourth[1]    ; push         ; push        ; 0.000        ; 0.041      ; 0.456      ;
; 0.333 ; character[0] ; first[4]     ; push         ; push        ; 0.000        ; 0.041      ; 0.458      ;
; 0.333 ; character[3] ; second[1]    ; push         ; push        ; 0.000        ; 0.042      ; 0.459      ;
; 0.333 ; character[3] ; first[2]     ; push         ; push        ; 0.000        ; 0.042      ; 0.459      ;
; 0.335 ; character[0] ; second[0]    ; push         ; push        ; 0.000        ; 0.041      ; 0.460      ;
; 0.335 ; character[0] ; second[4]    ; push         ; push        ; 0.000        ; 0.041      ; 0.460      ;
; 0.336 ; character[0] ; third[2]     ; push         ; push        ; 0.000        ; 0.041      ; 0.461      ;
; 0.336 ; character[1] ; first[2]     ; push         ; push        ; 0.000        ; 0.042      ; 0.462      ;
; 0.337 ; character[0] ; fourth[3]    ; push         ; push        ; 0.000        ; 0.041      ; 0.462      ;
; 0.337 ; character[0] ; fourth[2]    ; push         ; push        ; 0.000        ; 0.041      ; 0.462      ;
; 0.337 ; character[3] ; first[3]     ; push         ; push        ; 0.000        ; 0.042      ; 0.463      ;
; 0.337 ; character[1] ; first[3]     ; push         ; push        ; 0.000        ; 0.042      ; 0.463      ;
; 0.340 ; character[1] ; third[4]     ; push         ; push        ; 0.000        ; 0.042      ; 0.466      ;
; 0.342 ; character[1] ; first[1]     ; push         ; push        ; 0.000        ; 0.041      ; 0.467      ;
; 0.348 ; character[3] ; third[4]     ; push         ; push        ; 0.000        ; 0.042      ; 0.474      ;
; 0.349 ; character[0] ; first[3]     ; push         ; push        ; 0.000        ; 0.042      ; 0.475      ;
; 0.350 ; character[0] ; third[0]     ; push         ; push        ; 0.000        ; 0.042      ; 0.476      ;
; 0.352 ; character[0] ; second[1]    ; push         ; push        ; 0.000        ; 0.042      ; 0.478      ;
; 0.352 ; character[0] ; third[4]     ; push         ; push        ; 0.000        ; 0.042      ; 0.478      ;
; 0.353 ; character[0] ; first[2]     ; push         ; push        ; 0.000        ; 0.042      ; 0.479      ;
; 0.354 ; character[1] ; second[1]    ; push         ; push        ; 0.000        ; 0.042      ; 0.480      ;
; 0.358 ; character[2] ; fourth[4]    ; push         ; push        ; 0.000        ; 0.042      ; 0.484      ;
; 0.363 ; character[3] ; third[0]     ; push         ; push        ; 0.000        ; 0.042      ; 0.489      ;
; 0.363 ; character[2] ; second[2]    ; push         ; push        ; 0.000        ; 0.042      ; 0.489      ;
; 0.363 ; character[2] ; second[0]    ; push         ; push        ; 0.000        ; 0.042      ; 0.489      ;
; 0.365 ; character[2] ; third[1]     ; push         ; push        ; 0.000        ; 0.042      ; 0.491      ;
; 0.366 ; character[2] ; second[3]    ; push         ; push        ; 0.000        ; 0.042      ; 0.492      ;
; 0.366 ; character[2] ; fourth[1]    ; push         ; push        ; 0.000        ; 0.042      ; 0.492      ;
; 0.368 ; character[3] ; first[0]     ; push         ; push        ; 0.000        ; 0.042      ; 0.494      ;
; 0.368 ; character[2] ; fourth[0]    ; push         ; push        ; 0.000        ; 0.042      ; 0.494      ;
; 0.369 ; character[2] ; second[4]    ; push         ; push        ; 0.000        ; 0.042      ; 0.495      ;
; 0.371 ; character[2] ; third[3]     ; push         ; push        ; 0.000        ; 0.042      ; 0.497      ;
; 0.372 ; character[2] ; fourth[2]    ; push         ; push        ; 0.000        ; 0.042      ; 0.498      ;
; 0.373 ; character[1] ; third[0]     ; push         ; push        ; 0.000        ; 0.042      ; 0.499      ;
; 0.376 ; character[2] ; third[2]     ; push         ; push        ; 0.000        ; 0.042      ; 0.502      ;
; 0.382 ; character[2] ; first[4]     ; push         ; push        ; 0.000        ; 0.042      ; 0.508      ;
; 0.386 ; character[2] ; fourth[3]    ; push         ; push        ; 0.000        ; 0.042      ; 0.512      ;
; 0.391 ; character[2] ; first[1]     ; push         ; push        ; 0.000        ; 0.042      ; 0.517      ;
; 0.438 ; character[1] ; fourth[4]    ; push         ; push        ; 0.000        ; 0.041      ; 0.563      ;
; 0.440 ; character[1] ; third[3]     ; push         ; push        ; 0.000        ; 0.041      ; 0.565      ;
; 0.441 ; character[1] ; second[3]    ; push         ; push        ; 0.000        ; 0.041      ; 0.566      ;
; 0.445 ; character[1] ; second[0]    ; push         ; push        ; 0.000        ; 0.041      ; 0.570      ;
; 0.447 ; character[1] ; third[1]     ; push         ; push        ; 0.000        ; 0.041      ; 0.572      ;
; 0.448 ; character[0] ; first[1]     ; push         ; push        ; 0.000        ; 0.041      ; 0.573      ;
; 0.450 ; character[1] ; first[4]     ; push         ; push        ; 0.000        ; 0.041      ; 0.575      ;
; 0.451 ; character[0] ; fourth[0]    ; push         ; push        ; 0.000        ; 0.041      ; 0.576      ;
; 0.455 ; character[0] ; fourth[1]    ; push         ; push        ; 0.000        ; 0.041      ; 0.580      ;
; 0.456 ; character[1] ; third[2]     ; push         ; push        ; 0.000        ; 0.041      ; 0.581      ;
; 0.457 ; character[1] ; fourth[3]    ; push         ; push        ; 0.000        ; 0.041      ; 0.582      ;
; 0.458 ; character[1] ; second[2]    ; push         ; push        ; 0.000        ; 0.041      ; 0.583      ;
; 0.466 ; character[1] ; second[4]    ; push         ; push        ; 0.000        ; 0.041      ; 0.591      ;
; 0.474 ; character[1] ; fourth[2]    ; push         ; push        ; 0.000        ; 0.041      ; 0.599      ;
; 0.483 ; character[3] ; fourth[3]    ; push         ; push        ; 0.000        ; 0.041      ; 0.608      ;
; 0.483 ; character[3] ; first[1]     ; push         ; push        ; 0.000        ; 0.041      ; 0.608      ;
; 0.484 ; character[3] ; fourth[2]    ; push         ; push        ; 0.000        ; 0.041      ; 0.609      ;
; 0.484 ; character[3] ; third[2]     ; push         ; push        ; 0.000        ; 0.041      ; 0.609      ;
; 0.485 ; character[3] ; second[0]    ; push         ; push        ; 0.000        ; 0.041      ; 0.610      ;
; 0.485 ; character[3] ; second[4]    ; push         ; push        ; 0.000        ; 0.041      ; 0.610      ;
; 0.488 ; character[3] ; first[4]     ; push         ; push        ; 0.000        ; 0.041      ; 0.613      ;
; 0.489 ; character[3] ; second[3]    ; push         ; push        ; 0.000        ; 0.041      ; 0.614      ;
; 0.489 ; character[3] ; fourth[1]    ; push         ; push        ; 0.000        ; 0.041      ; 0.614      ;
; 0.490 ; character[3] ; third[3]     ; push         ; push        ; 0.000        ; 0.041      ; 0.615      ;
; 0.492 ; character[3] ; third[1]     ; push         ; push        ; 0.000        ; 0.041      ; 0.617      ;
; 0.493 ; character[3] ; fourth[4]    ; push         ; push        ; 0.000        ; 0.041      ; 0.618      ;
; 0.493 ; character[3] ; fourth[0]    ; push         ; push        ; 0.000        ; 0.041      ; 0.618      ;
; 0.493 ; character[3] ; second[2]    ; push         ; push        ; 0.000        ; 0.041      ; 0.618      ;
+-------+--------------+--------------+--------------+-------------+--------------+------------+------------+


+---------------------------------------------------------------------------------------------------+
; Fast 1200mV 0C Model Hold: 'clk'                                                                  ;
+-------+-----------+---------+--------------+-------------+--------------+------------+------------+
; Slack ; From Node ; To Node ; Launch Clock ; Latch Clock ; Relationship ; Clock Skew ; Data Delay ;
+-------+-----------+---------+--------------+-------------+--------------+------------+------------+
; 0.197 ; y[1]      ; y[3]    ; clk          ; clk         ; 0.000        ; 0.042      ; 0.323      ;
; 0.199 ; y[1]      ; y[0]    ; clk          ; clk         ; 0.000        ; 0.042      ; 0.325      ;
; 0.252 ; y[0]      ; y[3]    ; clk          ; clk         ; 0.000        ; 0.042      ; 0.378      ;
; 0.265 ; y[2]      ; y[1]    ; clk          ; clk         ; 0.000        ; 0.043      ; 0.392      ;
; 0.270 ; y[3]      ; y[2]    ; clk          ; clk         ; 0.000        ; 0.040      ; 0.394      ;
+-------+-----------+---------+--------------+-------------+--------------+------------+------------+


+-------------------------------------------------------------------------------------------------------------+
; Fast 1200mV 0C Model Minimum Pulse Width: 'push'                                                            ;
+--------+--------------+----------------+------------------+-------+------------+----------------------------+
; Slack  ; Actual Width ; Required Width ; Type             ; Clock ; Clock Edge ; Target                     ;
+--------+--------------+----------------+------------------+-------+------------+----------------------------+
; -3.000 ; 1.000        ; 4.000          ; Port Rate        ; push  ; Rise       ; push                       ;
; -1.000 ; 1.000        ; 2.000          ; Min Period       ; push  ; Rise       ; character[0]               ;
; -1.000 ; 1.000        ; 2.000          ; Min Period       ; push  ; Rise       ; character[1]               ;
; -1.000 ; 1.000        ; 2.000          ; Min Period       ; push  ; Rise       ; character[2]               ;
; -1.000 ; 1.000        ; 2.000          ; Min Period       ; push  ; Rise       ; character[3]               ;
; -1.000 ; 1.000        ; 2.000          ; Min Period       ; push  ; Rise       ; first[0]                   ;
; -1.000 ; 1.000        ; 2.000          ; Min Period       ; push  ; Rise       ; first[1]                   ;
; -1.000 ; 1.000        ; 2.000          ; Min Period       ; push  ; Rise       ; first[2]                   ;
; -1.000 ; 1.000        ; 2.000          ; Min Period       ; push  ; Rise       ; first[3]                   ;
; -1.000 ; 1.000        ; 2.000          ; Min Period       ; push  ; Rise       ; first[4]                   ;
; -1.000 ; 1.000        ; 2.000          ; Min Period       ; push  ; Rise       ; fourth[0]                  ;
; -1.000 ; 1.000        ; 2.000          ; Min Period       ; push  ; Rise       ; fourth[1]                  ;
; -1.000 ; 1.000        ; 2.000          ; Min Period       ; push  ; Rise       ; fourth[2]                  ;
; -1.000 ; 1.000        ; 2.000          ; Min Period       ; push  ; Rise       ; fourth[3]                  ;
; -1.000 ; 1.000        ; 2.000          ; Min Period       ; push  ; Rise       ; fourth[4]                  ;
; -1.000 ; 1.000        ; 2.000          ; Min Period       ; push  ; Rise       ; second[0]                  ;
; -1.000 ; 1.000        ; 2.000          ; Min Period       ; push  ; Rise       ; second[1]                  ;
; -1.000 ; 1.000        ; 2.000          ; Min Period       ; push  ; Rise       ; second[2]                  ;
; -1.000 ; 1.000        ; 2.000          ; Min Period       ; push  ; Rise       ; second[3]                  ;
; -1.000 ; 1.000        ; 2.000          ; Min Period       ; push  ; Rise       ; second[4]                  ;
; -1.000 ; 1.000        ; 2.000          ; Min Period       ; push  ; Rise       ; third[0]                   ;
; -1.000 ; 1.000        ; 2.000          ; Min Period       ; push  ; Rise       ; third[1]                   ;
; -1.000 ; 1.000        ; 2.000          ; Min Period       ; push  ; Rise       ; third[2]                   ;
; -1.000 ; 1.000        ; 2.000          ; Min Period       ; push  ; Rise       ; third[3]                   ;
; -1.000 ; 1.000        ; 2.000          ; Min Period       ; push  ; Rise       ; third[4]                   ;
; -0.061 ; 0.123        ; 0.184          ; Low Pulse Width  ; push  ; Rise       ; character[0]               ;
; -0.061 ; 0.123        ; 0.184          ; Low Pulse Width  ; push  ; Rise       ; character[1]               ;
; -0.061 ; 0.123        ; 0.184          ; Low Pulse Width  ; push  ; Rise       ; character[2]               ;
; -0.061 ; 0.123        ; 0.184          ; Low Pulse Width  ; push  ; Rise       ; character[3]               ;
; -0.061 ; 0.123        ; 0.184          ; Low Pulse Width  ; push  ; Rise       ; first[0]                   ;
; -0.061 ; 0.123        ; 0.184          ; Low Pulse Width  ; push  ; Rise       ; first[1]                   ;
; -0.061 ; 0.123        ; 0.184          ; Low Pulse Width  ; push  ; Rise       ; first[2]                   ;
; -0.061 ; 0.123        ; 0.184          ; Low Pulse Width  ; push  ; Rise       ; first[3]                   ;
; -0.061 ; 0.123        ; 0.184          ; Low Pulse Width  ; push  ; Rise       ; first[4]                   ;
; -0.061 ; 0.123        ; 0.184          ; Low Pulse Width  ; push  ; Rise       ; fourth[0]                  ;
; -0.061 ; 0.123        ; 0.184          ; Low Pulse Width  ; push  ; Rise       ; fourth[1]                  ;
; -0.061 ; 0.123        ; 0.184          ; Low Pulse Width  ; push  ; Rise       ; fourth[2]                  ;
; -0.061 ; 0.123        ; 0.184          ; Low Pulse Width  ; push  ; Rise       ; fourth[3]                  ;
; -0.061 ; 0.123        ; 0.184          ; Low Pulse Width  ; push  ; Rise       ; fourth[4]                  ;
; -0.061 ; 0.123        ; 0.184          ; Low Pulse Width  ; push  ; Rise       ; second[0]                  ;
; -0.061 ; 0.123        ; 0.184          ; Low Pulse Width  ; push  ; Rise       ; second[1]                  ;
; -0.061 ; 0.123        ; 0.184          ; Low Pulse Width  ; push  ; Rise       ; second[2]                  ;
; -0.061 ; 0.123        ; 0.184          ; Low Pulse Width  ; push  ; Rise       ; second[3]                  ;
; -0.061 ; 0.123        ; 0.184          ; Low Pulse Width  ; push  ; Rise       ; second[4]                  ;
; -0.061 ; 0.123        ; 0.184          ; Low Pulse Width  ; push  ; Rise       ; third[0]                   ;
; -0.061 ; 0.123        ; 0.184          ; Low Pulse Width  ; push  ; Rise       ; third[1]                   ;
; -0.061 ; 0.123        ; 0.184          ; Low Pulse Width  ; push  ; Rise       ; third[2]                   ;
; -0.061 ; 0.123        ; 0.184          ; Low Pulse Width  ; push  ; Rise       ; third[3]                   ;
; -0.061 ; 0.123        ; 0.184          ; Low Pulse Width  ; push  ; Rise       ; third[4]                   ;
; 0.118  ; 0.118        ; 0.000          ; Low Pulse Width  ; push  ; Rise       ; character[0]|clk           ;
; 0.118  ; 0.118        ; 0.000          ; Low Pulse Width  ; push  ; Rise       ; character[1]|clk           ;
; 0.118  ; 0.118        ; 0.000          ; Low Pulse Width  ; push  ; Rise       ; character[2]|clk           ;
; 0.118  ; 0.118        ; 0.000          ; Low Pulse Width  ; push  ; Rise       ; character[3]|clk           ;
; 0.118  ; 0.118        ; 0.000          ; Low Pulse Width  ; push  ; Rise       ; first[0]|clk               ;
; 0.118  ; 0.118        ; 0.000          ; Low Pulse Width  ; push  ; Rise       ; first[1]|clk               ;
; 0.118  ; 0.118        ; 0.000          ; Low Pulse Width  ; push  ; Rise       ; first[2]|clk               ;
; 0.118  ; 0.118        ; 0.000          ; Low Pulse Width  ; push  ; Rise       ; first[3]|clk               ;
; 0.118  ; 0.118        ; 0.000          ; Low Pulse Width  ; push  ; Rise       ; first[4]|clk               ;
; 0.118  ; 0.118        ; 0.000          ; Low Pulse Width  ; push  ; Rise       ; fourth[0]|clk              ;
; 0.118  ; 0.118        ; 0.000          ; Low Pulse Width  ; push  ; Rise       ; fourth[1]|clk              ;
; 0.118  ; 0.118        ; 0.000          ; Low Pulse Width  ; push  ; Rise       ; fourth[2]|clk              ;
; 0.118  ; 0.118        ; 0.000          ; Low Pulse Width  ; push  ; Rise       ; fourth[3]|clk              ;
; 0.118  ; 0.118        ; 0.000          ; Low Pulse Width  ; push  ; Rise       ; fourth[4]|clk              ;
; 0.118  ; 0.118        ; 0.000          ; Low Pulse Width  ; push  ; Rise       ; second[0]|clk              ;
; 0.118  ; 0.118        ; 0.000          ; Low Pulse Width  ; push  ; Rise       ; second[1]|clk              ;
; 0.118  ; 0.118        ; 0.000          ; Low Pulse Width  ; push  ; Rise       ; second[2]|clk              ;
; 0.118  ; 0.118        ; 0.000          ; Low Pulse Width  ; push  ; Rise       ; second[3]|clk              ;
; 0.118  ; 0.118        ; 0.000          ; Low Pulse Width  ; push  ; Rise       ; second[4]|clk              ;
; 0.118  ; 0.118        ; 0.000          ; Low Pulse Width  ; push  ; Rise       ; third[0]|clk               ;
; 0.118  ; 0.118        ; 0.000          ; Low Pulse Width  ; push  ; Rise       ; third[1]|clk               ;
; 0.118  ; 0.118        ; 0.000          ; Low Pulse Width  ; push  ; Rise       ; third[2]|clk               ;
; 0.118  ; 0.118        ; 0.000          ; Low Pulse Width  ; push  ; Rise       ; third[3]|clk               ;
; 0.118  ; 0.118        ; 0.000          ; Low Pulse Width  ; push  ; Rise       ; third[4]|clk               ;
; 0.120  ; 0.120        ; 0.000          ; Low Pulse Width  ; push  ; Rise       ; push~input|o               ;
; 0.133  ; 0.133        ; 0.000          ; Low Pulse Width  ; push  ; Rise       ; push~inputclkctrl|inclk[0] ;
; 0.133  ; 0.133        ; 0.000          ; Low Pulse Width  ; push  ; Rise       ; push~inputclkctrl|outclk   ;
; 0.500  ; 0.500        ; 0.000          ; High Pulse Width ; push  ; Rise       ; push~input|i               ;
; 0.500  ; 0.500        ; 0.000          ; Low Pulse Width  ; push  ; Rise       ; push~input|i               ;
; 0.660  ; 0.876        ; 0.216          ; High Pulse Width ; push  ; Rise       ; character[0]               ;
; 0.660  ; 0.876        ; 0.216          ; High Pulse Width ; push  ; Rise       ; character[1]               ;
; 0.660  ; 0.876        ; 0.216          ; High Pulse Width ; push  ; Rise       ; character[2]               ;
; 0.660  ; 0.876        ; 0.216          ; High Pulse Width ; push  ; Rise       ; character[3]               ;
; 0.660  ; 0.876        ; 0.216          ; High Pulse Width ; push  ; Rise       ; first[0]                   ;
; 0.660  ; 0.876        ; 0.216          ; High Pulse Width ; push  ; Rise       ; first[1]                   ;
; 0.660  ; 0.876        ; 0.216          ; High Pulse Width ; push  ; Rise       ; first[2]                   ;
; 0.660  ; 0.876        ; 0.216          ; High Pulse Width ; push  ; Rise       ; first[3]                   ;
; 0.660  ; 0.876        ; 0.216          ; High Pulse Width ; push  ; Rise       ; first[4]                   ;
; 0.660  ; 0.876        ; 0.216          ; High Pulse Width ; push  ; Rise       ; fourth[0]                  ;
; 0.660  ; 0.876        ; 0.216          ; High Pulse Width ; push  ; Rise       ; fourth[1]                  ;
; 0.660  ; 0.876        ; 0.216          ; High Pulse Width ; push  ; Rise       ; fourth[2]                  ;
; 0.660  ; 0.876        ; 0.216          ; High Pulse Width ; push  ; Rise       ; fourth[3]                  ;
; 0.660  ; 0.876        ; 0.216          ; High Pulse Width ; push  ; Rise       ; fourth[4]                  ;
; 0.660  ; 0.876        ; 0.216          ; High Pulse Width ; push  ; Rise       ; second[0]                  ;
; 0.660  ; 0.876        ; 0.216          ; High Pulse Width ; push  ; Rise       ; second[1]                  ;
; 0.660  ; 0.876        ; 0.216          ; High Pulse Width ; push  ; Rise       ; second[2]                  ;
; 0.660  ; 0.876        ; 0.216          ; High Pulse Width ; push  ; Rise       ; second[3]                  ;
; 0.660  ; 0.876        ; 0.216          ; High Pulse Width ; push  ; Rise       ; second[4]                  ;
; 0.660  ; 0.876        ; 0.216          ; High Pulse Width ; push  ; Rise       ; third[0]                   ;
; 0.660  ; 0.876        ; 0.216          ; High Pulse Width ; push  ; Rise       ; third[1]                   ;
; 0.660  ; 0.876        ; 0.216          ; High Pulse Width ; push  ; Rise       ; third[2]                   ;
+--------+--------------+----------------+------------------+-------+------------+----------------------------+


+------------------------------------------------------------------------------------------------------------+
; Fast 1200mV 0C Model Minimum Pulse Width: 'clk'                                                            ;
+--------+--------------+----------------+------------------+-------+------------+---------------------------+
; Slack  ; Actual Width ; Required Width ; Type             ; Clock ; Clock Edge ; Target                    ;
+--------+--------------+----------------+------------------+-------+------------+---------------------------+
; -3.000 ; 1.000        ; 4.000          ; Port Rate        ; clk   ; Rise       ; clk                       ;
; -1.000 ; 1.000        ; 2.000          ; Min Period       ; clk   ; Rise       ; y[0]                      ;
; -1.000 ; 1.000        ; 2.000          ; Min Period       ; clk   ; Rise       ; y[1]                      ;
; -1.000 ; 1.000        ; 2.000          ; Min Period       ; clk   ; Rise       ; y[2]                      ;
; -1.000 ; 1.000        ; 2.000          ; Min Period       ; clk   ; Rise       ; y[3]                      ;
; -0.062 ; 0.122        ; 0.184          ; Low Pulse Width  ; clk   ; Rise       ; y[2]                      ;
; -0.061 ; 0.123        ; 0.184          ; Low Pulse Width  ; clk   ; Rise       ; y[0]                      ;
; -0.061 ; 0.123        ; 0.184          ; Low Pulse Width  ; clk   ; Rise       ; y[1]                      ;
; -0.061 ; 0.123        ; 0.184          ; Low Pulse Width  ; clk   ; Rise       ; y[3]                      ;
; 0.118  ; 0.118        ; 0.000          ; Low Pulse Width  ; clk   ; Rise       ; y[0]|clk                  ;
; 0.118  ; 0.118        ; 0.000          ; Low Pulse Width  ; clk   ; Rise       ; y[1]|clk                  ;
; 0.118  ; 0.118        ; 0.000          ; Low Pulse Width  ; clk   ; Rise       ; y[2]|clk                  ;
; 0.118  ; 0.118        ; 0.000          ; Low Pulse Width  ; clk   ; Rise       ; y[3]|clk                  ;
; 0.120  ; 0.120        ; 0.000          ; Low Pulse Width  ; clk   ; Rise       ; clk~input|o               ;
; 0.133  ; 0.133        ; 0.000          ; Low Pulse Width  ; clk   ; Rise       ; clk~inputclkctrl|inclk[0] ;
; 0.133  ; 0.133        ; 0.000          ; Low Pulse Width  ; clk   ; Rise       ; clk~inputclkctrl|outclk   ;
; 0.500  ; 0.500        ; 0.000          ; High Pulse Width ; clk   ; Rise       ; clk~input|i               ;
; 0.500  ; 0.500        ; 0.000          ; Low Pulse Width  ; clk   ; Rise       ; clk~input|i               ;
; 0.660  ; 0.876        ; 0.216          ; High Pulse Width ; clk   ; Rise       ; y[0]                      ;
; 0.660  ; 0.876        ; 0.216          ; High Pulse Width ; clk   ; Rise       ; y[1]                      ;
; 0.660  ; 0.876        ; 0.216          ; High Pulse Width ; clk   ; Rise       ; y[2]                      ;
; 0.660  ; 0.876        ; 0.216          ; High Pulse Width ; clk   ; Rise       ; y[3]                      ;
; 0.866  ; 0.866        ; 0.000          ; High Pulse Width ; clk   ; Rise       ; clk~inputclkctrl|inclk[0] ;
; 0.866  ; 0.866        ; 0.000          ; High Pulse Width ; clk   ; Rise       ; clk~inputclkctrl|outclk   ;
; 0.880  ; 0.880        ; 0.000          ; High Pulse Width ; clk   ; Rise       ; clk~input|o               ;
; 0.881  ; 0.881        ; 0.000          ; High Pulse Width ; clk   ; Rise       ; y[0]|clk                  ;
; 0.881  ; 0.881        ; 0.000          ; High Pulse Width ; clk   ; Rise       ; y[1]|clk                  ;
; 0.881  ; 0.881        ; 0.000          ; High Pulse Width ; clk   ; Rise       ; y[3]|clk                  ;
; 0.882  ; 0.882        ; 0.000          ; High Pulse Width ; clk   ; Rise       ; y[2]|clk                  ;
+--------+--------------+----------------+------------------+-------+------------+---------------------------+


+--------------------------------------------------------------------------+
; Clock to Output Times                                                    ;
+--------------+------------+-------+-------+------------+-----------------+
; Data Port    ; Clock Port ; Rise  ; Fall  ; Clock Edge ; Clock Reference ;
+--------------+------------+-------+-------+------------+-----------------+
; segment1[*]  ; push       ; 4.979 ; 5.044 ; Rise       ; push            ;
;  segment1[0] ; push       ; 4.334 ; 4.382 ; Rise       ; push            ;
;  segment1[1] ; push       ; 4.927 ; 4.985 ; Rise       ; push            ;
;  segment1[2] ; push       ; 4.790 ; 4.886 ; Rise       ; push            ;
;  segment1[3] ; push       ; 4.700 ; 4.761 ; Rise       ; push            ;
;  segment1[4] ; push       ; 4.979 ; 5.044 ; Rise       ; push            ;
;  segment1[5] ; push       ; 4.729 ; 4.813 ; Rise       ; push            ;
;  segment1[6] ; push       ; 4.630 ; 4.644 ; Rise       ; push            ;
; segment2[*]  ; push       ; 5.063 ; 5.132 ; Rise       ; push            ;
;  segment2[0] ; push       ; 4.924 ; 4.996 ; Rise       ; push            ;
;  segment2[1] ; push       ; 4.860 ; 4.935 ; Rise       ; push            ;
;  segment2[2] ; push       ; 4.800 ; 4.793 ; Rise       ; push            ;
;  segment2[3] ; push       ; 4.849 ; 4.913 ; Rise       ; push            ;
;  segment2[4] ; push       ; 4.745 ; 4.782 ; Rise       ; push            ;
;  segment2[5] ; push       ; 5.063 ; 5.132 ; Rise       ; push            ;
;  segment2[6] ; push       ; 4.721 ; 4.733 ; Rise       ; push            ;
; segment3[*]  ; push       ; 5.297 ; 5.366 ; Rise       ; push            ;
;  segment3[0] ; push       ; 4.617 ; 4.651 ; Rise       ; push            ;
;  segment3[1] ; push       ; 4.769 ; 4.833 ; Rise       ; push            ;
;  segment3[2] ; push       ; 4.409 ; 4.472 ; Rise       ; push            ;
;  segment3[3] ; push       ; 4.875 ; 4.944 ; Rise       ; push            ;
;  segment3[4] ; push       ; 5.297 ; 5.366 ; Rise       ; push            ;
;  segment3[5] ; push       ; 4.469 ; 4.530 ; Rise       ; push            ;
;  segment3[6] ; push       ; 4.753 ; 4.787 ; Rise       ; push            ;
; segment4[*]  ; push       ; 4.710 ; 4.794 ; Rise       ; push            ;
;  segment4[0] ; push       ; 4.649 ; 4.719 ; Rise       ; push            ;
;  segment4[1] ; push       ; 4.672 ; 4.755 ; Rise       ; push            ;
;  segment4[2] ; push       ; 4.673 ; 4.761 ; Rise       ; push            ;
;  segment4[3] ; push       ; 4.645 ; 4.706 ; Rise       ; push            ;
;  segment4[4] ; push       ; 4.556 ; 4.594 ; Rise       ; push            ;
;  segment4[5] ; push       ; 4.710 ; 4.794 ; Rise       ; push            ;
;  segment4[6] ; push       ; 4.463 ; 4.478 ; Rise       ; push            ;
+--------------+------------+-------+-------+------------+-----------------+


+--------------------------------------------------------------------------+
; Minimum Clock to Output Times                                            ;
+--------------+------------+-------+-------+------------+-----------------+
; Data Port    ; Clock Port ; Rise  ; Fall  ; Clock Edge ; Clock Reference ;
+--------------+------------+-------+-------+------------+-----------------+
; segment1[*]  ; push       ; 3.809 ; 3.817 ; Rise       ; push            ;
;  segment1[0] ; push       ; 3.809 ; 3.817 ; Rise       ; push            ;
;  segment1[1] ; push       ; 4.058 ; 4.083 ; Rise       ; push            ;
;  segment1[2] ; push       ; 4.087 ; 4.126 ; Rise       ; push            ;
;  segment1[3] ; push       ; 4.255 ; 4.321 ; Rise       ; push            ;
;  segment1[4] ; push       ; 4.215 ; 4.281 ; Rise       ; push            ;
;  segment1[5] ; push       ; 3.896 ; 3.914 ; Rise       ; push            ;
;  segment1[6] ; push       ; 3.891 ; 3.908 ; Rise       ; push            ;
; segment2[*]  ; push       ; 4.068 ; 4.090 ; Rise       ; push            ;
;  segment2[0] ; push       ; 4.068 ; 4.090 ; Rise       ; push            ;
;  segment2[1] ; push       ; 4.070 ; 4.092 ; Rise       ; push            ;
;  segment2[2] ; push       ; 4.179 ; 4.197 ; Rise       ; push            ;
;  segment2[3] ; push       ; 4.258 ; 4.267 ; Rise       ; push            ;
;  segment2[4] ; push       ; 4.171 ; 4.193 ; Rise       ; push            ;
;  segment2[5] ; push       ; 4.225 ; 4.260 ; Rise       ; push            ;
;  segment2[6] ; push       ; 4.171 ; 4.187 ; Rise       ; push            ;
; segment3[*]  ; push       ; 3.930 ; 3.920 ; Rise       ; push            ;
;  segment3[0] ; push       ; 4.005 ; 4.065 ; Rise       ; push            ;
;  segment3[1] ; push       ; 4.031 ; 4.059 ; Rise       ; push            ;
;  segment3[2] ; push       ; 3.941 ; 3.920 ; Rise       ; push            ;
;  segment3[3] ; push       ; 4.145 ; 4.179 ; Rise       ; push            ;
;  segment3[4] ; push       ; 4.807 ; 4.881 ; Rise       ; push            ;
;  segment3[5] ; push       ; 3.930 ; 3.965 ; Rise       ; push            ;
;  segment3[6] ; push       ; 4.123 ; 4.159 ; Rise       ; push            ;
; segment4[*]  ; push       ; 3.866 ; 3.888 ; Rise       ; push            ;
;  segment4[0] ; push       ; 3.976 ; 4.001 ; Rise       ; push            ;
;  segment4[1] ; push       ; 3.884 ; 3.906 ; Rise       ; push            ;
;  segment4[2] ; push       ; 3.920 ; 3.935 ; Rise       ; push            ;
;  segment4[3] ; push       ; 4.038 ; 4.064 ; Rise       ; push            ;
;  segment4[4] ; push       ; 3.866 ; 3.888 ; Rise       ; push            ;
;  segment4[5] ; push       ; 3.897 ; 3.923 ; Rise       ; push            ;
;  segment4[6] ; push       ; 3.932 ; 3.982 ; Rise       ; push            ;
+--------------+------------+-------+-------+------------+-----------------+


---------------------------------------------
; Fast 1200mV 0C Model Metastability Report ;
---------------------------------------------
No synchronizer chains to report.


+------------------------------------------------------------------------------+
; Multicorner Timing Analysis Summary                                          ;
+------------------+--------+-------+----------+---------+---------------------+
; Clock            ; Setup  ; Hold  ; Recovery ; Removal ; Minimum Pulse Width ;
+------------------+--------+-------+----------+---------+---------------------+
; Worst-case Slack ; -0.602 ; 0.123 ; N/A      ; N/A     ; -3.000              ;
;  clk             ; -0.048 ; 0.197 ; N/A      ; N/A     ; -3.000              ;
;  push            ; -0.602 ; 0.123 ; N/A      ; N/A     ; -3.000              ;
; Design-wide TNS  ; -9.951 ; 0.0   ; 0.0      ; 0.0     ; -41.98              ;
;  clk             ; -0.129 ; 0.000 ; N/A      ; N/A     ; -8.140              ;
;  push            ; -9.822 ; 0.000 ; N/A      ; N/A     ; -33.840             ;
+------------------+--------+-------+----------+---------+---------------------+


+--------------------------------------------------------------------------+
; Clock to Output Times                                                    ;
+--------------+------------+-------+-------+------------+-----------------+
; Data Port    ; Clock Port ; Rise  ; Fall  ; Clock Edge ; Clock Reference ;
+--------------+------------+-------+-------+------------+-----------------+
; segment1[*]  ; push       ; 9.512 ; 9.422 ; Rise       ; push            ;
;  segment1[0] ; push       ; 8.291 ; 8.249 ; Rise       ; push            ;
;  segment1[1] ; push       ; 9.403 ; 9.329 ; Rise       ; push            ;
;  segment1[2] ; push       ; 9.179 ; 9.162 ; Rise       ; push            ;
;  segment1[3] ; push       ; 8.973 ; 8.903 ; Rise       ; push            ;
;  segment1[4] ; push       ; 9.512 ; 9.422 ; Rise       ; push            ;
;  segment1[5] ; push       ; 9.095 ; 9.062 ; Rise       ; push            ;
;  segment1[6] ; push       ; 8.825 ; 8.716 ; Rise       ; push            ;
; segment2[*]  ; push       ; 9.643 ; 9.551 ; Rise       ; push            ;
;  segment2[0] ; push       ; 9.412 ; 9.352 ; Rise       ; push            ;
;  segment2[1] ; push       ; 9.274 ; 9.215 ; Rise       ; push            ;
;  segment2[2] ; push       ; 9.139 ; 9.051 ; Rise       ; push            ;
;  segment2[3] ; push       ; 9.175 ; 9.153 ; Rise       ; push            ;
;  segment2[4] ; push       ; 9.027 ; 8.953 ; Rise       ; push            ;
;  segment2[5] ; push       ; 9.643 ; 9.551 ; Rise       ; push            ;
;  segment2[6] ; push       ; 8.921 ; 8.809 ; Rise       ; push            ;
; segment3[*]  ; push       ; 9.671 ; 9.663 ; Rise       ; push            ;
;  segment3[0] ; push       ; 8.819 ; 8.702 ; Rise       ; push            ;
;  segment3[1] ; push       ; 9.146 ; 9.041 ; Rise       ; push            ;
;  segment3[2] ; push       ; 8.426 ; 8.406 ; Rise       ; push            ;
;  segment3[3] ; push       ; 9.386 ; 9.243 ; Rise       ; push            ;
;  segment3[4] ; push       ; 9.671 ; 9.663 ; Rise       ; push            ;
;  segment3[5] ; push       ; 8.513 ; 8.479 ; Rise       ; push            ;
;  segment3[6] ; push       ; 9.057 ; 8.914 ; Rise       ; push            ;
; segment4[*]  ; push       ; 9.005 ; 8.958 ; Rise       ; push            ;
;  segment4[0] ; push       ; 8.916 ; 8.874 ; Rise       ; push            ;
;  segment4[1] ; push       ; 8.916 ; 8.868 ; Rise       ; push            ;
;  segment4[2] ; push       ; 8.937 ; 8.898 ; Rise       ; push            ;
;  segment4[3] ; push       ; 8.907 ; 8.838 ; Rise       ; push            ;
;  segment4[4] ; push       ; 8.678 ; 8.621 ; Rise       ; push            ;
;  segment4[5] ; push       ; 9.005 ; 8.958 ; Rise       ; push            ;
;  segment4[6] ; push       ; 8.494 ; 8.377 ; Rise       ; push            ;
+--------------+------------+-------+-------+------------+-----------------+


+--------------------------------------------------------------------------+
; Minimum Clock to Output Times                                            ;
+--------------+------------+-------+-------+------------+-----------------+
; Data Port    ; Clock Port ; Rise  ; Fall  ; Clock Edge ; Clock Reference ;
+--------------+------------+-------+-------+------------+-----------------+
; segment1[*]  ; push       ; 3.809 ; 3.817 ; Rise       ; push            ;
;  segment1[0] ; push       ; 3.809 ; 3.817 ; Rise       ; push            ;
;  segment1[1] ; push       ; 4.058 ; 4.083 ; Rise       ; push            ;
;  segment1[2] ; push       ; 4.087 ; 4.126 ; Rise       ; push            ;
;  segment1[3] ; push       ; 4.255 ; 4.321 ; Rise       ; push            ;
;  segment1[4] ; push       ; 4.215 ; 4.281 ; Rise       ; push            ;
;  segment1[5] ; push       ; 3.896 ; 3.914 ; Rise       ; push            ;
;  segment1[6] ; push       ; 3.891 ; 3.908 ; Rise       ; push            ;
; segment2[*]  ; push       ; 4.068 ; 4.090 ; Rise       ; push            ;
;  segment2[0] ; push       ; 4.068 ; 4.090 ; Rise       ; push            ;
;  segment2[1] ; push       ; 4.070 ; 4.092 ; Rise       ; push            ;
;  segment2[2] ; push       ; 4.179 ; 4.197 ; Rise       ; push            ;
;  segment2[3] ; push       ; 4.258 ; 4.267 ; Rise       ; push            ;
;  segment2[4] ; push       ; 4.171 ; 4.193 ; Rise       ; push            ;
;  segment2[5] ; push       ; 4.225 ; 4.260 ; Rise       ; push            ;
;  segment2[6] ; push       ; 4.171 ; 4.187 ; Rise       ; push            ;
; segment3[*]  ; push       ; 3.930 ; 3.920 ; Rise       ; push            ;
;  segment3[0] ; push       ; 4.005 ; 4.065 ; Rise       ; push            ;
;  segment3[1] ; push       ; 4.031 ; 4.059 ; Rise       ; push            ;
;  segment3[2] ; push       ; 3.941 ; 3.920 ; Rise       ; push            ;
;  segment3[3] ; push       ; 4.145 ; 4.179 ; Rise       ; push            ;
;  segment3[4] ; push       ; 4.807 ; 4.881 ; Rise       ; push            ;
;  segment3[5] ; push       ; 3.930 ; 3.965 ; Rise       ; push            ;
;  segment3[6] ; push       ; 4.123 ; 4.159 ; Rise       ; push            ;
; segment4[*]  ; push       ; 3.866 ; 3.888 ; Rise       ; push            ;
;  segment4[0] ; push       ; 3.976 ; 4.001 ; Rise       ; push            ;
;  segment4[1] ; push       ; 3.884 ; 3.906 ; Rise       ; push            ;
;  segment4[2] ; push       ; 3.920 ; 3.935 ; Rise       ; push            ;
;  segment4[3] ; push       ; 4.038 ; 4.064 ; Rise       ; push            ;
;  segment4[4] ; push       ; 3.866 ; 3.888 ; Rise       ; push            ;
;  segment4[5] ; push       ; 3.897 ; 3.923 ; Rise       ; push            ;
;  segment4[6] ; push       ; 3.932 ; 3.982 ; Rise       ; push            ;
+--------------+------------+-------+-------+------------+-----------------+


+------------------------------------------------------------------------------------------------------------------------------------------------------------------------------------------------------------------------------------------------------------------------------------------------------------------------------------------------------------------------------------------------------------------+
; Board Trace Model Assignments                                                                                                                                                                                                                                                                                                                                                                                    ;
+---------------+--------------+-------------------+-------------------------+-------------------------+---------------+---------------------+----------------+------------------+--------+------------------+------------------------+------------------------+--------------+---------------+-----------------+-------+---------------------+--------------------+---------------+-----------------+-------------+
; Pin           ; I/O Standard ; Near Tline Length ; Near Tline L per Length ; Near Tline C per Length ; Near Series R ; Near Differential R ; Near Pull-up R ; Near Pull-down R ; Near C ; Far Tline Length ; Far Tline L per Length ; Far Tline C per Length ; Far Series R ; Far Pull-up R ; Far Pull-down R ; Far C ; Termination Voltage ; Far Differential R ; EBD File Name ; EBD Signal Name ; EBD Far-end ;
+---------------+--------------+-------------------+-------------------------+-------------------------+---------------+---------------------+----------------+------------------+--------+------------------+------------------------+------------------------+--------------+---------------+-----------------+-------+---------------------+--------------------+---------------+-----------------+-------------+
; segment4[0]   ; 2.5 V        ; 0 in              ; 0 H/in                  ; 0 F/in                  ; short         ; -                   ; open           ; open             ; open   ; 0 in             ; 0 H/in                 ; 0 F/in                 ; short        ; open          ; open            ; open  ; 0 V                 ; -                  ; n/a           ; n/a             ; n/a         ;
; segment4[1]   ; 2.5 V        ; 0 in              ; 0 H/in                  ; 0 F/in                  ; short         ; -                   ; open           ; open             ; open   ; 0 in             ; 0 H/in                 ; 0 F/in                 ; short        ; open          ; open            ; open  ; 0 V                 ; -                  ; n/a           ; n/a             ; n/a         ;
; segment4[2]   ; 2.5 V        ; 0 in              ; 0 H/in                  ; 0 F/in                  ; short         ; -                   ; open           ; open             ; open   ; 0 in             ; 0 H/in                 ; 0 F/in                 ; short        ; open          ; open            ; open  ; 0 V                 ; -                  ; n/a           ; n/a             ; n/a         ;
; segment4[3]   ; 2.5 V        ; 0 in              ; 0 H/in                  ; 0 F/in                  ; short         ; -                   ; open           ; open             ; open   ; 0 in             ; 0 H/in                 ; 0 F/in                 ; short        ; open          ; open            ; open  ; 0 V                 ; -                  ; n/a           ; n/a             ; n/a         ;
; segment4[4]   ; 2.5 V        ; 0 in              ; 0 H/in                  ; 0 F/in                  ; short         ; -                   ; open           ; open             ; open   ; 0 in             ; 0 H/in                 ; 0 F/in                 ; short        ; open          ; open            ; open  ; 0 V                 ; -                  ; n/a           ; n/a             ; n/a         ;
; segment4[5]   ; 2.5 V        ; 0 in              ; 0 H/in                  ; 0 F/in                  ; short         ; -                   ; open           ; open             ; open   ; 0 in             ; 0 H/in                 ; 0 F/in                 ; short        ; open          ; open            ; open  ; 0 V                 ; -                  ; n/a           ; n/a             ; n/a         ;
; segment4[6]   ; 2.5 V        ; 0 in              ; 0 H/in                  ; 0 F/in                  ; short         ; -                   ; open           ; open             ; open   ; 0 in             ; 0 H/in                 ; 0 F/in                 ; short        ; open          ; open            ; open  ; 0 V                 ; -                  ; n/a           ; n/a             ; n/a         ;
; segment3[0]   ; 2.5 V        ; 0 in              ; 0 H/in                  ; 0 F/in                  ; short         ; -                   ; open           ; open             ; open   ; 0 in             ; 0 H/in                 ; 0 F/in                 ; short        ; open          ; open            ; open  ; 0 V                 ; -                  ; n/a           ; n/a             ; n/a         ;
; segment3[1]   ; 2.5 V        ; 0 in              ; 0 H/in                  ; 0 F/in                  ; short         ; -                   ; open           ; open             ; open   ; 0 in             ; 0 H/in                 ; 0 F/in                 ; short        ; open          ; open            ; open  ; 0 V                 ; -                  ; n/a           ; n/a             ; n/a         ;
; segment3[2]   ; 2.5 V        ; 0 in              ; 0 H/in                  ; 0 F/in                  ; short         ; -                   ; open           ; open             ; open   ; 0 in             ; 0 H/in                 ; 0 F/in                 ; short        ; open          ; open            ; open  ; 0 V                 ; -                  ; n/a           ; n/a             ; n/a         ;
; segment3[3]   ; 2.5 V        ; 0 in              ; 0 H/in                  ; 0 F/in                  ; short         ; -                   ; open           ; open             ; open   ; 0 in             ; 0 H/in                 ; 0 F/in                 ; short        ; open          ; open            ; open  ; 0 V                 ; -                  ; n/a           ; n/a             ; n/a         ;
; segment3[4]   ; 2.5 V        ; 0 in              ; 0 H/in                  ; 0 F/in                  ; short         ; -                   ; open           ; open             ; open   ; 0 in             ; 0 H/in                 ; 0 F/in                 ; short        ; open          ; open            ; open  ; 0 V                 ; -                  ; n/a           ; n/a             ; n/a         ;
; segment3[5]   ; 2.5 V        ; 0 in              ; 0 H/in                  ; 0 F/in                  ; short         ; -                   ; open           ; open             ; open   ; 0 in             ; 0 H/in                 ; 0 F/in                 ; short        ; open          ; open            ; open  ; 0 V                 ; -                  ; n/a           ; n/a             ; n/a         ;
; segment3[6]   ; 2.5 V        ; 0 in              ; 0 H/in                  ; 0 F/in                  ; short         ; -                   ; open           ; open             ; open   ; 0 in             ; 0 H/in                 ; 0 F/in                 ; short        ; open          ; open            ; open  ; 0 V                 ; -                  ; n/a           ; n/a             ; n/a         ;
; segment2[0]   ; 2.5 V        ; 0 in              ; 0 H/in                  ; 0 F/in                  ; short         ; -                   ; open           ; open             ; open   ; 0 in             ; 0 H/in                 ; 0 F/in                 ; short        ; open          ; open            ; open  ; 0 V                 ; -                  ; n/a           ; n/a             ; n/a         ;
; segment2[1]   ; 2.5 V        ; 0 in              ; 0 H/in                  ; 0 F/in                  ; short         ; -                   ; open           ; open             ; open   ; 0 in             ; 0 H/in                 ; 0 F/in                 ; short        ; open          ; open            ; open  ; 0 V                 ; -                  ; n/a           ; n/a             ; n/a         ;
; segment2[2]   ; 2.5 V        ; 0 in              ; 0 H/in                  ; 0 F/in                  ; short         ; -                   ; open           ; open             ; open   ; 0 in             ; 0 H/in                 ; 0 F/in                 ; short        ; open          ; open            ; open  ; 0 V                 ; -                  ; n/a           ; n/a             ; n/a         ;
; segment2[3]   ; 2.5 V        ; 0 in              ; 0 H/in                  ; 0 F/in                  ; short         ; -                   ; open           ; open             ; open   ; 0 in             ; 0 H/in                 ; 0 F/in                 ; short        ; open          ; open            ; open  ; 0 V                 ; -                  ; n/a           ; n/a             ; n/a         ;
; segment2[4]   ; 2.5 V        ; 0 in              ; 0 H/in                  ; 0 F/in                  ; short         ; -                   ; open           ; open             ; open   ; 0 in             ; 0 H/in                 ; 0 F/in                 ; short        ; open          ; open            ; open  ; 0 V                 ; -                  ; n/a           ; n/a             ; n/a         ;
; segment2[5]   ; 2.5 V        ; 0 in              ; 0 H/in                  ; 0 F/in                  ; short         ; -                   ; open           ; open             ; open   ; 0 in             ; 0 H/in                 ; 0 F/in                 ; short        ; open          ; open            ; open  ; 0 V                 ; -                  ; n/a           ; n/a             ; n/a         ;
; segment2[6]   ; 2.5 V        ; 0 in              ; 0 H/in                  ; 0 F/in                  ; short         ; -                   ; open           ; open             ; open   ; 0 in             ; 0 H/in                 ; 0 F/in                 ; short        ; open          ; open            ; open  ; 0 V                 ; -                  ; n/a           ; n/a             ; n/a         ;
; segment1[0]   ; 2.5 V        ; 0 in              ; 0 H/in                  ; 0 F/in                  ; short         ; -                   ; open           ; open             ; open   ; 0 in             ; 0 H/in                 ; 0 F/in                 ; short        ; open          ; open            ; open  ; 0 V                 ; -                  ; n/a           ; n/a             ; n/a         ;
; segment1[1]   ; 2.5 V        ; 0 in              ; 0 H/in                  ; 0 F/in                  ; short         ; -                   ; open           ; open             ; open   ; 0 in             ; 0 H/in                 ; 0 F/in                 ; short        ; open          ; open            ; open  ; 0 V                 ; -                  ; n/a           ; n/a             ; n/a         ;
; segment1[2]   ; 2.5 V        ; 0 in              ; 0 H/in                  ; 0 F/in                  ; short         ; -                   ; open           ; open             ; open   ; 0 in             ; 0 H/in                 ; 0 F/in                 ; short        ; open          ; open            ; open  ; 0 V                 ; -                  ; n/a           ; n/a             ; n/a         ;
; segment1[3]   ; 2.5 V        ; 0 in              ; 0 H/in                  ; 0 F/in                  ; short         ; -                   ; open           ; open             ; open   ; 0 in             ; 0 H/in                 ; 0 F/in                 ; short        ; open          ; open            ; open  ; 0 V                 ; -                  ; n/a           ; n/a             ; n/a         ;
; segment1[4]   ; 2.5 V        ; 0 in              ; 0 H/in                  ; 0 F/in                  ; short         ; -                   ; open           ; open             ; open   ; 0 in             ; 0 H/in                 ; 0 F/in                 ; short        ; open          ; open            ; open  ; 0 V                 ; -                  ; n/a           ; n/a             ; n/a         ;
; segment1[5]   ; 2.5 V        ; 0 in              ; 0 H/in                  ; 0 F/in                  ; short         ; -                   ; open           ; open             ; open   ; 0 in             ; 0 H/in                 ; 0 F/in                 ; short        ; open          ; open            ; open  ; 0 V                 ; -                  ; n/a           ; n/a             ; n/a         ;
; segment1[6]   ; 2.5 V        ; 0 in              ; 0 H/in                  ; 0 F/in                  ; short         ; -                   ; open           ; open             ; open   ; 0 in             ; 0 H/in                 ; 0 F/in                 ; short        ; open          ; open            ; open  ; 0 V                 ; -                  ; n/a           ; n/a             ; n/a         ;
; ~ALTERA_DCLK~ ; 2.5 V        ; 0 in              ; 0 H/in                  ; 0 F/in                  ; short         ; -                   ; open           ; open             ; open   ; 0 in             ; 0 H/in                 ; 0 F/in                 ; short        ; open          ; open            ; open  ; 0 V                 ; -                  ; n/a           ; n/a             ; n/a         ;
; ~ALTERA_nCEO~ ; 2.5 V        ; 0 in              ; 0 H/in                  ; 0 F/in                  ; short         ; -                   ; open           ; open             ; open   ; 0 in             ; 0 H/in                 ; 0 F/in                 ; short        ; open          ; open            ; open  ; 0 V                 ; -                  ; n/a           ; n/a             ; n/a         ;
+---------------+--------------+-------------------+-------------------------+-------------------------+---------------+---------------------+----------------+------------------+--------+------------------+------------------------+------------------------+--------------+---------------+-----------------+-------+---------------------+--------------------+---------------+-----------------+-------------+


+----------------------------------------------------------------------------+
; Input Transition Times                                                     ;
+-------------------------+--------------+-----------------+-----------------+
; Pin                     ; I/O Standard ; 10-90 Rise Time ; 90-10 Fall Time ;
+-------------------------+--------------+-----------------+-----------------+
; q[0]                    ; 2.5 V        ; 2000 ps         ; 2000 ps         ;
; q[1]                    ; 2.5 V        ; 2000 ps         ; 2000 ps         ;
; q[2]                    ; 2.5 V        ; 2000 ps         ; 2000 ps         ;
; q[3]                    ; 2.5 V        ; 2000 ps         ; 2000 ps         ;
; push                    ; 2.5 V        ; 2000 ps         ; 2000 ps         ;
; clk                     ; 2.5 V        ; 2000 ps         ; 2000 ps         ;
; reset                   ; 2.5 V        ; 2000 ps         ; 2000 ps         ;
; ~ALTERA_ASDO_DATA1~     ; 2.5 V        ; 2000 ps         ; 2000 ps         ;
; ~ALTERA_FLASH_nCE_nCSO~ ; 2.5 V        ; 2000 ps         ; 2000 ps         ;
; ~ALTERA_DATA0~          ; 2.5 V        ; 2000 ps         ; 2000 ps         ;
+-------------------------+--------------+-----------------+-----------------+


+--------------------------------------------------------------------------------------------------------------------------------------------------------------------------------------------------------------------------------------------------------------------------------------------------------------------------------------------------------------------------------------------------------------------------------------------------------------------------------------------------------------------------------------------------------------------------------------------------------------------------------------------------------------------------------------------+
; Signal Integrity Metrics (Slow 1200mv 0c Model)                                                                                                                                                                                                                                                                                                                                                                                                                                                                                                                                                                                                                                            ;
+---------------+--------------+---------------------+---------------------+------------------------------+------------------------------+---------------------+---------------------+--------------------------------------+--------------------------------------+-----------------------------+-----------------------------+----------------------------+----------------------------+-----------------------------+-----------------------------+--------------------+--------------------+-------------------------------------+-------------------------------------+----------------------------+----------------------------+---------------------------+---------------------------+
; Pin           ; I/O Standard ; Board Delay on Rise ; Board Delay on Fall ; Steady State Voh at FPGA Pin ; Steady State Vol at FPGA Pin ; Voh Max at FPGA Pin ; Vol Min at FPGA Pin ; Ringback Voltage on Rise at FPGA Pin ; Ringback Voltage on Fall at FPGA Pin ; 10-90 Rise Time at FPGA Pin ; 90-10 Fall Time at FPGA Pin ; Monotonic Rise at FPGA Pin ; Monotonic Fall at FPGA Pin ; Steady State Voh at Far-end ; Steady State Vol at Far-end ; Voh Max at Far-end ; Vol Min at Far-end ; Ringback Voltage on Rise at Far-end ; Ringback Voltage on Fall at Far-end ; 10-90 Rise Time at Far-end ; 90-10 Fall Time at Far-end ; Monotonic Rise at Far-end ; Monotonic Fall at Far-end ;
+---------------+--------------+---------------------+---------------------+------------------------------+------------------------------+---------------------+---------------------+--------------------------------------+--------------------------------------+-----------------------------+-----------------------------+----------------------------+----------------------------+-----------------------------+-----------------------------+--------------------+--------------------+-------------------------------------+-------------------------------------+----------------------------+----------------------------+---------------------------+---------------------------+
; segment4[0]   ; 2.5 V        ; 0 s                 ; 0 s                 ; 2.32 V                       ; 4.49e-09 V                   ; 2.38 V              ; -0.00552 V          ; 0.096 V                              ; 0.019 V                              ; 4.18e-10 s                  ; 3.59e-10 s                  ; No                         ; Yes                        ; 2.32 V                      ; 4.49e-09 V                  ; 2.38 V             ; -0.00552 V         ; 0.096 V                             ; 0.019 V                             ; 4.18e-10 s                 ; 3.59e-10 s                 ; No                        ; Yes                       ;
; segment4[1]   ; 2.5 V        ; 0 s                 ; 0 s                 ; 2.32 V                       ; 4.49e-09 V                   ; 2.38 V              ; -0.00552 V          ; 0.096 V                              ; 0.019 V                              ; 4.18e-10 s                  ; 3.59e-10 s                  ; No                         ; Yes                        ; 2.32 V                      ; 4.49e-09 V                  ; 2.38 V             ; -0.00552 V         ; 0.096 V                             ; 0.019 V                             ; 4.18e-10 s                 ; 3.59e-10 s                 ; No                        ; Yes                       ;
; segment4[2]   ; 2.5 V        ; 0 s                 ; 0 s                 ; 2.32 V                       ; 4.49e-09 V                   ; 2.38 V              ; -0.00552 V          ; 0.096 V                              ; 0.019 V                              ; 4.18e-10 s                  ; 3.59e-10 s                  ; No                         ; Yes                        ; 2.32 V                      ; 4.49e-09 V                  ; 2.38 V             ; -0.00552 V         ; 0.096 V                             ; 0.019 V                             ; 4.18e-10 s                 ; 3.59e-10 s                 ; No                        ; Yes                       ;
; segment4[3]   ; 2.5 V        ; 0 s                 ; 0 s                 ; 2.32 V                       ; 4.49e-09 V                   ; 2.38 V              ; -0.00552 V          ; 0.096 V                              ; 0.019 V                              ; 4.18e-10 s                  ; 3.59e-10 s                  ; No                         ; Yes                        ; 2.32 V                      ; 4.49e-09 V                  ; 2.38 V             ; -0.00552 V         ; 0.096 V                             ; 0.019 V                             ; 4.18e-10 s                 ; 3.59e-10 s                 ; No                        ; Yes                       ;
; segment4[4]   ; 2.5 V        ; 0 s                 ; 0 s                 ; 2.32 V                       ; 4.49e-09 V                   ; 2.38 V              ; -0.00552 V          ; 0.096 V                              ; 0.019 V                              ; 4.18e-10 s                  ; 3.59e-10 s                  ; No                         ; Yes                        ; 2.32 V                      ; 4.49e-09 V                  ; 2.38 V             ; -0.00552 V         ; 0.096 V                             ; 0.019 V                             ; 4.18e-10 s                 ; 3.59e-10 s                 ; No                        ; Yes                       ;
; segment4[5]   ; 2.5 V        ; 0 s                 ; 0 s                 ; 2.32 V                       ; 4.49e-09 V                   ; 2.38 V              ; -0.00552 V          ; 0.096 V                              ; 0.019 V                              ; 4.18e-10 s                  ; 3.59e-10 s                  ; No                         ; Yes                        ; 2.32 V                      ; 4.49e-09 V                  ; 2.38 V             ; -0.00552 V         ; 0.096 V                             ; 0.019 V                             ; 4.18e-10 s                 ; 3.59e-10 s                 ; No                        ; Yes                       ;
; segment4[6]   ; 2.5 V        ; 0 s                 ; 0 s                 ; 2.32 V                       ; 4.49e-09 V                   ; 2.38 V              ; -0.00552 V          ; 0.096 V                              ; 0.019 V                              ; 4.18e-10 s                  ; 3.59e-10 s                  ; No                         ; Yes                        ; 2.32 V                      ; 4.49e-09 V                  ; 2.38 V             ; -0.00552 V         ; 0.096 V                             ; 0.019 V                             ; 4.18e-10 s                 ; 3.59e-10 s                 ; No                        ; Yes                       ;
; segment3[0]   ; 2.5 V        ; 0 s                 ; 0 s                 ; 2.32 V                       ; 4.49e-09 V                   ; 2.38 V              ; -0.00552 V          ; 0.096 V                              ; 0.019 V                              ; 4.18e-10 s                  ; 3.59e-10 s                  ; No                         ; Yes                        ; 2.32 V                      ; 4.49e-09 V                  ; 2.38 V             ; -0.00552 V         ; 0.096 V                             ; 0.019 V                             ; 4.18e-10 s                 ; 3.59e-10 s                 ; No                        ; Yes                       ;
; segment3[1]   ; 2.5 V        ; 0 s                 ; 0 s                 ; 2.32 V                       ; 4.49e-09 V                   ; 2.38 V              ; -0.00552 V          ; 0.096 V                              ; 0.019 V                              ; 4.18e-10 s                  ; 3.59e-10 s                  ; No                         ; Yes                        ; 2.32 V                      ; 4.49e-09 V                  ; 2.38 V             ; -0.00552 V         ; 0.096 V                             ; 0.019 V                             ; 4.18e-10 s                 ; 3.59e-10 s                 ; No                        ; Yes                       ;
; segment3[2]   ; 2.5 V        ; 0 s                 ; 0 s                 ; 2.32 V                       ; 4.49e-09 V                   ; 2.38 V              ; -0.00552 V          ; 0.096 V                              ; 0.019 V                              ; 4.18e-10 s                  ; 3.59e-10 s                  ; No                         ; Yes                        ; 2.32 V                      ; 4.49e-09 V                  ; 2.38 V             ; -0.00552 V         ; 0.096 V                             ; 0.019 V                             ; 4.18e-10 s                 ; 3.59e-10 s                 ; No                        ; Yes                       ;
; segment3[3]   ; 2.5 V        ; 0 s                 ; 0 s                 ; 2.32 V                       ; 4.49e-09 V                   ; 2.38 V              ; -0.00552 V          ; 0.096 V                              ; 0.019 V                              ; 4.18e-10 s                  ; 3.59e-10 s                  ; No                         ; Yes                        ; 2.32 V                      ; 4.49e-09 V                  ; 2.38 V             ; -0.00552 V         ; 0.096 V                             ; 0.019 V                             ; 4.18e-10 s                 ; 3.59e-10 s                 ; No                        ; Yes                       ;
; segment3[4]   ; 2.5 V        ; 0 s                 ; 0 s                 ; 2.32 V                       ; 4.49e-09 V                   ; 2.33 V              ; -0.00467 V          ; 0.226 V                              ; 0.087 V                              ; 2.91e-09 s                  ; 2.74e-09 s                  ; Yes                        ; Yes                        ; 2.32 V                      ; 4.49e-09 V                  ; 2.33 V             ; -0.00467 V         ; 0.226 V                             ; 0.087 V                             ; 2.91e-09 s                 ; 2.74e-09 s                 ; Yes                       ; Yes                       ;
; segment3[5]   ; 2.5 V        ; 0 s                 ; 0 s                 ; 2.32 V                       ; 4.49e-09 V                   ; 2.38 V              ; -0.00552 V          ; 0.096 V                              ; 0.019 V                              ; 4.18e-10 s                  ; 3.59e-10 s                  ; No                         ; Yes                        ; 2.32 V                      ; 4.49e-09 V                  ; 2.38 V             ; -0.00552 V         ; 0.096 V                             ; 0.019 V                             ; 4.18e-10 s                 ; 3.59e-10 s                 ; No                        ; Yes                       ;
; segment3[6]   ; 2.5 V        ; 0 s                 ; 0 s                 ; 2.32 V                       ; 4.49e-09 V                   ; 2.38 V              ; -0.00552 V          ; 0.096 V                              ; 0.019 V                              ; 4.18e-10 s                  ; 3.59e-10 s                  ; No                         ; Yes                        ; 2.32 V                      ; 4.49e-09 V                  ; 2.38 V             ; -0.00552 V         ; 0.096 V                             ; 0.019 V                             ; 4.18e-10 s                 ; 3.59e-10 s                 ; No                        ; Yes                       ;
; segment2[0]   ; 2.5 V        ; 0 s                 ; 0 s                 ; 2.32 V                       ; 4.49e-09 V                   ; 2.38 V              ; -0.00552 V          ; 0.096 V                              ; 0.019 V                              ; 4.18e-10 s                  ; 3.59e-10 s                  ; No                         ; Yes                        ; 2.32 V                      ; 4.49e-09 V                  ; 2.38 V             ; -0.00552 V         ; 0.096 V                             ; 0.019 V                             ; 4.18e-10 s                 ; 3.59e-10 s                 ; No                        ; Yes                       ;
; segment2[1]   ; 2.5 V        ; 0 s                 ; 0 s                 ; 2.32 V                       ; 4.49e-09 V                   ; 2.38 V              ; -0.00552 V          ; 0.096 V                              ; 0.019 V                              ; 4.18e-10 s                  ; 3.59e-10 s                  ; No                         ; Yes                        ; 2.32 V                      ; 4.49e-09 V                  ; 2.38 V             ; -0.00552 V         ; 0.096 V                             ; 0.019 V                             ; 4.18e-10 s                 ; 3.59e-10 s                 ; No                        ; Yes                       ;
; segment2[2]   ; 2.5 V        ; 0 s                 ; 0 s                 ; 2.32 V                       ; 4.49e-09 V                   ; 2.38 V              ; -0.00552 V          ; 0.096 V                              ; 0.019 V                              ; 4.18e-10 s                  ; 3.59e-10 s                  ; No                         ; Yes                        ; 2.32 V                      ; 4.49e-09 V                  ; 2.38 V             ; -0.00552 V         ; 0.096 V                             ; 0.019 V                             ; 4.18e-10 s                 ; 3.59e-10 s                 ; No                        ; Yes                       ;
; segment2[3]   ; 2.5 V        ; 0 s                 ; 0 s                 ; 2.32 V                       ; 4.49e-09 V                   ; 2.38 V              ; -0.00552 V          ; 0.096 V                              ; 0.019 V                              ; 4.18e-10 s                  ; 3.59e-10 s                  ; No                         ; Yes                        ; 2.32 V                      ; 4.49e-09 V                  ; 2.38 V             ; -0.00552 V         ; 0.096 V                             ; 0.019 V                             ; 4.18e-10 s                 ; 3.59e-10 s                 ; No                        ; Yes                       ;
; segment2[4]   ; 2.5 V        ; 0 s                 ; 0 s                 ; 2.32 V                       ; 4.49e-09 V                   ; 2.38 V              ; -0.00552 V          ; 0.096 V                              ; 0.019 V                              ; 4.18e-10 s                  ; 3.59e-10 s                  ; No                         ; Yes                        ; 2.32 V                      ; 4.49e-09 V                  ; 2.38 V             ; -0.00552 V         ; 0.096 V                             ; 0.019 V                             ; 4.18e-10 s                 ; 3.59e-10 s                 ; No                        ; Yes                       ;
; segment2[5]   ; 2.5 V        ; 0 s                 ; 0 s                 ; 2.32 V                       ; 4.49e-09 V                   ; 2.38 V              ; -0.00552 V          ; 0.096 V                              ; 0.019 V                              ; 4.18e-10 s                  ; 3.59e-10 s                  ; No                         ; Yes                        ; 2.32 V                      ; 4.49e-09 V                  ; 2.38 V             ; -0.00552 V         ; 0.096 V                             ; 0.019 V                             ; 4.18e-10 s                 ; 3.59e-10 s                 ; No                        ; Yes                       ;
; segment2[6]   ; 2.5 V        ; 0 s                 ; 0 s                 ; 2.32 V                       ; 4.49e-09 V                   ; 2.38 V              ; -0.00552 V          ; 0.096 V                              ; 0.019 V                              ; 4.18e-10 s                  ; 3.59e-10 s                  ; No                         ; Yes                        ; 2.32 V                      ; 4.49e-09 V                  ; 2.38 V             ; -0.00552 V         ; 0.096 V                             ; 0.019 V                             ; 4.18e-10 s                 ; 3.59e-10 s                 ; No                        ; Yes                       ;
; segment1[0]   ; 2.5 V        ; 0 s                 ; 0 s                 ; 2.32 V                       ; 4.49e-09 V                   ; 2.38 V              ; -0.00552 V          ; 0.096 V                              ; 0.019 V                              ; 4.18e-10 s                  ; 3.59e-10 s                  ; No                         ; Yes                        ; 2.32 V                      ; 4.49e-09 V                  ; 2.38 V             ; -0.00552 V         ; 0.096 V                             ; 0.019 V                             ; 4.18e-10 s                 ; 3.59e-10 s                 ; No                        ; Yes                       ;
; segment1[1]   ; 2.5 V        ; 0 s                 ; 0 s                 ; 2.32 V                       ; 4.49e-09 V                   ; 2.38 V              ; -0.00552 V          ; 0.096 V                              ; 0.019 V                              ; 4.18e-10 s                  ; 3.59e-10 s                  ; No                         ; Yes                        ; 2.32 V                      ; 4.49e-09 V                  ; 2.38 V             ; -0.00552 V         ; 0.096 V                             ; 0.019 V                             ; 4.18e-10 s                 ; 3.59e-10 s                 ; No                        ; Yes                       ;
; segment1[2]   ; 2.5 V        ; 0 s                 ; 0 s                 ; 2.32 V                       ; 4.49e-09 V                   ; 2.38 V              ; -0.00552 V          ; 0.096 V                              ; 0.019 V                              ; 4.18e-10 s                  ; 3.59e-10 s                  ; No                         ; Yes                        ; 2.32 V                      ; 4.49e-09 V                  ; 2.38 V             ; -0.00552 V         ; 0.096 V                             ; 0.019 V                             ; 4.18e-10 s                 ; 3.59e-10 s                 ; No                        ; Yes                       ;
; segment1[3]   ; 2.5 V        ; 0 s                 ; 0 s                 ; 2.32 V                       ; 4.49e-09 V                   ; 2.38 V              ; -0.00552 V          ; 0.096 V                              ; 0.019 V                              ; 4.18e-10 s                  ; 3.59e-10 s                  ; No                         ; Yes                        ; 2.32 V                      ; 4.49e-09 V                  ; 2.38 V             ; -0.00552 V         ; 0.096 V                             ; 0.019 V                             ; 4.18e-10 s                 ; 3.59e-10 s                 ; No                        ; Yes                       ;
; segment1[4]   ; 2.5 V        ; 0 s                 ; 0 s                 ; 2.32 V                       ; 4.49e-09 V                   ; 2.38 V              ; -0.00552 V          ; 0.096 V                              ; 0.019 V                              ; 4.18e-10 s                  ; 3.59e-10 s                  ; No                         ; Yes                        ; 2.32 V                      ; 4.49e-09 V                  ; 2.38 V             ; -0.00552 V         ; 0.096 V                             ; 0.019 V                             ; 4.18e-10 s                 ; 3.59e-10 s                 ; No                        ; Yes                       ;
; segment1[5]   ; 2.5 V        ; 0 s                 ; 0 s                 ; 2.32 V                       ; 4.49e-09 V                   ; 2.38 V              ; -0.00552 V          ; 0.096 V                              ; 0.019 V                              ; 4.18e-10 s                  ; 3.59e-10 s                  ; No                         ; Yes                        ; 2.32 V                      ; 4.49e-09 V                  ; 2.38 V             ; -0.00552 V         ; 0.096 V                             ; 0.019 V                             ; 4.18e-10 s                 ; 3.59e-10 s                 ; No                        ; Yes                       ;
; segment1[6]   ; 2.5 V        ; 0 s                 ; 0 s                 ; 2.32 V                       ; 4.49e-09 V                   ; 2.38 V              ; -0.00552 V          ; 0.096 V                              ; 0.019 V                              ; 4.18e-10 s                  ; 3.59e-10 s                  ; No                         ; Yes                        ; 2.32 V                      ; 4.49e-09 V                  ; 2.38 V             ; -0.00552 V         ; 0.096 V                             ; 0.019 V                             ; 4.18e-10 s                 ; 3.59e-10 s                 ; No                        ; Yes                       ;
; ~ALTERA_DCLK~ ; 2.5 V        ; 0 s                 ; 0 s                 ; 2.32 V                       ; 2.67e-09 V                   ; 2.38 V              ; -0.0485 V           ; 0.167 V                              ; 0.096 V                              ; 2.95e-10 s                  ; 2.73e-10 s                  ; Yes                        ; Yes                        ; 2.32 V                      ; 2.67e-09 V                  ; 2.38 V             ; -0.0485 V          ; 0.167 V                             ; 0.096 V                             ; 2.95e-10 s                 ; 2.73e-10 s                 ; Yes                       ; Yes                       ;
; ~ALTERA_nCEO~ ; 2.5 V        ; 0 s                 ; 0 s                 ; 2.32 V                       ; 4.18e-09 V                   ; 2.38 V              ; -0.00483 V          ; 0.152 V                              ; 0.012 V                              ; 4.81e-10 s                  ; 6.29e-10 s                  ; Yes                        ; Yes                        ; 2.32 V                      ; 4.18e-09 V                  ; 2.38 V             ; -0.00483 V         ; 0.152 V                             ; 0.012 V                             ; 4.81e-10 s                 ; 6.29e-10 s                 ; Yes                       ; Yes                       ;
+---------------+--------------+---------------------+---------------------+------------------------------+------------------------------+---------------------+---------------------+--------------------------------------+--------------------------------------+-----------------------------+-----------------------------+----------------------------+----------------------------+-----------------------------+-----------------------------+--------------------+--------------------+-------------------------------------+-------------------------------------+----------------------------+----------------------------+---------------------------+---------------------------+


+--------------------------------------------------------------------------------------------------------------------------------------------------------------------------------------------------------------------------------------------------------------------------------------------------------------------------------------------------------------------------------------------------------------------------------------------------------------------------------------------------------------------------------------------------------------------------------------------------------------------------------------------------------------------------------------------+
; Signal Integrity Metrics (Slow 1200mv 85c Model)                                                                                                                                                                                                                                                                                                                                                                                                                                                                                                                                                                                                                                           ;
+---------------+--------------+---------------------+---------------------+------------------------------+------------------------------+---------------------+---------------------+--------------------------------------+--------------------------------------+-----------------------------+-----------------------------+----------------------------+----------------------------+-----------------------------+-----------------------------+--------------------+--------------------+-------------------------------------+-------------------------------------+----------------------------+----------------------------+---------------------------+---------------------------+
; Pin           ; I/O Standard ; Board Delay on Rise ; Board Delay on Fall ; Steady State Voh at FPGA Pin ; Steady State Vol at FPGA Pin ; Voh Max at FPGA Pin ; Vol Min at FPGA Pin ; Ringback Voltage on Rise at FPGA Pin ; Ringback Voltage on Fall at FPGA Pin ; 10-90 Rise Time at FPGA Pin ; 90-10 Fall Time at FPGA Pin ; Monotonic Rise at FPGA Pin ; Monotonic Fall at FPGA Pin ; Steady State Voh at Far-end ; Steady State Vol at Far-end ; Voh Max at Far-end ; Vol Min at Far-end ; Ringback Voltage on Rise at Far-end ; Ringback Voltage on Fall at Far-end ; 10-90 Rise Time at Far-end ; 90-10 Fall Time at Far-end ; Monotonic Rise at Far-end ; Monotonic Fall at Far-end ;
+---------------+--------------+---------------------+---------------------+------------------------------+------------------------------+---------------------+---------------------+--------------------------------------+--------------------------------------+-----------------------------+-----------------------------+----------------------------+----------------------------+-----------------------------+-----------------------------+--------------------+--------------------+-------------------------------------+-------------------------------------+----------------------------+----------------------------+---------------------------+---------------------------+
; segment4[0]   ; 2.5 V        ; 0 s                 ; 0 s                 ; 2.32 V                       ; 6.92e-07 V                   ; 2.35 V              ; -0.00996 V          ; 0.121 V                              ; 0.03 V                               ; 4.64e-10 s                  ; 4.47e-10 s                  ; Yes                        ; Yes                        ; 2.32 V                      ; 6.92e-07 V                  ; 2.35 V             ; -0.00996 V         ; 0.121 V                             ; 0.03 V                              ; 4.64e-10 s                 ; 4.47e-10 s                 ; Yes                       ; Yes                       ;
; segment4[1]   ; 2.5 V        ; 0 s                 ; 0 s                 ; 2.32 V                       ; 6.92e-07 V                   ; 2.35 V              ; -0.00996 V          ; 0.121 V                              ; 0.03 V                               ; 4.64e-10 s                  ; 4.47e-10 s                  ; Yes                        ; Yes                        ; 2.32 V                      ; 6.92e-07 V                  ; 2.35 V             ; -0.00996 V         ; 0.121 V                             ; 0.03 V                              ; 4.64e-10 s                 ; 4.47e-10 s                 ; Yes                       ; Yes                       ;
; segment4[2]   ; 2.5 V        ; 0 s                 ; 0 s                 ; 2.32 V                       ; 6.92e-07 V                   ; 2.35 V              ; -0.00996 V          ; 0.121 V                              ; 0.03 V                               ; 4.64e-10 s                  ; 4.47e-10 s                  ; Yes                        ; Yes                        ; 2.32 V                      ; 6.92e-07 V                  ; 2.35 V             ; -0.00996 V         ; 0.121 V                             ; 0.03 V                              ; 4.64e-10 s                 ; 4.47e-10 s                 ; Yes                       ; Yes                       ;
; segment4[3]   ; 2.5 V        ; 0 s                 ; 0 s                 ; 2.32 V                       ; 6.92e-07 V                   ; 2.35 V              ; -0.00996 V          ; 0.121 V                              ; 0.03 V                               ; 4.64e-10 s                  ; 4.47e-10 s                  ; Yes                        ; Yes                        ; 2.32 V                      ; 6.92e-07 V                  ; 2.35 V             ; -0.00996 V         ; 0.121 V                             ; 0.03 V                              ; 4.64e-10 s                 ; 4.47e-10 s                 ; Yes                       ; Yes                       ;
; segment4[4]   ; 2.5 V        ; 0 s                 ; 0 s                 ; 2.32 V                       ; 6.92e-07 V                   ; 2.35 V              ; -0.00996 V          ; 0.121 V                              ; 0.03 V                               ; 4.64e-10 s                  ; 4.47e-10 s                  ; Yes                        ; Yes                        ; 2.32 V                      ; 6.92e-07 V                  ; 2.35 V             ; -0.00996 V         ; 0.121 V                             ; 0.03 V                              ; 4.64e-10 s                 ; 4.47e-10 s                 ; Yes                       ; Yes                       ;
; segment4[5]   ; 2.5 V        ; 0 s                 ; 0 s                 ; 2.32 V                       ; 6.92e-07 V                   ; 2.35 V              ; -0.00996 V          ; 0.121 V                              ; 0.03 V                               ; 4.64e-10 s                  ; 4.47e-10 s                  ; Yes                        ; Yes                        ; 2.32 V                      ; 6.92e-07 V                  ; 2.35 V             ; -0.00996 V         ; 0.121 V                             ; 0.03 V                              ; 4.64e-10 s                 ; 4.47e-10 s                 ; Yes                       ; Yes                       ;
; segment4[6]   ; 2.5 V        ; 0 s                 ; 0 s                 ; 2.32 V                       ; 6.92e-07 V                   ; 2.35 V              ; -0.00996 V          ; 0.121 V                              ; 0.03 V                               ; 4.64e-10 s                  ; 4.47e-10 s                  ; Yes                        ; Yes                        ; 2.32 V                      ; 6.92e-07 V                  ; 2.35 V             ; -0.00996 V         ; 0.121 V                             ; 0.03 V                              ; 4.64e-10 s                 ; 4.47e-10 s                 ; Yes                       ; Yes                       ;
; segment3[0]   ; 2.5 V        ; 0 s                 ; 0 s                 ; 2.32 V                       ; 6.92e-07 V                   ; 2.35 V              ; -0.00996 V          ; 0.121 V                              ; 0.03 V                               ; 4.64e-10 s                  ; 4.47e-10 s                  ; Yes                        ; Yes                        ; 2.32 V                      ; 6.92e-07 V                  ; 2.35 V             ; -0.00996 V         ; 0.121 V                             ; 0.03 V                              ; 4.64e-10 s                 ; 4.47e-10 s                 ; Yes                       ; Yes                       ;
; segment3[1]   ; 2.5 V        ; 0 s                 ; 0 s                 ; 2.32 V                       ; 6.92e-07 V                   ; 2.35 V              ; -0.00996 V          ; 0.121 V                              ; 0.03 V                               ; 4.64e-10 s                  ; 4.47e-10 s                  ; Yes                        ; Yes                        ; 2.32 V                      ; 6.92e-07 V                  ; 2.35 V             ; -0.00996 V         ; 0.121 V                             ; 0.03 V                              ; 4.64e-10 s                 ; 4.47e-10 s                 ; Yes                       ; Yes                       ;
; segment3[2]   ; 2.5 V        ; 0 s                 ; 0 s                 ; 2.32 V                       ; 6.92e-07 V                   ; 2.35 V              ; -0.00996 V          ; 0.121 V                              ; 0.03 V                               ; 4.64e-10 s                  ; 4.47e-10 s                  ; Yes                        ; Yes                        ; 2.32 V                      ; 6.92e-07 V                  ; 2.35 V             ; -0.00996 V         ; 0.121 V                             ; 0.03 V                              ; 4.64e-10 s                 ; 4.47e-10 s                 ; Yes                       ; Yes                       ;
; segment3[3]   ; 2.5 V        ; 0 s                 ; 0 s                 ; 2.32 V                       ; 6.92e-07 V                   ; 2.35 V              ; -0.00996 V          ; 0.121 V                              ; 0.03 V                               ; 4.64e-10 s                  ; 4.47e-10 s                  ; Yes                        ; Yes                        ; 2.32 V                      ; 6.92e-07 V                  ; 2.35 V             ; -0.00996 V         ; 0.121 V                             ; 0.03 V                              ; 4.64e-10 s                 ; 4.47e-10 s                 ; Yes                       ; Yes                       ;
; segment3[4]   ; 2.5 V        ; 0 s                 ; 0 s                 ; 2.32 V                       ; 6.92e-07 V                   ; 2.33 V              ; -0.00265 V          ; 0.133 V                              ; 0.056 V                              ; 3.55e-09 s                  ; 3.31e-09 s                  ; Yes                        ; Yes                        ; 2.32 V                      ; 6.92e-07 V                  ; 2.33 V             ; -0.00265 V         ; 0.133 V                             ; 0.056 V                             ; 3.55e-09 s                 ; 3.31e-09 s                 ; Yes                       ; Yes                       ;
; segment3[5]   ; 2.5 V        ; 0 s                 ; 0 s                 ; 2.32 V                       ; 6.92e-07 V                   ; 2.35 V              ; -0.00996 V          ; 0.121 V                              ; 0.03 V                               ; 4.64e-10 s                  ; 4.47e-10 s                  ; Yes                        ; Yes                        ; 2.32 V                      ; 6.92e-07 V                  ; 2.35 V             ; -0.00996 V         ; 0.121 V                             ; 0.03 V                              ; 4.64e-10 s                 ; 4.47e-10 s                 ; Yes                       ; Yes                       ;
; segment3[6]   ; 2.5 V        ; 0 s                 ; 0 s                 ; 2.32 V                       ; 6.92e-07 V                   ; 2.35 V              ; -0.00996 V          ; 0.121 V                              ; 0.03 V                               ; 4.64e-10 s                  ; 4.47e-10 s                  ; Yes                        ; Yes                        ; 2.32 V                      ; 6.92e-07 V                  ; 2.35 V             ; -0.00996 V         ; 0.121 V                             ; 0.03 V                              ; 4.64e-10 s                 ; 4.47e-10 s                 ; Yes                       ; Yes                       ;
; segment2[0]   ; 2.5 V        ; 0 s                 ; 0 s                 ; 2.32 V                       ; 6.92e-07 V                   ; 2.35 V              ; -0.00996 V          ; 0.121 V                              ; 0.03 V                               ; 4.64e-10 s                  ; 4.47e-10 s                  ; Yes                        ; Yes                        ; 2.32 V                      ; 6.92e-07 V                  ; 2.35 V             ; -0.00996 V         ; 0.121 V                             ; 0.03 V                              ; 4.64e-10 s                 ; 4.47e-10 s                 ; Yes                       ; Yes                       ;
; segment2[1]   ; 2.5 V        ; 0 s                 ; 0 s                 ; 2.32 V                       ; 6.92e-07 V                   ; 2.35 V              ; -0.00996 V          ; 0.121 V                              ; 0.03 V                               ; 4.64e-10 s                  ; 4.47e-10 s                  ; Yes                        ; Yes                        ; 2.32 V                      ; 6.92e-07 V                  ; 2.35 V             ; -0.00996 V         ; 0.121 V                             ; 0.03 V                              ; 4.64e-10 s                 ; 4.47e-10 s                 ; Yes                       ; Yes                       ;
; segment2[2]   ; 2.5 V        ; 0 s                 ; 0 s                 ; 2.32 V                       ; 6.92e-07 V                   ; 2.35 V              ; -0.00996 V          ; 0.121 V                              ; 0.03 V                               ; 4.64e-10 s                  ; 4.47e-10 s                  ; Yes                        ; Yes                        ; 2.32 V                      ; 6.92e-07 V                  ; 2.35 V             ; -0.00996 V         ; 0.121 V                             ; 0.03 V                              ; 4.64e-10 s                 ; 4.47e-10 s                 ; Yes                       ; Yes                       ;
; segment2[3]   ; 2.5 V        ; 0 s                 ; 0 s                 ; 2.32 V                       ; 6.92e-07 V                   ; 2.35 V              ; -0.00996 V          ; 0.121 V                              ; 0.03 V                               ; 4.64e-10 s                  ; 4.47e-10 s                  ; Yes                        ; Yes                        ; 2.32 V                      ; 6.92e-07 V                  ; 2.35 V             ; -0.00996 V         ; 0.121 V                             ; 0.03 V                              ; 4.64e-10 s                 ; 4.47e-10 s                 ; Yes                       ; Yes                       ;
; segment2[4]   ; 2.5 V        ; 0 s                 ; 0 s                 ; 2.32 V                       ; 6.92e-07 V                   ; 2.35 V              ; -0.00996 V          ; 0.121 V                              ; 0.03 V                               ; 4.64e-10 s                  ; 4.47e-10 s                  ; Yes                        ; Yes                        ; 2.32 V                      ; 6.92e-07 V                  ; 2.35 V             ; -0.00996 V         ; 0.121 V                             ; 0.03 V                              ; 4.64e-10 s                 ; 4.47e-10 s                 ; Yes                       ; Yes                       ;
; segment2[5]   ; 2.5 V        ; 0 s                 ; 0 s                 ; 2.32 V                       ; 6.92e-07 V                   ; 2.35 V              ; -0.00996 V          ; 0.121 V                              ; 0.03 V                               ; 4.64e-10 s                  ; 4.47e-10 s                  ; Yes                        ; Yes                        ; 2.32 V                      ; 6.92e-07 V                  ; 2.35 V             ; -0.00996 V         ; 0.121 V                             ; 0.03 V                              ; 4.64e-10 s                 ; 4.47e-10 s                 ; Yes                       ; Yes                       ;
; segment2[6]   ; 2.5 V        ; 0 s                 ; 0 s                 ; 2.32 V                       ; 6.92e-07 V                   ; 2.35 V              ; -0.00996 V          ; 0.121 V                              ; 0.03 V                               ; 4.64e-10 s                  ; 4.47e-10 s                  ; Yes                        ; Yes                        ; 2.32 V                      ; 6.92e-07 V                  ; 2.35 V             ; -0.00996 V         ; 0.121 V                             ; 0.03 V                              ; 4.64e-10 s                 ; 4.47e-10 s                 ; Yes                       ; Yes                       ;
; segment1[0]   ; 2.5 V        ; 0 s                 ; 0 s                 ; 2.32 V                       ; 6.92e-07 V                   ; 2.35 V              ; -0.00996 V          ; 0.121 V                              ; 0.03 V                               ; 4.64e-10 s                  ; 4.47e-10 s                  ; Yes                        ; Yes                        ; 2.32 V                      ; 6.92e-07 V                  ; 2.35 V             ; -0.00996 V         ; 0.121 V                             ; 0.03 V                              ; 4.64e-10 s                 ; 4.47e-10 s                 ; Yes                       ; Yes                       ;
; segment1[1]   ; 2.5 V        ; 0 s                 ; 0 s                 ; 2.32 V                       ; 6.92e-07 V                   ; 2.35 V              ; -0.00996 V          ; 0.121 V                              ; 0.03 V                               ; 4.64e-10 s                  ; 4.47e-10 s                  ; Yes                        ; Yes                        ; 2.32 V                      ; 6.92e-07 V                  ; 2.35 V             ; -0.00996 V         ; 0.121 V                             ; 0.03 V                              ; 4.64e-10 s                 ; 4.47e-10 s                 ; Yes                       ; Yes                       ;
; segment1[2]   ; 2.5 V        ; 0 s                 ; 0 s                 ; 2.32 V                       ; 6.92e-07 V                   ; 2.35 V              ; -0.00996 V          ; 0.121 V                              ; 0.03 V                               ; 4.64e-10 s                  ; 4.47e-10 s                  ; Yes                        ; Yes                        ; 2.32 V                      ; 6.92e-07 V                  ; 2.35 V             ; -0.00996 V         ; 0.121 V                             ; 0.03 V                              ; 4.64e-10 s                 ; 4.47e-10 s                 ; Yes                       ; Yes                       ;
; segment1[3]   ; 2.5 V        ; 0 s                 ; 0 s                 ; 2.32 V                       ; 6.92e-07 V                   ; 2.35 V              ; -0.00996 V          ; 0.121 V                              ; 0.03 V                               ; 4.64e-10 s                  ; 4.47e-10 s                  ; Yes                        ; Yes                        ; 2.32 V                      ; 6.92e-07 V                  ; 2.35 V             ; -0.00996 V         ; 0.121 V                             ; 0.03 V                              ; 4.64e-10 s                 ; 4.47e-10 s                 ; Yes                       ; Yes                       ;
; segment1[4]   ; 2.5 V        ; 0 s                 ; 0 s                 ; 2.32 V                       ; 6.92e-07 V                   ; 2.35 V              ; -0.00996 V          ; 0.121 V                              ; 0.03 V                               ; 4.64e-10 s                  ; 4.47e-10 s                  ; Yes                        ; Yes                        ; 2.32 V                      ; 6.92e-07 V                  ; 2.35 V             ; -0.00996 V         ; 0.121 V                             ; 0.03 V                              ; 4.64e-10 s                 ; 4.47e-10 s                 ; Yes                       ; Yes                       ;
; segment1[5]   ; 2.5 V        ; 0 s                 ; 0 s                 ; 2.32 V                       ; 6.92e-07 V                   ; 2.35 V              ; -0.00996 V          ; 0.121 V                              ; 0.03 V                               ; 4.64e-10 s                  ; 4.47e-10 s                  ; Yes                        ; Yes                        ; 2.32 V                      ; 6.92e-07 V                  ; 2.35 V             ; -0.00996 V         ; 0.121 V                             ; 0.03 V                              ; 4.64e-10 s                 ; 4.47e-10 s                 ; Yes                       ; Yes                       ;
; segment1[6]   ; 2.5 V        ; 0 s                 ; 0 s                 ; 2.32 V                       ; 6.92e-07 V                   ; 2.35 V              ; -0.00996 V          ; 0.121 V                              ; 0.03 V                               ; 4.64e-10 s                  ; 4.47e-10 s                  ; Yes                        ; Yes                        ; 2.32 V                      ; 6.92e-07 V                  ; 2.35 V             ; -0.00996 V         ; 0.121 V                             ; 0.03 V                              ; 4.64e-10 s                 ; 4.47e-10 s                 ; Yes                       ; Yes                       ;
; ~ALTERA_DCLK~ ; 2.5 V        ; 0 s                 ; 0 s                 ; 2.32 V                       ; 3.75e-07 V                   ; 2.35 V              ; -0.0109 V           ; 0.084 V                              ; 0.027 V                              ; 4.31e-10 s                  ; 3.61e-10 s                  ; Yes                        ; Yes                        ; 2.32 V                      ; 3.75e-07 V                  ; 2.35 V             ; -0.0109 V          ; 0.084 V                             ; 0.027 V                             ; 4.31e-10 s                 ; 3.61e-10 s                 ; Yes                       ; Yes                       ;
; ~ALTERA_nCEO~ ; 2.5 V        ; 0 s                 ; 0 s                 ; 2.32 V                       ; 6.15e-07 V                   ; 2.35 V              ; -0.00712 V          ; 0.093 V                              ; 0.02 V                               ; 6.21e-10 s                  ; 7.9e-10 s                   ; Yes                        ; Yes                        ; 2.32 V                      ; 6.15e-07 V                  ; 2.35 V             ; -0.00712 V         ; 0.093 V                             ; 0.02 V                              ; 6.21e-10 s                 ; 7.9e-10 s                  ; Yes                       ; Yes                       ;
+---------------+--------------+---------------------+---------------------+------------------------------+------------------------------+---------------------+---------------------+--------------------------------------+--------------------------------------+-----------------------------+-----------------------------+----------------------------+----------------------------+-----------------------------+-----------------------------+--------------------+--------------------+-------------------------------------+-------------------------------------+----------------------------+----------------------------+---------------------------+---------------------------+


+--------------------------------------------------------------------------------------------------------------------------------------------------------------------------------------------------------------------------------------------------------------------------------------------------------------------------------------------------------------------------------------------------------------------------------------------------------------------------------------------------------------------------------------------------------------------------------------------------------------------------------------------------------------------------------------------+
; Signal Integrity Metrics (Fast 1200mv 0c Model)                                                                                                                                                                                                                                                                                                                                                                                                                                                                                                                                                                                                                                            ;
+---------------+--------------+---------------------+---------------------+------------------------------+------------------------------+---------------------+---------------------+--------------------------------------+--------------------------------------+-----------------------------+-----------------------------+----------------------------+----------------------------+-----------------------------+-----------------------------+--------------------+--------------------+-------------------------------------+-------------------------------------+----------------------------+----------------------------+---------------------------+---------------------------+
; Pin           ; I/O Standard ; Board Delay on Rise ; Board Delay on Fall ; Steady State Voh at FPGA Pin ; Steady State Vol at FPGA Pin ; Voh Max at FPGA Pin ; Vol Min at FPGA Pin ; Ringback Voltage on Rise at FPGA Pin ; Ringback Voltage on Fall at FPGA Pin ; 10-90 Rise Time at FPGA Pin ; 90-10 Fall Time at FPGA Pin ; Monotonic Rise at FPGA Pin ; Monotonic Fall at FPGA Pin ; Steady State Voh at Far-end ; Steady State Vol at Far-end ; Voh Max at Far-end ; Vol Min at Far-end ; Ringback Voltage on Rise at Far-end ; Ringback Voltage on Fall at Far-end ; 10-90 Rise Time at Far-end ; 90-10 Fall Time at Far-end ; Monotonic Rise at Far-end ; Monotonic Fall at Far-end ;
+---------------+--------------+---------------------+---------------------+------------------------------+------------------------------+---------------------+---------------------+--------------------------------------+--------------------------------------+-----------------------------+-----------------------------+----------------------------+----------------------------+-----------------------------+-----------------------------+--------------------+--------------------+-------------------------------------+-------------------------------------+----------------------------+----------------------------+---------------------------+---------------------------+
; segment4[0]   ; 2.5 V        ; 0 s                 ; 0 s                 ; 2.62 V                       ; 4.05e-08 V                   ; 2.72 V              ; -0.0349 V           ; 0.173 V                              ; 0.1 V                                ; 2.72e-10 s                  ; 2.69e-10 s                  ; Yes                        ; Yes                        ; 2.62 V                      ; 4.05e-08 V                  ; 2.72 V             ; -0.0349 V          ; 0.173 V                             ; 0.1 V                               ; 2.72e-10 s                 ; 2.69e-10 s                 ; Yes                       ; Yes                       ;
; segment4[1]   ; 2.5 V        ; 0 s                 ; 0 s                 ; 2.62 V                       ; 4.05e-08 V                   ; 2.72 V              ; -0.0349 V           ; 0.173 V                              ; 0.1 V                                ; 2.72e-10 s                  ; 2.69e-10 s                  ; Yes                        ; Yes                        ; 2.62 V                      ; 4.05e-08 V                  ; 2.72 V             ; -0.0349 V          ; 0.173 V                             ; 0.1 V                               ; 2.72e-10 s                 ; 2.69e-10 s                 ; Yes                       ; Yes                       ;
; segment4[2]   ; 2.5 V        ; 0 s                 ; 0 s                 ; 2.62 V                       ; 4.05e-08 V                   ; 2.72 V              ; -0.0349 V           ; 0.173 V                              ; 0.1 V                                ; 2.72e-10 s                  ; 2.69e-10 s                  ; Yes                        ; Yes                        ; 2.62 V                      ; 4.05e-08 V                  ; 2.72 V             ; -0.0349 V          ; 0.173 V                             ; 0.1 V                               ; 2.72e-10 s                 ; 2.69e-10 s                 ; Yes                       ; Yes                       ;
; segment4[3]   ; 2.5 V        ; 0 s                 ; 0 s                 ; 2.62 V                       ; 4.05e-08 V                   ; 2.72 V              ; -0.0349 V           ; 0.173 V                              ; 0.1 V                                ; 2.72e-10 s                  ; 2.69e-10 s                  ; Yes                        ; Yes                        ; 2.62 V                      ; 4.05e-08 V                  ; 2.72 V             ; -0.0349 V          ; 0.173 V                             ; 0.1 V                               ; 2.72e-10 s                 ; 2.69e-10 s                 ; Yes                       ; Yes                       ;
; segment4[4]   ; 2.5 V        ; 0 s                 ; 0 s                 ; 2.62 V                       ; 4.05e-08 V                   ; 2.72 V              ; -0.0349 V           ; 0.173 V                              ; 0.1 V                                ; 2.72e-10 s                  ; 2.69e-10 s                  ; Yes                        ; Yes                        ; 2.62 V                      ; 4.05e-08 V                  ; 2.72 V             ; -0.0349 V          ; 0.173 V                             ; 0.1 V                               ; 2.72e-10 s                 ; 2.69e-10 s                 ; Yes                       ; Yes                       ;
; segment4[5]   ; 2.5 V        ; 0 s                 ; 0 s                 ; 2.62 V                       ; 4.05e-08 V                   ; 2.72 V              ; -0.0349 V           ; 0.173 V                              ; 0.1 V                                ; 2.72e-10 s                  ; 2.69e-10 s                  ; Yes                        ; Yes                        ; 2.62 V                      ; 4.05e-08 V                  ; 2.72 V             ; -0.0349 V          ; 0.173 V                             ; 0.1 V                               ; 2.72e-10 s                 ; 2.69e-10 s                 ; Yes                       ; Yes                       ;
; segment4[6]   ; 2.5 V        ; 0 s                 ; 0 s                 ; 2.62 V                       ; 4.05e-08 V                   ; 2.72 V              ; -0.0349 V           ; 0.173 V                              ; 0.1 V                                ; 2.72e-10 s                  ; 2.69e-10 s                  ; Yes                        ; Yes                        ; 2.62 V                      ; 4.05e-08 V                  ; 2.72 V             ; -0.0349 V          ; 0.173 V                             ; 0.1 V                               ; 2.72e-10 s                 ; 2.69e-10 s                 ; Yes                       ; Yes                       ;
; segment3[0]   ; 2.5 V        ; 0 s                 ; 0 s                 ; 2.62 V                       ; 4.05e-08 V                   ; 2.72 V              ; -0.0349 V           ; 0.173 V                              ; 0.1 V                                ; 2.72e-10 s                  ; 2.69e-10 s                  ; Yes                        ; Yes                        ; 2.62 V                      ; 4.05e-08 V                  ; 2.72 V             ; -0.0349 V          ; 0.173 V                             ; 0.1 V                               ; 2.72e-10 s                 ; 2.69e-10 s                 ; Yes                       ; Yes                       ;
; segment3[1]   ; 2.5 V        ; 0 s                 ; 0 s                 ; 2.62 V                       ; 4.05e-08 V                   ; 2.72 V              ; -0.0349 V           ; 0.173 V                              ; 0.1 V                                ; 2.72e-10 s                  ; 2.69e-10 s                  ; Yes                        ; Yes                        ; 2.62 V                      ; 4.05e-08 V                  ; 2.72 V             ; -0.0349 V          ; 0.173 V                             ; 0.1 V                               ; 2.72e-10 s                 ; 2.69e-10 s                 ; Yes                       ; Yes                       ;
; segment3[2]   ; 2.5 V        ; 0 s                 ; 0 s                 ; 2.62 V                       ; 4.05e-08 V                   ; 2.72 V              ; -0.0349 V           ; 0.173 V                              ; 0.1 V                                ; 2.72e-10 s                  ; 2.69e-10 s                  ; Yes                        ; Yes                        ; 2.62 V                      ; 4.05e-08 V                  ; 2.72 V             ; -0.0349 V          ; 0.173 V                             ; 0.1 V                               ; 2.72e-10 s                 ; 2.69e-10 s                 ; Yes                       ; Yes                       ;
; segment3[3]   ; 2.5 V        ; 0 s                 ; 0 s                 ; 2.62 V                       ; 4.05e-08 V                   ; 2.72 V              ; -0.0349 V           ; 0.173 V                              ; 0.1 V                                ; 2.72e-10 s                  ; 2.69e-10 s                  ; Yes                        ; Yes                        ; 2.62 V                      ; 4.05e-08 V                  ; 2.72 V             ; -0.0349 V          ; 0.173 V                             ; 0.1 V                               ; 2.72e-10 s                 ; 2.69e-10 s                 ; Yes                       ; Yes                       ;
; segment3[4]   ; 2.5 V        ; 0 s                 ; 0 s                 ; 2.62 V                       ; 4.05e-08 V                   ; 2.64 V              ; -0.0113 V           ; 0.208 V                              ; 0.179 V                              ; 2.38e-09 s                  ; 2.23e-09 s                  ; No                         ; Yes                        ; 2.62 V                      ; 4.05e-08 V                  ; 2.64 V             ; -0.0113 V          ; 0.208 V                             ; 0.179 V                             ; 2.38e-09 s                 ; 2.23e-09 s                 ; No                        ; Yes                       ;
; segment3[5]   ; 2.5 V        ; 0 s                 ; 0 s                 ; 2.62 V                       ; 4.05e-08 V                   ; 2.72 V              ; -0.0349 V           ; 0.173 V                              ; 0.1 V                                ; 2.72e-10 s                  ; 2.69e-10 s                  ; Yes                        ; Yes                        ; 2.62 V                      ; 4.05e-08 V                  ; 2.72 V             ; -0.0349 V          ; 0.173 V                             ; 0.1 V                               ; 2.72e-10 s                 ; 2.69e-10 s                 ; Yes                       ; Yes                       ;
; segment3[6]   ; 2.5 V        ; 0 s                 ; 0 s                 ; 2.62 V                       ; 4.05e-08 V                   ; 2.72 V              ; -0.0349 V           ; 0.173 V                              ; 0.1 V                                ; 2.72e-10 s                  ; 2.69e-10 s                  ; Yes                        ; Yes                        ; 2.62 V                      ; 4.05e-08 V                  ; 2.72 V             ; -0.0349 V          ; 0.173 V                             ; 0.1 V                               ; 2.72e-10 s                 ; 2.69e-10 s                 ; Yes                       ; Yes                       ;
; segment2[0]   ; 2.5 V        ; 0 s                 ; 0 s                 ; 2.62 V                       ; 4.05e-08 V                   ; 2.72 V              ; -0.0349 V           ; 0.173 V                              ; 0.1 V                                ; 2.72e-10 s                  ; 2.69e-10 s                  ; Yes                        ; Yes                        ; 2.62 V                      ; 4.05e-08 V                  ; 2.72 V             ; -0.0349 V          ; 0.173 V                             ; 0.1 V                               ; 2.72e-10 s                 ; 2.69e-10 s                 ; Yes                       ; Yes                       ;
; segment2[1]   ; 2.5 V        ; 0 s                 ; 0 s                 ; 2.62 V                       ; 4.05e-08 V                   ; 2.72 V              ; -0.0349 V           ; 0.173 V                              ; 0.1 V                                ; 2.72e-10 s                  ; 2.69e-10 s                  ; Yes                        ; Yes                        ; 2.62 V                      ; 4.05e-08 V                  ; 2.72 V             ; -0.0349 V          ; 0.173 V                             ; 0.1 V                               ; 2.72e-10 s                 ; 2.69e-10 s                 ; Yes                       ; Yes                       ;
; segment2[2]   ; 2.5 V        ; 0 s                 ; 0 s                 ; 2.62 V                       ; 4.05e-08 V                   ; 2.72 V              ; -0.0349 V           ; 0.173 V                              ; 0.1 V                                ; 2.72e-10 s                  ; 2.69e-10 s                  ; Yes                        ; Yes                        ; 2.62 V                      ; 4.05e-08 V                  ; 2.72 V             ; -0.0349 V          ; 0.173 V                             ; 0.1 V                               ; 2.72e-10 s                 ; 2.69e-10 s                 ; Yes                       ; Yes                       ;
; segment2[3]   ; 2.5 V        ; 0 s                 ; 0 s                 ; 2.62 V                       ; 4.05e-08 V                   ; 2.72 V              ; -0.0349 V           ; 0.173 V                              ; 0.1 V                                ; 2.72e-10 s                  ; 2.69e-10 s                  ; Yes                        ; Yes                        ; 2.62 V                      ; 4.05e-08 V                  ; 2.72 V             ; -0.0349 V          ; 0.173 V                             ; 0.1 V                               ; 2.72e-10 s                 ; 2.69e-10 s                 ; Yes                       ; Yes                       ;
; segment2[4]   ; 2.5 V        ; 0 s                 ; 0 s                 ; 2.62 V                       ; 4.05e-08 V                   ; 2.72 V              ; -0.0349 V           ; 0.173 V                              ; 0.1 V                                ; 2.72e-10 s                  ; 2.69e-10 s                  ; Yes                        ; Yes                        ; 2.62 V                      ; 4.05e-08 V                  ; 2.72 V             ; -0.0349 V          ; 0.173 V                             ; 0.1 V                               ; 2.72e-10 s                 ; 2.69e-10 s                 ; Yes                       ; Yes                       ;
; segment2[5]   ; 2.5 V        ; 0 s                 ; 0 s                 ; 2.62 V                       ; 4.05e-08 V                   ; 2.72 V              ; -0.0349 V           ; 0.173 V                              ; 0.1 V                                ; 2.72e-10 s                  ; 2.69e-10 s                  ; Yes                        ; Yes                        ; 2.62 V                      ; 4.05e-08 V                  ; 2.72 V             ; -0.0349 V          ; 0.173 V                             ; 0.1 V                               ; 2.72e-10 s                 ; 2.69e-10 s                 ; Yes                       ; Yes                       ;
; segment2[6]   ; 2.5 V        ; 0 s                 ; 0 s                 ; 2.62 V                       ; 4.05e-08 V                   ; 2.72 V              ; -0.0349 V           ; 0.173 V                              ; 0.1 V                                ; 2.72e-10 s                  ; 2.69e-10 s                  ; Yes                        ; Yes                        ; 2.62 V                      ; 4.05e-08 V                  ; 2.72 V             ; -0.0349 V          ; 0.173 V                             ; 0.1 V                               ; 2.72e-10 s                 ; 2.69e-10 s                 ; Yes                       ; Yes                       ;
; segment1[0]   ; 2.5 V        ; 0 s                 ; 0 s                 ; 2.62 V                       ; 4.05e-08 V                   ; 2.72 V              ; -0.0349 V           ; 0.173 V                              ; 0.1 V                                ; 2.72e-10 s                  ; 2.69e-10 s                  ; Yes                        ; Yes                        ; 2.62 V                      ; 4.05e-08 V                  ; 2.72 V             ; -0.0349 V          ; 0.173 V                             ; 0.1 V                               ; 2.72e-10 s                 ; 2.69e-10 s                 ; Yes                       ; Yes                       ;
; segment1[1]   ; 2.5 V        ; 0 s                 ; 0 s                 ; 2.62 V                       ; 4.05e-08 V                   ; 2.72 V              ; -0.0349 V           ; 0.173 V                              ; 0.1 V                                ; 2.72e-10 s                  ; 2.69e-10 s                  ; Yes                        ; Yes                        ; 2.62 V                      ; 4.05e-08 V                  ; 2.72 V             ; -0.0349 V          ; 0.173 V                             ; 0.1 V                               ; 2.72e-10 s                 ; 2.69e-10 s                 ; Yes                       ; Yes                       ;
; segment1[2]   ; 2.5 V        ; 0 s                 ; 0 s                 ; 2.62 V                       ; 4.05e-08 V                   ; 2.72 V              ; -0.0349 V           ; 0.173 V                              ; 0.1 V                                ; 2.72e-10 s                  ; 2.69e-10 s                  ; Yes                        ; Yes                        ; 2.62 V                      ; 4.05e-08 V                  ; 2.72 V             ; -0.0349 V          ; 0.173 V                             ; 0.1 V                               ; 2.72e-10 s                 ; 2.69e-10 s                 ; Yes                       ; Yes                       ;
; segment1[3]   ; 2.5 V        ; 0 s                 ; 0 s                 ; 2.62 V                       ; 4.05e-08 V                   ; 2.72 V              ; -0.0349 V           ; 0.173 V                              ; 0.1 V                                ; 2.72e-10 s                  ; 2.69e-10 s                  ; Yes                        ; Yes                        ; 2.62 V                      ; 4.05e-08 V                  ; 2.72 V             ; -0.0349 V          ; 0.173 V                             ; 0.1 V                               ; 2.72e-10 s                 ; 2.69e-10 s                 ; Yes                       ; Yes                       ;
; segment1[4]   ; 2.5 V        ; 0 s                 ; 0 s                 ; 2.62 V                       ; 4.05e-08 V                   ; 2.72 V              ; -0.0349 V           ; 0.173 V                              ; 0.1 V                                ; 2.72e-10 s                  ; 2.69e-10 s                  ; Yes                        ; Yes                        ; 2.62 V                      ; 4.05e-08 V                  ; 2.72 V             ; -0.0349 V          ; 0.173 V                             ; 0.1 V                               ; 2.72e-10 s                 ; 2.69e-10 s                 ; Yes                       ; Yes                       ;
; segment1[5]   ; 2.5 V        ; 0 s                 ; 0 s                 ; 2.62 V                       ; 4.05e-08 V                   ; 2.72 V              ; -0.0349 V           ; 0.173 V                              ; 0.1 V                                ; 2.72e-10 s                  ; 2.69e-10 s                  ; Yes                        ; Yes                        ; 2.62 V                      ; 4.05e-08 V                  ; 2.72 V             ; -0.0349 V          ; 0.173 V                             ; 0.1 V                               ; 2.72e-10 s                 ; 2.69e-10 s                 ; Yes                       ; Yes                       ;
; segment1[6]   ; 2.5 V        ; 0 s                 ; 0 s                 ; 2.62 V                       ; 4.05e-08 V                   ; 2.72 V              ; -0.0349 V           ; 0.173 V                              ; 0.1 V                                ; 2.72e-10 s                  ; 2.69e-10 s                  ; Yes                        ; Yes                        ; 2.62 V                      ; 4.05e-08 V                  ; 2.72 V             ; -0.0349 V          ; 0.173 V                             ; 0.1 V                               ; 2.72e-10 s                 ; 2.69e-10 s                 ; Yes                       ; Yes                       ;
; ~ALTERA_DCLK~ ; 2.5 V        ; 0 s                 ; 0 s                 ; 2.62 V                       ; 2.22e-08 V                   ; 2.74 V              ; -0.06 V             ; 0.158 V                              ; 0.08 V                               ; 2.68e-10 s                  ; 2.19e-10 s                  ; Yes                        ; Yes                        ; 2.62 V                      ; 2.22e-08 V                  ; 2.74 V             ; -0.06 V            ; 0.158 V                             ; 0.08 V                              ; 2.68e-10 s                 ; 2.19e-10 s                 ; Yes                       ; Yes                       ;
; ~ALTERA_nCEO~ ; 2.5 V        ; 0 s                 ; 0 s                 ; 2.62 V                       ; 3.54e-08 V                   ; 2.7 V               ; -0.00943 V          ; 0.276 V                              ; 0.035 V                              ; 3.19e-10 s                  ; 4.99e-10 s                  ; No                         ; Yes                        ; 2.62 V                      ; 3.54e-08 V                  ; 2.7 V              ; -0.00943 V         ; 0.276 V                             ; 0.035 V                             ; 3.19e-10 s                 ; 4.99e-10 s                 ; No                        ; Yes                       ;
+---------------+--------------+---------------------+---------------------+------------------------------+------------------------------+---------------------+---------------------+--------------------------------------+--------------------------------------+-----------------------------+-----------------------------+----------------------------+----------------------------+-----------------------------+-----------------------------+--------------------+--------------------+-------------------------------------+-------------------------------------+----------------------------+----------------------------+---------------------------+---------------------------+


+-------------------------------------------------------------------+
; Setup Transfers                                                   ;
+------------+----------+----------+----------+----------+----------+
; From Clock ; To Clock ; RR Paths ; FR Paths ; RF Paths ; FF Paths ;
+------------+----------+----------+----------+----------+----------+
; clk        ; clk      ; 5        ; 0        ; 0        ; 0        ;
; clk        ; push     ; 4        ; 0        ; 0        ; 0        ;
; push       ; push     ; 79       ; 0        ; 0        ; 0        ;
+------------+----------+----------+----------+----------+----------+
Entries labeled "false path" only account for clock-to-clock false paths and not path-based false paths. As a result, actual path counts may be lower than reported.


+-------------------------------------------------------------------+
; Hold Transfers                                                    ;
+------------+----------+----------+----------+----------+----------+
; From Clock ; To Clock ; RR Paths ; FR Paths ; RF Paths ; FF Paths ;
+------------+----------+----------+----------+----------+----------+
; clk        ; clk      ; 5        ; 0        ; 0        ; 0        ;
; clk        ; push     ; 4        ; 0        ; 0        ; 0        ;
; push       ; push     ; 79       ; 0        ; 0        ; 0        ;
+------------+----------+----------+----------+----------+----------+
Entries labeled "false path" only account for clock-to-clock false paths and not path-based false paths. As a result, actual path counts may be lower than reported.


---------------
; Report TCCS ;
---------------
No dedicated SERDES Transmitter circuitry present in device or used in design


---------------
; Report RSKM ;
---------------
No non-DPA dedicated SERDES Receiver circuitry present in device or used in design


+------------------------------------------------+
; Unconstrained Paths                            ;
+---------------------------------+-------+------+
; Property                        ; Setup ; Hold ;
+---------------------------------+-------+------+
; Illegal Clocks                  ; 0     ; 0    ;
; Unconstrained Clocks            ; 0     ; 0    ;
; Unconstrained Input Ports       ; 1     ; 1    ;
; Unconstrained Input Port Paths  ; 4     ; 4    ;
; Unconstrained Output Ports      ; 28    ; 28   ;
; Unconstrained Output Port Paths ; 140   ; 140  ;
+---------------------------------+-------+------+


+------------------------------------+
; TimeQuest Timing Analyzer Messages ;
+------------------------------------+
Info: *******************************************************************
Info: Running Quartus II 64-Bit TimeQuest Timing Analyzer
    Info: Version 14.1.0 Build 186 12/03/2014 SJ Web Edition
    Info: Processing started: Mon May 02 23:32:45 2022
Info: Command: quartus_sta lfsr -c lfsr
Info: qsta_default_script.tcl version: #3
Info (11104): Parallel Compilation has detected 8 hyper-threaded processors. However, the extra hyper-threaded processors will not be used by default. Parallel Compilation will use 4 of the 4 physical processors detected instead.
Info (21077): Core supply voltage is 1.2V
Info (21077): Low junction temperature is 0 degrees C
Info (21077): High junction temperature is 85 degrees C
Critical Warning (332012): Synopsys Design Constraints File file not found: 'lfsr.sdc'. A Synopsys Design Constraints File is required by the TimeQuest Timing Analyzer to get proper timing constraints. Without it, the Compiler will not properly optimize the design.
Info (332142): No user constrained base clocks found in the design. Calling "derive_clocks -period 1.0"
Info (332105): Deriving Clocks
    Info (332105): create_clock -period 1.000 -name push push
    Info (332105): create_clock -period 1.000 -name clk clk
Info (332143): No user constrained clock uncertainty found in the design. Calling "derive_clock_uncertainty"
Info (332123): Deriving Clock Uncertainty. Please refer to report_sdc in TimeQuest to see clock uncertainties.
Info: Found TIMEQUEST_REPORT_SCRIPT_INCLUDE_DEFAULT_ANALYSIS = ON
Info: Analyzing Slow 1200mV 85C Model
Critical Warning (332148): Timing requirements not met
    Info (11105): For recommendations on closing timing, run Report Timing Closure Recommendations in the TimeQuest Timing Analyzer.
Info (332146): Worst-case setup slack is -0.602
    Info (332119):     Slack       End Point TNS Clock 
    Info (332119): ========= =================== =====================
    Info (332119):    -0.602              -9.822 push 
    Info (332119):    -0.048              -0.129 clk 
Info (332146): Worst-case hold slack is 0.358
    Info (332119):     Slack       End Point TNS Clock 
    Info (332119): ========= =================== =====================
    Info (332119):     0.358               0.000 push 
    Info (332119):     0.434               0.000 clk 
Info (332140): No Recovery paths to report
Info (332140): No Removal paths to report
Info (332146): Worst-case minimum pulse width slack is -3.000
    Info (332119):     Slack       End Point TNS Clock 
    Info (332119): ========= =================== =====================
    Info (332119):    -3.000             -33.840 push 
    Info (332119):    -3.000              -8.140 clk 
Info: Analyzing Slow 1200mV 0C Model
Info (334003): Started post-fitting delay annotation
Info (334004): Delay annotation completed successfully
Info (332123): Deriving Clock Uncertainty. Please refer to report_sdc in TimeQuest to see clock uncertainties.
Critical Warning (332148): Timing requirements not met
    Info (11105): For recommendations on closing timing, run Report Timing Closure Recommendations in the TimeQuest Timing Analyzer.
Info (332146): Worst-case setup slack is -0.429
    Info (332119):     Slack       End Point TNS Clock 
    Info (332119): ========= =================== =====================
    Info (332119):    -0.429              -6.628 push 
    Info (332119):     0.056               0.000 clk 
Info (332146): Worst-case hold slack is 0.328
    Info (332119):     Slack       End Point TNS Clock 
    Info (332119): ========= =================== =====================
    Info (332119):     0.328               0.000 push 
    Info (332119):     0.393               0.000 clk 
Info (332140): No Recovery paths to report
Info (332140): No Removal paths to report
Info (332146): Worst-case minimum pulse width slack is -3.000
    Info (332119):     Slack       End Point TNS Clock 
    Info (332119): ========= =================== =====================
    Info (332119):    -3.000             -33.840 push 
    Info (332119):    -3.000              -8.140 clk 
Info: Analyzing Fast 1200mV 0C Model
Info (332123): Deriving Clock Uncertainty. Please refer to report_sdc in TimeQuest to see clock uncertainties.
Info (332146): Worst-case setup slack is 0.190
    Info (332119):     Slack       End Point TNS Clock 
    Info (332119): ========= =================== =====================
    Info (332119):     0.190               0.000 push 
    Info (332119):     0.479               0.000 clk 
Info (332146): Worst-case hold slack is 0.123
    Info (332119):     Slack       End Point TNS Clock 
    Info (332119): ========= =================== =====================
    Info (332119):     0.123               0.000 push 
    Info (332119):     0.197               0.000 clk 
Info (332140): No Recovery paths to report
Info (332140): No Removal paths to report
Critical Warning (332148): Timing requirements not met
    Info (11105): For recommendations on closing timing, run Report Timing Closure Recommendations in the TimeQuest Timing Analyzer.
Info (332146): Worst-case minimum pulse width slack is -3.000
    Info (332119):     Slack       End Point TNS Clock 
    Info (332119): ========= =================== =====================
    Info (332119):    -3.000             -28.464 push 
    Info (332119):    -3.000              -7.245 clk 
Info (332102): Design is not fully constrained for setup requirements
Info (332102): Design is not fully constrained for hold requirements
Info: Quartus II 64-Bit TimeQuest Timing Analyzer was successful. 0 errors, 4 warnings
    Info: Peak virtual memory: 4873 megabytes
    Info: Processing ended: Mon May 02 23:32:49 2022
    Info: Elapsed time: 00:00:04
    Info: Total CPU time (on all processors): 00:00:01


