TimeQuest Timing Analyzer report for lfsr_wrapper
Fri May 06 11:30:36 2022
Quartus II 64-Bit Version 14.1.0 Build 186 12/03/2014 SJ Web Edition


---------------------
; Table of Contents ;
---------------------
  1. Legal Notice
  2. TimeQuest Timing Analyzer Summary
  3. Parallel Compilation
  4. Clocks
  5. Slow 1200mV 85C Model Fmax Summary
  6. Timing Closure Recommendations
  7. Slow 1200mV 85C Model Setup Summary
  8. Slow 1200mV 85C Model Hold Summary
  9. Slow 1200mV 85C Model Recovery Summary
 10. Slow 1200mV 85C Model Removal Summary
 11. Slow 1200mV 85C Model Minimum Pulse Width Summary
 12. Slow 1200mV 85C Model Setup: 'KEY[0]'
 13. Slow 1200mV 85C Model Setup: 'CLOCK_50'
 14. Slow 1200mV 85C Model Hold: 'CLOCK_50'
 15. Slow 1200mV 85C Model Hold: 'KEY[0]'
 16. Slow 1200mV 85C Model Minimum Pulse Width: 'KEY[0]'
 17. Slow 1200mV 85C Model Minimum Pulse Width: 'CLOCK_50'
 18. Clock to Output Times
 19. Minimum Clock to Output Times
 20. Slow 1200mV 85C Model Metastability Report
 21. Slow 1200mV 0C Model Fmax Summary
 22. Slow 1200mV 0C Model Setup Summary
 23. Slow 1200mV 0C Model Hold Summary
 24. Slow 1200mV 0C Model Recovery Summary
 25. Slow 1200mV 0C Model Removal Summary
 26. Slow 1200mV 0C Model Minimum Pulse Width Summary
 27. Slow 1200mV 0C Model Setup: 'KEY[0]'
 28. Slow 1200mV 0C Model Setup: 'CLOCK_50'
 29. Slow 1200mV 0C Model Hold: 'CLOCK_50'
 30. Slow 1200mV 0C Model Hold: 'KEY[0]'
 31. Slow 1200mV 0C Model Minimum Pulse Width: 'KEY[0]'
 32. Slow 1200mV 0C Model Minimum Pulse Width: 'CLOCK_50'
 33. Clock to Output Times
 34. Minimum Clock to Output Times
 35. Slow 1200mV 0C Model Metastability Report
 36. Fast 1200mV 0C Model Setup Summary
 37. Fast 1200mV 0C Model Hold Summary
 38. Fast 1200mV 0C Model Recovery Summary
 39. Fast 1200mV 0C Model Removal Summary
 40. Fast 1200mV 0C Model Minimum Pulse Width Summary
 41. Fast 1200mV 0C Model Setup: 'KEY[0]'
 42. Fast 1200mV 0C Model Setup: 'CLOCK_50'
 43. Fast 1200mV 0C Model Hold: 'CLOCK_50'
 44. Fast 1200mV 0C Model Hold: 'KEY[0]'
 45. Fast 1200mV 0C Model Minimum Pulse Width: 'KEY[0]'
 46. Fast 1200mV 0C Model Minimum Pulse Width: 'CLOCK_50'
 47. Clock to Output Times
 48. Minimum Clock to Output Times
 49. Fast 1200mV 0C Model Metastability Report
 50. Multicorner Timing Analysis Summary
 51. Clock to Output Times
 52. Minimum Clock to Output Times
 53. Board Trace Model Assignments
 54. Input Transition Times
 55. Signal Integrity Metrics (Slow 1200mv 0c Model)
 56. Signal Integrity Metrics (Slow 1200mv 85c Model)
 57. Signal Integrity Metrics (Fast 1200mv 0c Model)
 58. Setup Transfers
 59. Hold Transfers
 60. Report TCCS
 61. Report RSKM
 62. Unconstrained Paths
 63. TimeQuest Timing Analyzer Messages



----------------
; Legal Notice ;
----------------
Copyright (C) 1991-2014 Altera Corporation. All rights reserved.
Your use of Altera Corporation's design tools, logic functions 
and other software and tools, and its AMPP partner logic 
functions, and any output files from any of the foregoing 
(including device programming or simulation files), and any 
associated documentation or information are expressly subject 
to the terms and conditions of the Altera Program License 
Subscription Agreement, the Altera Quartus II License Agreement,
the Altera MegaCore Function License Agreement, or other 
applicable license agreement, including, without limitation, 
that your use is for the sole purpose of programming logic 
devices manufactured by Altera and sold by Altera or its 
authorized distributors.  Please refer to the applicable 
agreement for further details.



+-------------------------------------------------------------------------+
; TimeQuest Timing Analyzer Summary                                       ;
+--------------------+----------------------------------------------------+
; Quartus II Version ; Version 14.1.0 Build 186 12/03/2014 SJ Web Edition ;
; Revision Name      ; lfsr_wrapper                                       ;
; Device Family      ; Cyclone IV E                                       ;
; Device Name        ; EP4CE115F29C7                                      ;
; Timing Models      ; Final                                              ;
; Delay Model        ; Combined                                           ;
; Rise/Fall Delays   ; Enabled                                            ;
+--------------------+----------------------------------------------------+


+------------------------------------------+
; Parallel Compilation                     ;
+----------------------------+-------------+
; Processors                 ; Number      ;
+----------------------------+-------------+
; Number detected on machine ; 8           ;
; Maximum allowed            ; 4           ;
;                            ;             ;
; Average used               ; 1.00        ;
; Maximum used               ; 4           ;
;                            ;             ;
; Usage by Processor         ; % Time Used ;
;     Processor 1            ; 100.0%      ;
;     Processors 2-4         ; < 0.1%      ;
;     Processors 5-8         ;   0.0%      ;
+----------------------------+-------------+


+--------------------------------------------------------------------------------------------------------------------------------------------------------------------------------------+
; Clocks                                                                                                                                                                               ;
+------------+------+--------+------------+-------+-------+------------+-----------+-------------+-------+--------+-----------+------------+----------+--------+--------+--------------+
; Clock Name ; Type ; Period ; Frequency  ; Rise  ; Fall  ; Duty Cycle ; Divide by ; Multiply by ; Phase ; Offset ; Edge List ; Edge Shift ; Inverted ; Master ; Source ; Targets      ;
+------------+------+--------+------------+-------+-------+------------+-----------+-------------+-------+--------+-----------+------------+----------+--------+--------+--------------+
; CLOCK_50   ; Base ; 1.000  ; 1000.0 MHz ; 0.000 ; 0.500 ;            ;           ;             ;       ;        ;           ;            ;          ;        ;        ; { CLOCK_50 } ;
; KEY[0]     ; Base ; 1.000  ; 1000.0 MHz ; 0.000 ; 0.500 ;            ;           ;             ;       ;        ;           ;            ;          ;        ;        ; { KEY[0] }   ;
+------------+------+--------+------------+-------+-------+------------+-----------+-------------+-------+--------+-----------+------------+----------+--------+--------+--------------+


+-----------------------------------------------------------------------------------------------------------+
; Slow 1200mV 85C Model Fmax Summary                                                                        ;
+------------+-----------------+------------+---------------------------------------------------------------+
; Fmax       ; Restricted Fmax ; Clock Name ; Note                                                          ;
+------------+-----------------+------------+---------------------------------------------------------------+
; 647.25 MHz ; 250.0 MHz       ; KEY[0]     ; limit due to minimum period restriction (max I/O toggle rate) ;
; 815.66 MHz ; 250.0 MHz       ; CLOCK_50   ; limit due to minimum period restriction (max I/O toggle rate) ;
+------------+-----------------+------------+---------------------------------------------------------------+
This panel reports FMAX for every clock in the design, regardless of the user-specified clock periods.  FMAX is only computed for paths where the source and destination registers or ports are driven by the same clock.  Paths of different clocks, including generated clocks, are ignored.  For paths between a clock and its inversion, FMAX is computed as if the rising and falling edges are scaled along with FMAX, such that the duty cycle (in terms of a percentage) is maintained. Altera recommends that you always use clock constraints and other slack reports for sign-off analysis.


----------------------------------
; Timing Closure Recommendations ;
----------------------------------
HTML report is unavailable in plain text report export.


+-------------------------------------+
; Slow 1200mV 85C Model Setup Summary ;
+----------+--------+-----------------+
; Clock    ; Slack  ; End Point TNS   ;
+----------+--------+-----------------+
; KEY[0]   ; -0.979 ; -12.464         ;
; CLOCK_50 ; -0.226 ; -0.226          ;
+----------+--------+-----------------+


+------------------------------------+
; Slow 1200mV 85C Model Hold Summary ;
+----------+-------+-----------------+
; Clock    ; Slack ; End Point TNS   ;
+----------+-------+-----------------+
; CLOCK_50 ; 0.435 ; 0.000           ;
; KEY[0]   ; 0.526 ; 0.000           ;
+----------+-------+-----------------+


------------------------------------------
; Slow 1200mV 85C Model Recovery Summary ;
------------------------------------------
No paths to report.


-----------------------------------------
; Slow 1200mV 85C Model Removal Summary ;
-----------------------------------------
No paths to report.


+---------------------------------------------------+
; Slow 1200mV 85C Model Minimum Pulse Width Summary ;
+----------+--------+-------------------------------+
; Clock    ; Slack  ; End Point TNS                 ;
+----------+--------+-------------------------------+
; KEY[0]   ; -3.000 ; -33.840                       ;
; CLOCK_50 ; -3.000 ; -8.140                        ;
+----------+--------+-------------------------------+


+----------------------------------------------------------------------------------------------------------------------------+
; Slow 1200mV 85C Model Setup: 'KEY[0]'                                                                                      ;
+--------+----------------------+----------------------+--------------+-------------+--------------+------------+------------+
; Slack  ; From Node            ; To Node              ; Launch Clock ; Latch Clock ; Relationship ; Clock Skew ; Data Delay ;
+--------+----------------------+----------------------+--------------+-------------+--------------+------------+------------+
; -0.979 ; lfsr:lf|y[1]         ; lfsr:lf|character[1] ; CLOCK_50     ; KEY[0]      ; 0.500        ; -0.657     ; 0.810      ;
; -0.973 ; lfsr:lf|y[0]         ; lfsr:lf|character[0] ; CLOCK_50     ; KEY[0]      ; 0.500        ; -0.657     ; 0.804      ;
; -0.971 ; lfsr:lf|y[3]         ; lfsr:lf|character[3] ; CLOCK_50     ; KEY[0]      ; 0.500        ; -0.657     ; 0.802      ;
; -0.970 ; lfsr:lf|y[2]         ; lfsr:lf|character[2] ; CLOCK_50     ; KEY[0]      ; 0.500        ; -0.657     ; 0.801      ;
; -0.545 ; lfsr:lf|character[1] ; lfsr:lf|third[1]     ; KEY[0]       ; KEY[0]      ; 1.000        ; -0.114     ; 1.449      ;
; -0.545 ; lfsr:lf|character[1] ; lfsr:lf|third[4]     ; KEY[0]       ; KEY[0]      ; 1.000        ; -0.114     ; 1.449      ;
; -0.532 ; lfsr:lf|character[1] ; lfsr:lf|fourth[3]    ; KEY[0]       ; KEY[0]      ; 1.000        ; -0.114     ; 1.436      ;
; -0.532 ; lfsr:lf|character[1] ; lfsr:lf|third[0]     ; KEY[0]       ; KEY[0]      ; 1.000        ; -0.114     ; 1.436      ;
; -0.532 ; lfsr:lf|character[1] ; lfsr:lf|third[2]     ; KEY[0]       ; KEY[0]      ; 1.000        ; -0.114     ; 1.436      ;
; -0.532 ; lfsr:lf|character[1] ; lfsr:lf|first[0]     ; KEY[0]       ; KEY[0]      ; 1.000        ; -0.114     ; 1.436      ;
; -0.530 ; lfsr:lf|character[3] ; lfsr:lf|second[3]    ; KEY[0]       ; KEY[0]      ; 1.000        ; -0.114     ; 1.434      ;
; -0.527 ; lfsr:lf|character[3] ; lfsr:lf|third[0]     ; KEY[0]       ; KEY[0]      ; 1.000        ; -0.114     ; 1.431      ;
; -0.526 ; lfsr:lf|character[3] ; lfsr:lf|first[3]     ; KEY[0]       ; KEY[0]      ; 1.000        ; -0.114     ; 1.430      ;
; -0.526 ; lfsr:lf|character[1] ; lfsr:lf|first[4]     ; KEY[0]       ; KEY[0]      ; 1.000        ; -0.114     ; 1.430      ;
; -0.526 ; lfsr:lf|character[3] ; lfsr:lf|fourth[3]    ; KEY[0]       ; KEY[0]      ; 1.000        ; -0.114     ; 1.430      ;
; -0.524 ; lfsr:lf|character[3] ; lfsr:lf|third[2]     ; KEY[0]       ; KEY[0]      ; 1.000        ; -0.114     ; 1.428      ;
; -0.521 ; lfsr:lf|character[3] ; lfsr:lf|third[4]     ; KEY[0]       ; KEY[0]      ; 1.000        ; -0.114     ; 1.425      ;
; -0.517 ; lfsr:lf|character[1] ; lfsr:lf|first[1]     ; KEY[0]       ; KEY[0]      ; 1.000        ; -0.114     ; 1.421      ;
; -0.516 ; lfsr:lf|character[3] ; lfsr:lf|first[1]     ; KEY[0]       ; KEY[0]      ; 1.000        ; -0.114     ; 1.420      ;
; -0.514 ; lfsr:lf|character[3] ; lfsr:lf|first[4]     ; KEY[0]       ; KEY[0]      ; 1.000        ; -0.114     ; 1.418      ;
; -0.498 ; lfsr:lf|character[3] ; lfsr:lf|first[0]     ; KEY[0]       ; KEY[0]      ; 1.000        ; -0.114     ; 1.402      ;
; -0.496 ; lfsr:lf|character[1] ; lfsr:lf|second[4]    ; KEY[0]       ; KEY[0]      ; 1.000        ; -0.114     ; 1.400      ;
; -0.491 ; lfsr:lf|character[0] ; lfsr:lf|second[1]    ; KEY[0]       ; KEY[0]      ; 1.000        ; -0.114     ; 1.395      ;
; -0.488 ; lfsr:lf|character[1] ; lfsr:lf|second[3]    ; KEY[0]       ; KEY[0]      ; 1.000        ; -0.114     ; 1.392      ;
; -0.488 ; lfsr:lf|character[3] ; lfsr:lf|third[1]     ; KEY[0]       ; KEY[0]      ; 1.000        ; -0.114     ; 1.392      ;
; -0.468 ; lfsr:lf|character[3] ; lfsr:lf|second[4]    ; KEY[0]       ; KEY[0]      ; 1.000        ; -0.114     ; 1.372      ;
; -0.467 ; lfsr:lf|character[0] ; lfsr:lf|first[3]     ; KEY[0]       ; KEY[0]      ; 1.000        ; -0.114     ; 1.371      ;
; -0.462 ; lfsr:lf|character[3] ; lfsr:lf|second[1]    ; KEY[0]       ; KEY[0]      ; 1.000        ; -0.114     ; 1.366      ;
; -0.394 ; lfsr:lf|character[0] ; lfsr:lf|first[1]     ; KEY[0]       ; KEY[0]      ; 1.000        ; -0.114     ; 1.298      ;
; -0.338 ; lfsr:lf|character[2] ; lfsr:lf|first[0]     ; KEY[0]       ; KEY[0]      ; 1.000        ; -0.114     ; 1.242      ;
; -0.338 ; lfsr:lf|character[2] ; lfsr:lf|second[3]    ; KEY[0]       ; KEY[0]      ; 1.000        ; -0.114     ; 1.242      ;
; -0.338 ; lfsr:lf|character[2] ; lfsr:lf|third[0]     ; KEY[0]       ; KEY[0]      ; 1.000        ; -0.114     ; 1.242      ;
; -0.338 ; lfsr:lf|character[2] ; lfsr:lf|fourth[3]    ; KEY[0]       ; KEY[0]      ; 1.000        ; -0.114     ; 1.242      ;
; -0.337 ; lfsr:lf|character[2] ; lfsr:lf|first[3]     ; KEY[0]       ; KEY[0]      ; 1.000        ; -0.114     ; 1.241      ;
; -0.336 ; lfsr:lf|character[2] ; lfsr:lf|third[1]     ; KEY[0]       ; KEY[0]      ; 1.000        ; -0.114     ; 1.240      ;
; -0.336 ; lfsr:lf|character[2] ; lfsr:lf|third[4]     ; KEY[0]       ; KEY[0]      ; 1.000        ; -0.114     ; 1.240      ;
; -0.336 ; lfsr:lf|character[2] ; lfsr:lf|second[4]    ; KEY[0]       ; KEY[0]      ; 1.000        ; -0.114     ; 1.240      ;
; -0.336 ; lfsr:lf|character[2] ; lfsr:lf|second[1]    ; KEY[0]       ; KEY[0]      ; 1.000        ; -0.114     ; 1.240      ;
; -0.301 ; lfsr:lf|character[2] ; lfsr:lf|third[2]     ; KEY[0]       ; KEY[0]      ; 1.000        ; -0.114     ; 1.205      ;
; -0.299 ; lfsr:lf|character[2] ; lfsr:lf|first[4]     ; KEY[0]       ; KEY[0]      ; 1.000        ; -0.114     ; 1.203      ;
; -0.288 ; lfsr:lf|character[3] ; lfsr:lf|fourth[1]    ; KEY[0]       ; KEY[0]      ; 1.000        ; -0.049     ; 1.257      ;
; -0.286 ; lfsr:lf|character[3] ; lfsr:lf|second[2]    ; KEY[0]       ; KEY[0]      ; 1.000        ; -0.049     ; 1.255      ;
; -0.285 ; lfsr:lf|character[3] ; lfsr:lf|first[2]     ; KEY[0]       ; KEY[0]      ; 1.000        ; -0.049     ; 1.254      ;
; -0.283 ; lfsr:lf|character[0] ; lfsr:lf|fourth[0]    ; KEY[0]       ; KEY[0]      ; 1.000        ; -0.049     ; 1.252      ;
; -0.283 ; lfsr:lf|character[0] ; lfsr:lf|fourth[1]    ; KEY[0]       ; KEY[0]      ; 1.000        ; -0.049     ; 1.252      ;
; -0.282 ; lfsr:lf|character[0] ; lfsr:lf|fourth[4]    ; KEY[0]       ; KEY[0]      ; 1.000        ; -0.049     ; 1.251      ;
; -0.282 ; lfsr:lf|character[0] ; lfsr:lf|third[3]     ; KEY[0]       ; KEY[0]      ; 1.000        ; -0.049     ; 1.251      ;
; -0.281 ; lfsr:lf|character[0] ; lfsr:lf|second[0]    ; KEY[0]       ; KEY[0]      ; 1.000        ; -0.049     ; 1.250      ;
; -0.280 ; lfsr:lf|character[0] ; lfsr:lf|fourth[2]    ; KEY[0]       ; KEY[0]      ; 1.000        ; -0.049     ; 1.249      ;
; -0.277 ; lfsr:lf|character[3] ; lfsr:lf|second[0]    ; KEY[0]       ; KEY[0]      ; 1.000        ; -0.049     ; 1.246      ;
; -0.275 ; lfsr:lf|character[3] ; lfsr:lf|fourth[4]    ; KEY[0]       ; KEY[0]      ; 1.000        ; -0.049     ; 1.244      ;
; -0.270 ; lfsr:lf|character[3] ; lfsr:lf|fourth[2]    ; KEY[0]       ; KEY[0]      ; 1.000        ; -0.049     ; 1.239      ;
; -0.266 ; lfsr:lf|character[3] ; lfsr:lf|fourth[0]    ; KEY[0]       ; KEY[0]      ; 1.000        ; -0.049     ; 1.235      ;
; -0.261 ; lfsr:lf|character[3] ; lfsr:lf|third[3]     ; KEY[0]       ; KEY[0]      ; 1.000        ; -0.049     ; 1.230      ;
; -0.257 ; lfsr:lf|character[0] ; lfsr:lf|first[2]     ; KEY[0]       ; KEY[0]      ; 1.000        ; -0.049     ; 1.226      ;
; -0.256 ; lfsr:lf|character[0] ; lfsr:lf|second[2]    ; KEY[0]       ; KEY[0]      ; 1.000        ; -0.049     ; 1.225      ;
; -0.253 ; lfsr:lf|character[2] ; lfsr:lf|first[1]     ; KEY[0]       ; KEY[0]      ; 1.000        ; -0.114     ; 1.157      ;
; -0.198 ; lfsr:lf|character[1] ; lfsr:lf|second[1]    ; KEY[0]       ; KEY[0]      ; 1.000        ; -0.114     ; 1.102      ;
; -0.197 ; lfsr:lf|character[1] ; lfsr:lf|first[3]     ; KEY[0]       ; KEY[0]      ; 1.000        ; -0.114     ; 1.101      ;
; -0.177 ; lfsr:lf|character[0] ; lfsr:lf|first[4]     ; KEY[0]       ; KEY[0]      ; 1.000        ; -0.114     ; 1.081      ;
; -0.175 ; lfsr:lf|character[0] ; lfsr:lf|second[4]    ; KEY[0]       ; KEY[0]      ; 1.000        ; -0.114     ; 1.079      ;
; -0.174 ; lfsr:lf|character[0] ; lfsr:lf|third[4]     ; KEY[0]       ; KEY[0]      ; 1.000        ; -0.114     ; 1.078      ;
; -0.174 ; lfsr:lf|character[0] ; lfsr:lf|third[1]     ; KEY[0]       ; KEY[0]      ; 1.000        ; -0.114     ; 1.078      ;
; -0.172 ; lfsr:lf|character[0] ; lfsr:lf|third[2]     ; KEY[0]       ; KEY[0]      ; 1.000        ; -0.114     ; 1.076      ;
; -0.171 ; lfsr:lf|character[0] ; lfsr:lf|fourth[3]    ; KEY[0]       ; KEY[0]      ; 1.000        ; -0.114     ; 1.075      ;
; -0.170 ; lfsr:lf|character[0] ; lfsr:lf|third[0]     ; KEY[0]       ; KEY[0]      ; 1.000        ; -0.114     ; 1.074      ;
; -0.170 ; lfsr:lf|character[0] ; lfsr:lf|first[0]     ; KEY[0]       ; KEY[0]      ; 1.000        ; -0.114     ; 1.074      ;
; -0.169 ; lfsr:lf|character[0] ; lfsr:lf|second[3]    ; KEY[0]       ; KEY[0]      ; 1.000        ; -0.114     ; 1.073      ;
; -0.091 ; lfsr:lf|character[1] ; lfsr:lf|fourth[4]    ; KEY[0]       ; KEY[0]      ; 1.000        ; -0.049     ; 1.060      ;
; -0.091 ; lfsr:lf|character[1] ; lfsr:lf|fourth[0]    ; KEY[0]       ; KEY[0]      ; 1.000        ; -0.049     ; 1.060      ;
; -0.090 ; lfsr:lf|character[1] ; lfsr:lf|fourth[1]    ; KEY[0]       ; KEY[0]      ; 1.000        ; -0.049     ; 1.059      ;
; -0.090 ; lfsr:lf|character[1] ; lfsr:lf|third[3]     ; KEY[0]       ; KEY[0]      ; 1.000        ; -0.049     ; 1.059      ;
; -0.090 ; lfsr:lf|character[1] ; lfsr:lf|second[0]    ; KEY[0]       ; KEY[0]      ; 1.000        ; -0.049     ; 1.059      ;
; -0.089 ; lfsr:lf|character[1] ; lfsr:lf|first[2]     ; KEY[0]       ; KEY[0]      ; 1.000        ; -0.049     ; 1.058      ;
; -0.087 ; lfsr:lf|character[1] ; lfsr:lf|second[2]    ; KEY[0]       ; KEY[0]      ; 1.000        ; -0.049     ; 1.056      ;
; -0.052 ; lfsr:lf|character[1] ; lfsr:lf|fourth[2]    ; KEY[0]       ; KEY[0]      ; 1.000        ; -0.049     ; 1.021      ;
; 0.070  ; lfsr:lf|character[2] ; lfsr:lf|second[2]    ; KEY[0]       ; KEY[0]      ; 1.000        ; -0.049     ; 0.899      ;
; 0.070  ; lfsr:lf|character[2] ; lfsr:lf|first[2]     ; KEY[0]       ; KEY[0]      ; 1.000        ; -0.049     ; 0.899      ;
; 0.071  ; lfsr:lf|character[2] ; lfsr:lf|fourth[0]    ; KEY[0]       ; KEY[0]      ; 1.000        ; -0.049     ; 0.898      ;
; 0.071  ; lfsr:lf|character[2] ; lfsr:lf|fourth[4]    ; KEY[0]       ; KEY[0]      ; 1.000        ; -0.049     ; 0.898      ;
; 0.071  ; lfsr:lf|character[2] ; lfsr:lf|second[0]    ; KEY[0]       ; KEY[0]      ; 1.000        ; -0.049     ; 0.898      ;
; 0.071  ; lfsr:lf|character[2] ; lfsr:lf|third[3]     ; KEY[0]       ; KEY[0]      ; 1.000        ; -0.049     ; 0.898      ;
; 0.071  ; lfsr:lf|character[2] ; lfsr:lf|fourth[1]    ; KEY[0]       ; KEY[0]      ; 1.000        ; -0.049     ; 0.898      ;
; 0.079  ; lfsr:lf|character[2] ; lfsr:lf|fourth[2]    ; KEY[0]       ; KEY[0]      ; 1.000        ; -0.049     ; 0.890      ;
+--------+----------------------+----------------------+--------------+-------------+--------------+------------+------------+


+------------------------------------------------------------------------------------------------------------+
; Slow 1200mV 85C Model Setup: 'CLOCK_50'                                                                    ;
+--------+--------------+--------------+--------------+-------------+--------------+------------+------------+
; Slack  ; From Node    ; To Node      ; Launch Clock ; Latch Clock ; Relationship ; Clock Skew ; Data Delay ;
+--------+--------------+--------------+--------------+-------------+--------------+------------+------------+
; -0.226 ; lfsr:lf|y[0] ; lfsr:lf|y[3] ; CLOCK_50     ; CLOCK_50    ; 1.000        ; -0.080     ; 1.144      ;
; 0.097  ; lfsr:lf|y[1] ; lfsr:lf|y[0] ; CLOCK_50     ; CLOCK_50    ; 1.000        ; -0.080     ; 0.821      ;
; 0.101  ; lfsr:lf|y[1] ; lfsr:lf|y[3] ; CLOCK_50     ; CLOCK_50    ; 1.000        ; -0.080     ; 0.817      ;
; 0.119  ; lfsr:lf|y[3] ; lfsr:lf|y[2] ; CLOCK_50     ; CLOCK_50    ; 1.000        ; -0.080     ; 0.799      ;
; 0.120  ; lfsr:lf|y[2] ; lfsr:lf|y[1] ; CLOCK_50     ; CLOCK_50    ; 1.000        ; -0.080     ; 0.798      ;
+--------+--------------+--------------+--------------+-------------+--------------+------------+------------+


+-----------------------------------------------------------------------------------------------------------+
; Slow 1200mV 85C Model Hold: 'CLOCK_50'                                                                    ;
+-------+--------------+--------------+--------------+-------------+--------------+------------+------------+
; Slack ; From Node    ; To Node      ; Launch Clock ; Latch Clock ; Relationship ; Clock Skew ; Data Delay ;
+-------+--------------+--------------+--------------+-------------+--------------+------------+------------+
; 0.435 ; lfsr:lf|y[1] ; lfsr:lf|y[3] ; CLOCK_50     ; CLOCK_50    ; 0.000        ; 0.080      ; 0.701      ;
; 0.436 ; lfsr:lf|y[2] ; lfsr:lf|y[1] ; CLOCK_50     ; CLOCK_50    ; 0.000        ; 0.080      ; 0.702      ;
; 0.436 ; lfsr:lf|y[3] ; lfsr:lf|y[2] ; CLOCK_50     ; CLOCK_50    ; 0.000        ; 0.080      ; 0.702      ;
; 0.438 ; lfsr:lf|y[1] ; lfsr:lf|y[0] ; CLOCK_50     ; CLOCK_50    ; 0.000        ; 0.080      ; 0.704      ;
; 0.649 ; lfsr:lf|y[0] ; lfsr:lf|y[3] ; CLOCK_50     ; CLOCK_50    ; 0.000        ; 0.080      ; 0.915      ;
+-------+--------------+--------------+--------------+-------------+--------------+------------+------------+


+---------------------------------------------------------------------------------------------------------------------------+
; Slow 1200mV 85C Model Hold: 'KEY[0]'                                                                                      ;
+-------+----------------------+----------------------+--------------+-------------+--------------+------------+------------+
; Slack ; From Node            ; To Node              ; Launch Clock ; Latch Clock ; Relationship ; Clock Skew ; Data Delay ;
+-------+----------------------+----------------------+--------------+-------------+--------------+------------+------------+
; 0.526 ; lfsr:lf|character[2] ; lfsr:lf|fourth[0]    ; KEY[0]       ; KEY[0]      ; 0.000        ; 0.049      ; 0.761      ;
; 0.526 ; lfsr:lf|character[2] ; lfsr:lf|fourth[1]    ; KEY[0]       ; KEY[0]      ; 0.000        ; 0.049      ; 0.761      ;
; 0.526 ; lfsr:lf|character[2] ; lfsr:lf|fourth[4]    ; KEY[0]       ; KEY[0]      ; 0.000        ; 0.049      ; 0.761      ;
; 0.526 ; lfsr:lf|character[2] ; lfsr:lf|third[3]     ; KEY[0]       ; KEY[0]      ; 0.000        ; 0.049      ; 0.761      ;
; 0.526 ; lfsr:lf|character[2] ; lfsr:lf|second[0]    ; KEY[0]       ; KEY[0]      ; 0.000        ; 0.049      ; 0.761      ;
; 0.526 ; lfsr:lf|character[2] ; lfsr:lf|first[2]     ; KEY[0]       ; KEY[0]      ; 0.000        ; 0.049      ; 0.761      ;
; 0.527 ; lfsr:lf|character[2] ; lfsr:lf|second[2]    ; KEY[0]       ; KEY[0]      ; 0.000        ; 0.049      ; 0.762      ;
; 0.535 ; lfsr:lf|character[2] ; lfsr:lf|fourth[2]    ; KEY[0]       ; KEY[0]      ; 0.000        ; 0.049      ; 0.770      ;
; 0.649 ; lfsr:lf|character[1] ; lfsr:lf|fourth[2]    ; KEY[0]       ; KEY[0]      ; 0.000        ; 0.049      ; 0.884      ;
; 0.650 ; lfsr:lf|character[1] ; lfsr:lf|fourth[1]    ; KEY[0]       ; KEY[0]      ; 0.000        ; 0.049      ; 0.885      ;
; 0.650 ; lfsr:lf|character[1] ; lfsr:lf|fourth[4]    ; KEY[0]       ; KEY[0]      ; 0.000        ; 0.049      ; 0.885      ;
; 0.650 ; lfsr:lf|character[1] ; lfsr:lf|third[3]     ; KEY[0]       ; KEY[0]      ; 0.000        ; 0.049      ; 0.885      ;
; 0.651 ; lfsr:lf|character[1] ; lfsr:lf|first[2]     ; KEY[0]       ; KEY[0]      ; 0.000        ; 0.049      ; 0.886      ;
; 0.651 ; lfsr:lf|character[1] ; lfsr:lf|second[2]    ; KEY[0]       ; KEY[0]      ; 0.000        ; 0.049      ; 0.886      ;
; 0.660 ; lfsr:lf|character[1] ; lfsr:lf|fourth[0]    ; KEY[0]       ; KEY[0]      ; 0.000        ; 0.049      ; 0.895      ;
; 0.660 ; lfsr:lf|character[1] ; lfsr:lf|second[0]    ; KEY[0]       ; KEY[0]      ; 0.000        ; 0.049      ; 0.895      ;
; 0.730 ; lfsr:lf|character[0] ; lfsr:lf|second[3]    ; KEY[0]       ; KEY[0]      ; 0.000        ; 0.044      ; 0.960      ;
; 0.730 ; lfsr:lf|character[0] ; lfsr:lf|first[0]     ; KEY[0]       ; KEY[0]      ; 0.000        ; 0.044      ; 0.960      ;
; 0.731 ; lfsr:lf|character[0] ; lfsr:lf|fourth[3]    ; KEY[0]       ; KEY[0]      ; 0.000        ; 0.044      ; 0.961      ;
; 0.731 ; lfsr:lf|character[0] ; lfsr:lf|third[0]     ; KEY[0]       ; KEY[0]      ; 0.000        ; 0.044      ; 0.961      ;
; 0.732 ; lfsr:lf|character[0] ; lfsr:lf|third[2]     ; KEY[0]       ; KEY[0]      ; 0.000        ; 0.044      ; 0.962      ;
; 0.734 ; lfsr:lf|character[0] ; lfsr:lf|third[1]     ; KEY[0]       ; KEY[0]      ; 0.000        ; 0.044      ; 0.964      ;
; 0.734 ; lfsr:lf|character[0] ; lfsr:lf|third[4]     ; KEY[0]       ; KEY[0]      ; 0.000        ; 0.044      ; 0.964      ;
; 0.735 ; lfsr:lf|character[0] ; lfsr:lf|second[4]    ; KEY[0]       ; KEY[0]      ; 0.000        ; 0.044      ; 0.965      ;
; 0.736 ; lfsr:lf|character[0] ; lfsr:lf|first[4]     ; KEY[0]       ; KEY[0]      ; 0.000        ; 0.044      ; 0.966      ;
; 0.738 ; lfsr:lf|character[1] ; lfsr:lf|first[3]     ; KEY[0]       ; KEY[0]      ; 0.000        ; 0.044      ; 0.968      ;
; 0.740 ; lfsr:lf|character[1] ; lfsr:lf|second[1]    ; KEY[0]       ; KEY[0]      ; 0.000        ; 0.044      ; 0.970      ;
; 0.742 ; lfsr:lf|character[3] ; lfsr:lf|second[0]    ; KEY[0]       ; KEY[0]      ; 0.000        ; 0.049      ; 0.977      ;
; 0.743 ; lfsr:lf|character[3] ; lfsr:lf|fourth[4]    ; KEY[0]       ; KEY[0]      ; 0.000        ; 0.049      ; 0.978      ;
; 0.748 ; lfsr:lf|character[3] ; lfsr:lf|fourth[2]    ; KEY[0]       ; KEY[0]      ; 0.000        ; 0.049      ; 0.983      ;
; 0.749 ; lfsr:lf|character[3] ; lfsr:lf|second[2]    ; KEY[0]       ; KEY[0]      ; 0.000        ; 0.049      ; 0.984      ;
; 0.749 ; lfsr:lf|character[0] ; lfsr:lf|third[3]     ; KEY[0]       ; KEY[0]      ; 0.000        ; 0.049      ; 0.984      ;
; 0.753 ; lfsr:lf|character[0] ; lfsr:lf|fourth[4]    ; KEY[0]       ; KEY[0]      ; 0.000        ; 0.049      ; 0.988      ;
; 0.764 ; lfsr:lf|character[3] ; lfsr:lf|third[3]     ; KEY[0]       ; KEY[0]      ; 0.000        ; 0.049      ; 0.999      ;
; 0.767 ; lfsr:lf|character[3] ; lfsr:lf|first[2]     ; KEY[0]       ; KEY[0]      ; 0.000        ; 0.049      ; 1.002      ;
; 0.769 ; lfsr:lf|character[0] ; lfsr:lf|fourth[1]    ; KEY[0]       ; KEY[0]      ; 0.000        ; 0.049      ; 1.004      ;
; 0.772 ; lfsr:lf|character[0] ; lfsr:lf|first[2]     ; KEY[0]       ; KEY[0]      ; 0.000        ; 0.049      ; 1.007      ;
; 0.773 ; lfsr:lf|character[0] ; lfsr:lf|fourth[2]    ; KEY[0]       ; KEY[0]      ; 0.000        ; 0.049      ; 1.008      ;
; 0.774 ; lfsr:lf|character[0] ; lfsr:lf|second[2]    ; KEY[0]       ; KEY[0]      ; 0.000        ; 0.049      ; 1.009      ;
; 0.780 ; lfsr:lf|character[0] ; lfsr:lf|fourth[0]    ; KEY[0]       ; KEY[0]      ; 0.000        ; 0.049      ; 1.015      ;
; 0.790 ; lfsr:lf|character[3] ; lfsr:lf|fourth[0]    ; KEY[0]       ; KEY[0]      ; 0.000        ; 0.049      ; 1.025      ;
; 0.791 ; lfsr:lf|character[3] ; lfsr:lf|fourth[1]    ; KEY[0]       ; KEY[0]      ; 0.000        ; 0.049      ; 1.026      ;
; 0.808 ; lfsr:lf|character[0] ; lfsr:lf|second[0]    ; KEY[0]       ; KEY[0]      ; 0.000        ; 0.049      ; 1.043      ;
; 0.854 ; lfsr:lf|character[2] ; lfsr:lf|first[1]     ; KEY[0]       ; KEY[0]      ; 0.000        ; 0.044      ; 1.084      ;
; 0.858 ; lfsr:lf|character[2] ; lfsr:lf|third[1]     ; KEY[0]       ; KEY[0]      ; 0.000        ; 0.044      ; 1.088      ;
; 0.858 ; lfsr:lf|character[2] ; lfsr:lf|third[4]     ; KEY[0]       ; KEY[0]      ; 0.000        ; 0.044      ; 1.088      ;
; 0.858 ; lfsr:lf|character[2] ; lfsr:lf|first[4]     ; KEY[0]       ; KEY[0]      ; 0.000        ; 0.044      ; 1.088      ;
; 0.859 ; lfsr:lf|character[2] ; lfsr:lf|fourth[3]    ; KEY[0]       ; KEY[0]      ; 0.000        ; 0.044      ; 1.089      ;
; 0.859 ; lfsr:lf|character[2] ; lfsr:lf|third[0]     ; KEY[0]       ; KEY[0]      ; 0.000        ; 0.044      ; 1.089      ;
; 0.859 ; lfsr:lf|character[2] ; lfsr:lf|third[2]     ; KEY[0]       ; KEY[0]      ; 0.000        ; 0.044      ; 1.089      ;
; 0.859 ; lfsr:lf|character[2] ; lfsr:lf|first[3]     ; KEY[0]       ; KEY[0]      ; 0.000        ; 0.044      ; 1.089      ;
; 0.860 ; lfsr:lf|character[2] ; lfsr:lf|second[3]    ; KEY[0]       ; KEY[0]      ; 0.000        ; 0.044      ; 1.090      ;
; 0.868 ; lfsr:lf|character[2] ; lfsr:lf|second[4]    ; KEY[0]       ; KEY[0]      ; 0.000        ; 0.044      ; 1.098      ;
; 0.869 ; lfsr:lf|character[2] ; lfsr:lf|first[0]     ; KEY[0]       ; KEY[0]      ; 0.000        ; 0.044      ; 1.099      ;
; 0.870 ; lfsr:lf|character[2] ; lfsr:lf|second[1]    ; KEY[0]       ; KEY[0]      ; 0.000        ; 0.044      ; 1.100      ;
; 0.956 ; lfsr:lf|character[1] ; lfsr:lf|first[0]     ; KEY[0]       ; KEY[0]      ; 0.000        ; 0.044      ; 1.186      ;
; 0.957 ; lfsr:lf|character[3] ; lfsr:lf|third[1]     ; KEY[0]       ; KEY[0]      ; 0.000        ; 0.044      ; 1.187      ;
; 0.958 ; lfsr:lf|character[1] ; lfsr:lf|second[3]    ; KEY[0]       ; KEY[0]      ; 0.000        ; 0.044      ; 1.188      ;
; 0.960 ; lfsr:lf|character[1] ; lfsr:lf|second[4]    ; KEY[0]       ; KEY[0]      ; 0.000        ; 0.044      ; 1.190      ;
; 0.966 ; lfsr:lf|character[3] ; lfsr:lf|second[3]    ; KEY[0]       ; KEY[0]      ; 0.000        ; 0.044      ; 1.196      ;
; 0.971 ; lfsr:lf|character[3] ; lfsr:lf|first[1]     ; KEY[0]       ; KEY[0]      ; 0.000        ; 0.044      ; 1.201      ;
; 0.972 ; lfsr:lf|character[0] ; lfsr:lf|first[1]     ; KEY[0]       ; KEY[0]      ; 0.000        ; 0.044      ; 1.202      ;
; 0.979 ; lfsr:lf|character[1] ; lfsr:lf|first[1]     ; KEY[0]       ; KEY[0]      ; 0.000        ; 0.044      ; 1.209      ;
; 0.980 ; lfsr:lf|character[3] ; lfsr:lf|fourth[3]    ; KEY[0]       ; KEY[0]      ; 0.000        ; 0.044      ; 1.210      ;
; 0.981 ; lfsr:lf|character[3] ; lfsr:lf|third[0]     ; KEY[0]       ; KEY[0]      ; 0.000        ; 0.044      ; 1.211      ;
; 0.986 ; lfsr:lf|character[1] ; lfsr:lf|third[1]     ; KEY[0]       ; KEY[0]      ; 0.000        ; 0.044      ; 1.216      ;
; 0.987 ; lfsr:lf|character[1] ; lfsr:lf|first[4]     ; KEY[0]       ; KEY[0]      ; 0.000        ; 0.044      ; 1.217      ;
; 0.991 ; lfsr:lf|character[3] ; lfsr:lf|first[0]     ; KEY[0]       ; KEY[0]      ; 0.000        ; 0.044      ; 1.221      ;
; 0.996 ; lfsr:lf|character[1] ; lfsr:lf|fourth[3]    ; KEY[0]       ; KEY[0]      ; 0.000        ; 0.044      ; 1.226      ;
; 0.996 ; lfsr:lf|character[1] ; lfsr:lf|third[0]     ; KEY[0]       ; KEY[0]      ; 0.000        ; 0.044      ; 1.226      ;
; 0.996 ; lfsr:lf|character[1] ; lfsr:lf|third[2]     ; KEY[0]       ; KEY[0]      ; 0.000        ; 0.044      ; 1.226      ;
; 0.998 ; lfsr:lf|character[3] ; lfsr:lf|second[4]    ; KEY[0]       ; KEY[0]      ; 0.000        ; 0.044      ; 1.228      ;
; 1.003 ; lfsr:lf|character[3] ; lfsr:lf|third[2]     ; KEY[0]       ; KEY[0]      ; 0.000        ; 0.044      ; 1.233      ;
; 1.014 ; lfsr:lf|character[1] ; lfsr:lf|third[4]     ; KEY[0]       ; KEY[0]      ; 0.000        ; 0.044      ; 1.244      ;
; 1.015 ; lfsr:lf|character[0] ; lfsr:lf|first[3]     ; KEY[0]       ; KEY[0]      ; 0.000        ; 0.044      ; 1.245      ;
; 1.015 ; lfsr:lf|character[3] ; lfsr:lf|second[1]    ; KEY[0]       ; KEY[0]      ; 0.000        ; 0.044      ; 1.245      ;
; 1.016 ; lfsr:lf|character[3] ; lfsr:lf|third[4]     ; KEY[0]       ; KEY[0]      ; 0.000        ; 0.044      ; 1.246      ;
; 1.020 ; lfsr:lf|character[3] ; lfsr:lf|first[3]     ; KEY[0]       ; KEY[0]      ; 0.000        ; 0.044      ; 1.250      ;
; 1.049 ; lfsr:lf|character[0] ; lfsr:lf|second[1]    ; KEY[0]       ; KEY[0]      ; 0.000        ; 0.044      ; 1.279      ;
; 1.057 ; lfsr:lf|character[3] ; lfsr:lf|first[4]     ; KEY[0]       ; KEY[0]      ; 0.000        ; 0.044      ; 1.287      ;
; 1.439 ; lfsr:lf|y[2]         ; lfsr:lf|character[2] ; CLOCK_50     ; KEY[0]      ; -0.500       ; -0.451     ; 0.704      ;
; 1.440 ; lfsr:lf|y[0]         ; lfsr:lf|character[0] ; CLOCK_50     ; KEY[0]      ; -0.500       ; -0.451     ; 0.705      ;
; 1.440 ; lfsr:lf|y[3]         ; lfsr:lf|character[3] ; CLOCK_50     ; KEY[0]      ; -0.500       ; -0.451     ; 0.705      ;
; 1.445 ; lfsr:lf|y[1]         ; lfsr:lf|character[1] ; CLOCK_50     ; KEY[0]      ; -0.500       ; -0.451     ; 0.710      ;
+-------+----------------------+----------------------+--------------+-------------+--------------+------------+------------+


+--------------------------------------------------------------------------------------------------------+
; Slow 1200mV 85C Model Minimum Pulse Width: 'KEY[0]'                                                    ;
+--------+--------------+----------------+------------------+--------+------------+----------------------+
; Slack  ; Actual Width ; Required Width ; Type             ; Clock  ; Clock Edge ; Target               ;
+--------+--------------+----------------+------------------+--------+------------+----------------------+
; -3.000 ; 1.000        ; 4.000          ; Port Rate        ; KEY[0] ; Rise       ; KEY[0]               ;
; -1.285 ; 1.000        ; 2.285          ; Min Period       ; KEY[0] ; Fall       ; lfsr:lf|character[0] ;
; -1.285 ; 1.000        ; 2.285          ; Min Period       ; KEY[0] ; Fall       ; lfsr:lf|character[1] ;
; -1.285 ; 1.000        ; 2.285          ; Min Period       ; KEY[0] ; Fall       ; lfsr:lf|character[2] ;
; -1.285 ; 1.000        ; 2.285          ; Min Period       ; KEY[0] ; Fall       ; lfsr:lf|character[3] ;
; -1.285 ; 1.000        ; 2.285          ; Min Period       ; KEY[0] ; Fall       ; lfsr:lf|first[0]     ;
; -1.285 ; 1.000        ; 2.285          ; Min Period       ; KEY[0] ; Fall       ; lfsr:lf|first[1]     ;
; -1.285 ; 1.000        ; 2.285          ; Min Period       ; KEY[0] ; Fall       ; lfsr:lf|first[2]     ;
; -1.285 ; 1.000        ; 2.285          ; Min Period       ; KEY[0] ; Fall       ; lfsr:lf|first[3]     ;
; -1.285 ; 1.000        ; 2.285          ; Min Period       ; KEY[0] ; Fall       ; lfsr:lf|first[4]     ;
; -1.285 ; 1.000        ; 2.285          ; Min Period       ; KEY[0] ; Fall       ; lfsr:lf|fourth[0]    ;
; -1.285 ; 1.000        ; 2.285          ; Min Period       ; KEY[0] ; Fall       ; lfsr:lf|fourth[1]    ;
; -1.285 ; 1.000        ; 2.285          ; Min Period       ; KEY[0] ; Fall       ; lfsr:lf|fourth[2]    ;
; -1.285 ; 1.000        ; 2.285          ; Min Period       ; KEY[0] ; Fall       ; lfsr:lf|fourth[3]    ;
; -1.285 ; 1.000        ; 2.285          ; Min Period       ; KEY[0] ; Fall       ; lfsr:lf|fourth[4]    ;
; -1.285 ; 1.000        ; 2.285          ; Min Period       ; KEY[0] ; Fall       ; lfsr:lf|second[0]    ;
; -1.285 ; 1.000        ; 2.285          ; Min Period       ; KEY[0] ; Fall       ; lfsr:lf|second[1]    ;
; -1.285 ; 1.000        ; 2.285          ; Min Period       ; KEY[0] ; Fall       ; lfsr:lf|second[2]    ;
; -1.285 ; 1.000        ; 2.285          ; Min Period       ; KEY[0] ; Fall       ; lfsr:lf|second[3]    ;
; -1.285 ; 1.000        ; 2.285          ; Min Period       ; KEY[0] ; Fall       ; lfsr:lf|second[4]    ;
; -1.285 ; 1.000        ; 2.285          ; Min Period       ; KEY[0] ; Fall       ; lfsr:lf|third[0]     ;
; -1.285 ; 1.000        ; 2.285          ; Min Period       ; KEY[0] ; Fall       ; lfsr:lf|third[1]     ;
; -1.285 ; 1.000        ; 2.285          ; Min Period       ; KEY[0] ; Fall       ; lfsr:lf|third[2]     ;
; -1.285 ; 1.000        ; 2.285          ; Min Period       ; KEY[0] ; Fall       ; lfsr:lf|third[3]     ;
; -1.285 ; 1.000        ; 2.285          ; Min Period       ; KEY[0] ; Fall       ; lfsr:lf|third[4]     ;
; 0.229  ; 0.449        ; 0.220          ; High Pulse Width ; KEY[0] ; Fall       ; lfsr:lf|first[0]     ;
; 0.229  ; 0.449        ; 0.220          ; High Pulse Width ; KEY[0] ; Fall       ; lfsr:lf|first[1]     ;
; 0.229  ; 0.449        ; 0.220          ; High Pulse Width ; KEY[0] ; Fall       ; lfsr:lf|first[3]     ;
; 0.229  ; 0.449        ; 0.220          ; High Pulse Width ; KEY[0] ; Fall       ; lfsr:lf|first[4]     ;
; 0.229  ; 0.449        ; 0.220          ; High Pulse Width ; KEY[0] ; Fall       ; lfsr:lf|fourth[3]    ;
; 0.229  ; 0.449        ; 0.220          ; High Pulse Width ; KEY[0] ; Fall       ; lfsr:lf|second[1]    ;
; 0.229  ; 0.449        ; 0.220          ; High Pulse Width ; KEY[0] ; Fall       ; lfsr:lf|second[3]    ;
; 0.229  ; 0.449        ; 0.220          ; High Pulse Width ; KEY[0] ; Fall       ; lfsr:lf|second[4]    ;
; 0.229  ; 0.449        ; 0.220          ; High Pulse Width ; KEY[0] ; Fall       ; lfsr:lf|third[0]     ;
; 0.229  ; 0.449        ; 0.220          ; High Pulse Width ; KEY[0] ; Fall       ; lfsr:lf|third[1]     ;
; 0.229  ; 0.449        ; 0.220          ; High Pulse Width ; KEY[0] ; Fall       ; lfsr:lf|third[2]     ;
; 0.229  ; 0.449        ; 0.220          ; High Pulse Width ; KEY[0] ; Fall       ; lfsr:lf|third[4]     ;
; 0.235  ; 0.455        ; 0.220          ; High Pulse Width ; KEY[0] ; Fall       ; lfsr:lf|character[0] ;
; 0.235  ; 0.455        ; 0.220          ; High Pulse Width ; KEY[0] ; Fall       ; lfsr:lf|character[1] ;
; 0.235  ; 0.455        ; 0.220          ; High Pulse Width ; KEY[0] ; Fall       ; lfsr:lf|character[2] ;
; 0.235  ; 0.455        ; 0.220          ; High Pulse Width ; KEY[0] ; Fall       ; lfsr:lf|character[3] ;
; 0.235  ; 0.455        ; 0.220          ; High Pulse Width ; KEY[0] ; Fall       ; lfsr:lf|first[2]     ;
; 0.235  ; 0.455        ; 0.220          ; High Pulse Width ; KEY[0] ; Fall       ; lfsr:lf|fourth[0]    ;
; 0.235  ; 0.455        ; 0.220          ; High Pulse Width ; KEY[0] ; Fall       ; lfsr:lf|fourth[1]    ;
; 0.235  ; 0.455        ; 0.220          ; High Pulse Width ; KEY[0] ; Fall       ; lfsr:lf|fourth[2]    ;
; 0.235  ; 0.455        ; 0.220          ; High Pulse Width ; KEY[0] ; Fall       ; lfsr:lf|fourth[4]    ;
; 0.235  ; 0.455        ; 0.220          ; High Pulse Width ; KEY[0] ; Fall       ; lfsr:lf|second[0]    ;
; 0.235  ; 0.455        ; 0.220          ; High Pulse Width ; KEY[0] ; Fall       ; lfsr:lf|second[2]    ;
; 0.235  ; 0.455        ; 0.220          ; High Pulse Width ; KEY[0] ; Fall       ; lfsr:lf|third[3]     ;
; 0.350  ; 0.538        ; 0.188          ; Low Pulse Width  ; KEY[0] ; Fall       ; lfsr:lf|character[0] ;
; 0.350  ; 0.538        ; 0.188          ; Low Pulse Width  ; KEY[0] ; Fall       ; lfsr:lf|character[1] ;
; 0.350  ; 0.538        ; 0.188          ; Low Pulse Width  ; KEY[0] ; Fall       ; lfsr:lf|character[2] ;
; 0.350  ; 0.538        ; 0.188          ; Low Pulse Width  ; KEY[0] ; Fall       ; lfsr:lf|character[3] ;
; 0.350  ; 0.538        ; 0.188          ; Low Pulse Width  ; KEY[0] ; Fall       ; lfsr:lf|first[2]     ;
; 0.350  ; 0.538        ; 0.188          ; Low Pulse Width  ; KEY[0] ; Fall       ; lfsr:lf|fourth[0]    ;
; 0.350  ; 0.538        ; 0.188          ; Low Pulse Width  ; KEY[0] ; Fall       ; lfsr:lf|fourth[1]    ;
; 0.350  ; 0.538        ; 0.188          ; Low Pulse Width  ; KEY[0] ; Fall       ; lfsr:lf|fourth[2]    ;
; 0.350  ; 0.538        ; 0.188          ; Low Pulse Width  ; KEY[0] ; Fall       ; lfsr:lf|fourth[4]    ;
; 0.350  ; 0.538        ; 0.188          ; Low Pulse Width  ; KEY[0] ; Fall       ; lfsr:lf|second[0]    ;
; 0.350  ; 0.538        ; 0.188          ; Low Pulse Width  ; KEY[0] ; Fall       ; lfsr:lf|second[2]    ;
; 0.350  ; 0.538        ; 0.188          ; Low Pulse Width  ; KEY[0] ; Fall       ; lfsr:lf|third[3]     ;
; 0.356  ; 0.544        ; 0.188          ; Low Pulse Width  ; KEY[0] ; Fall       ; lfsr:lf|first[0]     ;
; 0.356  ; 0.544        ; 0.188          ; Low Pulse Width  ; KEY[0] ; Fall       ; lfsr:lf|first[1]     ;
; 0.356  ; 0.544        ; 0.188          ; Low Pulse Width  ; KEY[0] ; Fall       ; lfsr:lf|first[3]     ;
; 0.356  ; 0.544        ; 0.188          ; Low Pulse Width  ; KEY[0] ; Fall       ; lfsr:lf|first[4]     ;
; 0.356  ; 0.544        ; 0.188          ; Low Pulse Width  ; KEY[0] ; Fall       ; lfsr:lf|fourth[3]    ;
; 0.356  ; 0.544        ; 0.188          ; Low Pulse Width  ; KEY[0] ; Fall       ; lfsr:lf|second[1]    ;
; 0.356  ; 0.544        ; 0.188          ; Low Pulse Width  ; KEY[0] ; Fall       ; lfsr:lf|second[3]    ;
; 0.356  ; 0.544        ; 0.188          ; Low Pulse Width  ; KEY[0] ; Fall       ; lfsr:lf|second[4]    ;
; 0.356  ; 0.544        ; 0.188          ; Low Pulse Width  ; KEY[0] ; Fall       ; lfsr:lf|third[0]     ;
; 0.356  ; 0.544        ; 0.188          ; Low Pulse Width  ; KEY[0] ; Fall       ; lfsr:lf|third[1]     ;
; 0.356  ; 0.544        ; 0.188          ; Low Pulse Width  ; KEY[0] ; Fall       ; lfsr:lf|third[2]     ;
; 0.356  ; 0.544        ; 0.188          ; Low Pulse Width  ; KEY[0] ; Fall       ; lfsr:lf|third[4]     ;
; 0.394  ; 0.394        ; 0.000          ; Low Pulse Width  ; KEY[0] ; Rise       ; KEY[0]~input|o       ;
; 0.437  ; 0.437        ; 0.000          ; Low Pulse Width  ; KEY[0] ; Rise       ; lf|first[0]|clk      ;
; 0.437  ; 0.437        ; 0.000          ; Low Pulse Width  ; KEY[0] ; Rise       ; lf|first[1]|clk      ;
; 0.437  ; 0.437        ; 0.000          ; Low Pulse Width  ; KEY[0] ; Rise       ; lf|first[3]|clk      ;
; 0.437  ; 0.437        ; 0.000          ; Low Pulse Width  ; KEY[0] ; Rise       ; lf|first[4]|clk      ;
; 0.437  ; 0.437        ; 0.000          ; Low Pulse Width  ; KEY[0] ; Rise       ; lf|fourth[3]|clk     ;
; 0.437  ; 0.437        ; 0.000          ; Low Pulse Width  ; KEY[0] ; Rise       ; lf|second[1]|clk     ;
; 0.437  ; 0.437        ; 0.000          ; Low Pulse Width  ; KEY[0] ; Rise       ; lf|second[3]|clk     ;
; 0.437  ; 0.437        ; 0.000          ; Low Pulse Width  ; KEY[0] ; Rise       ; lf|second[4]|clk     ;
; 0.437  ; 0.437        ; 0.000          ; Low Pulse Width  ; KEY[0] ; Rise       ; lf|third[0]|clk      ;
; 0.437  ; 0.437        ; 0.000          ; Low Pulse Width  ; KEY[0] ; Rise       ; lf|third[1]|clk      ;
; 0.437  ; 0.437        ; 0.000          ; Low Pulse Width  ; KEY[0] ; Rise       ; lf|third[2]|clk      ;
; 0.437  ; 0.437        ; 0.000          ; Low Pulse Width  ; KEY[0] ; Rise       ; lf|third[4]|clk      ;
; 0.443  ; 0.443        ; 0.000          ; Low Pulse Width  ; KEY[0] ; Rise       ; lf|character[0]|clk  ;
; 0.443  ; 0.443        ; 0.000          ; Low Pulse Width  ; KEY[0] ; Rise       ; lf|character[1]|clk  ;
; 0.443  ; 0.443        ; 0.000          ; Low Pulse Width  ; KEY[0] ; Rise       ; lf|character[2]|clk  ;
; 0.443  ; 0.443        ; 0.000          ; Low Pulse Width  ; KEY[0] ; Rise       ; lf|character[3]|clk  ;
; 0.443  ; 0.443        ; 0.000          ; Low Pulse Width  ; KEY[0] ; Rise       ; lf|first[2]|clk      ;
; 0.443  ; 0.443        ; 0.000          ; Low Pulse Width  ; KEY[0] ; Rise       ; lf|fourth[0]|clk     ;
; 0.443  ; 0.443        ; 0.000          ; Low Pulse Width  ; KEY[0] ; Rise       ; lf|fourth[1]|clk     ;
; 0.443  ; 0.443        ; 0.000          ; Low Pulse Width  ; KEY[0] ; Rise       ; lf|fourth[2]|clk     ;
; 0.443  ; 0.443        ; 0.000          ; Low Pulse Width  ; KEY[0] ; Rise       ; lf|fourth[4]|clk     ;
; 0.443  ; 0.443        ; 0.000          ; Low Pulse Width  ; KEY[0] ; Rise       ; lf|second[0]|clk     ;
; 0.443  ; 0.443        ; 0.000          ; Low Pulse Width  ; KEY[0] ; Rise       ; lf|second[2]|clk     ;
; 0.443  ; 0.443        ; 0.000          ; Low Pulse Width  ; KEY[0] ; Rise       ; lf|third[3]|clk      ;
; 0.500  ; 0.500        ; 0.000          ; High Pulse Width ; KEY[0] ; Rise       ; KEY[0]~input|i       ;
; 0.500  ; 0.500        ; 0.000          ; Low Pulse Width  ; KEY[0] ; Rise       ; KEY[0]~input|i       ;
+--------+--------------+----------------+------------------+--------+------------+----------------------+


+--------------------------------------------------------------------------------------------------------------------+
; Slow 1200mV 85C Model Minimum Pulse Width: 'CLOCK_50'                                                              ;
+--------+--------------+----------------+------------------+----------+------------+--------------------------------+
; Slack  ; Actual Width ; Required Width ; Type             ; Clock    ; Clock Edge ; Target                         ;
+--------+--------------+----------------+------------------+----------+------------+--------------------------------+
; -3.000 ; 1.000        ; 4.000          ; Port Rate        ; CLOCK_50 ; Rise       ; CLOCK_50                       ;
; -1.285 ; 1.000        ; 2.285          ; Min Period       ; CLOCK_50 ; Rise       ; lfsr:lf|y[0]                   ;
; -1.285 ; 1.000        ; 2.285          ; Min Period       ; CLOCK_50 ; Rise       ; lfsr:lf|y[1]                   ;
; -1.285 ; 1.000        ; 2.285          ; Min Period       ; CLOCK_50 ; Rise       ; lfsr:lf|y[2]                   ;
; -1.285 ; 1.000        ; 2.285          ; Min Period       ; CLOCK_50 ; Rise       ; lfsr:lf|y[3]                   ;
; 0.255  ; 0.443        ; 0.188          ; Low Pulse Width  ; CLOCK_50 ; Rise       ; lfsr:lf|y[0]                   ;
; 0.255  ; 0.443        ; 0.188          ; Low Pulse Width  ; CLOCK_50 ; Rise       ; lfsr:lf|y[1]                   ;
; 0.255  ; 0.443        ; 0.188          ; Low Pulse Width  ; CLOCK_50 ; Rise       ; lfsr:lf|y[2]                   ;
; 0.255  ; 0.443        ; 0.188          ; Low Pulse Width  ; CLOCK_50 ; Rise       ; lfsr:lf|y[3]                   ;
; 0.335  ; 0.555        ; 0.220          ; High Pulse Width ; CLOCK_50 ; Rise       ; lfsr:lf|y[0]                   ;
; 0.335  ; 0.555        ; 0.220          ; High Pulse Width ; CLOCK_50 ; Rise       ; lfsr:lf|y[1]                   ;
; 0.335  ; 0.555        ; 0.220          ; High Pulse Width ; CLOCK_50 ; Rise       ; lfsr:lf|y[2]                   ;
; 0.335  ; 0.555        ; 0.220          ; High Pulse Width ; CLOCK_50 ; Rise       ; lfsr:lf|y[3]                   ;
; 0.394  ; 0.394        ; 0.000          ; Low Pulse Width  ; CLOCK_50 ; Rise       ; CLOCK_50~input|o               ;
; 0.408  ; 0.408        ; 0.000          ; Low Pulse Width  ; CLOCK_50 ; Rise       ; CLOCK_50~inputclkctrl|inclk[0] ;
; 0.408  ; 0.408        ; 0.000          ; Low Pulse Width  ; CLOCK_50 ; Rise       ; CLOCK_50~inputclkctrl|outclk   ;
; 0.408  ; 0.408        ; 0.000          ; Low Pulse Width  ; CLOCK_50 ; Rise       ; lf|y[0]|clk                    ;
; 0.408  ; 0.408        ; 0.000          ; Low Pulse Width  ; CLOCK_50 ; Rise       ; lf|y[1]|clk                    ;
; 0.408  ; 0.408        ; 0.000          ; Low Pulse Width  ; CLOCK_50 ; Rise       ; lf|y[2]|clk                    ;
; 0.408  ; 0.408        ; 0.000          ; Low Pulse Width  ; CLOCK_50 ; Rise       ; lf|y[3]|clk                    ;
; 0.500  ; 0.500        ; 0.000          ; High Pulse Width ; CLOCK_50 ; Rise       ; CLOCK_50~input|i               ;
; 0.500  ; 0.500        ; 0.000          ; Low Pulse Width  ; CLOCK_50 ; Rise       ; CLOCK_50~input|i               ;
; 0.591  ; 0.591        ; 0.000          ; High Pulse Width ; CLOCK_50 ; Rise       ; lf|y[0]|clk                    ;
; 0.591  ; 0.591        ; 0.000          ; High Pulse Width ; CLOCK_50 ; Rise       ; lf|y[1]|clk                    ;
; 0.591  ; 0.591        ; 0.000          ; High Pulse Width ; CLOCK_50 ; Rise       ; lf|y[2]|clk                    ;
; 0.591  ; 0.591        ; 0.000          ; High Pulse Width ; CLOCK_50 ; Rise       ; lf|y[3]|clk                    ;
; 0.592  ; 0.592        ; 0.000          ; High Pulse Width ; CLOCK_50 ; Rise       ; CLOCK_50~inputclkctrl|inclk[0] ;
; 0.592  ; 0.592        ; 0.000          ; High Pulse Width ; CLOCK_50 ; Rise       ; CLOCK_50~inputclkctrl|outclk   ;
; 0.606  ; 0.606        ; 0.000          ; High Pulse Width ; CLOCK_50 ; Rise       ; CLOCK_50~input|o               ;
+--------+--------------+----------------+------------------+----------+------------+--------------------------------+


+-------------------------------------------------------------------------+
; Clock to Output Times                                                   ;
+-----------+------------+--------+--------+------------+-----------------+
; Data Port ; Clock Port ; Rise   ; Fall   ; Clock Edge ; Clock Reference ;
+-----------+------------+--------+--------+------------+-----------------+
; HEX0[*]   ; KEY[0]     ; 14.017 ; 14.039 ; Fall       ; KEY[0]          ;
;  HEX0[0]  ; KEY[0]     ; 12.513 ; 12.512 ; Fall       ; KEY[0]          ;
;  HEX0[1]  ; KEY[0]     ; 12.500 ; 12.549 ; Fall       ; KEY[0]          ;
;  HEX0[2]  ; KEY[0]     ; 14.017 ; 14.039 ; Fall       ; KEY[0]          ;
;  HEX0[3]  ; KEY[0]     ; 10.114 ; 10.036 ; Fall       ; KEY[0]          ;
;  HEX0[4]  ; KEY[0]     ; 9.883  ; 9.882  ; Fall       ; KEY[0]          ;
;  HEX0[5]  ; KEY[0]     ; 12.032 ; 12.079 ; Fall       ; KEY[0]          ;
;  HEX0[6]  ; KEY[0]     ; 10.612 ; 10.595 ; Fall       ; KEY[0]          ;
; HEX1[*]   ; KEY[0]     ; 9.985  ; 10.066 ; Fall       ; KEY[0]          ;
;  HEX1[0]  ; KEY[0]     ; 8.685  ; 8.669  ; Fall       ; KEY[0]          ;
;  HEX1[1]  ; KEY[0]     ; 8.266  ; 8.324  ; Fall       ; KEY[0]          ;
;  HEX1[2]  ; KEY[0]     ; 8.699  ; 8.672  ; Fall       ; KEY[0]          ;
;  HEX1[3]  ; KEY[0]     ; 8.582  ; 8.566  ; Fall       ; KEY[0]          ;
;  HEX1[4]  ; KEY[0]     ; 8.882  ; 8.854  ; Fall       ; KEY[0]          ;
;  HEX1[5]  ; KEY[0]     ; 9.985  ; 10.066 ; Fall       ; KEY[0]          ;
;  HEX1[6]  ; KEY[0]     ; 9.654  ; 9.698  ; Fall       ; KEY[0]          ;
; HEX2[*]   ; KEY[0]     ; 9.944  ; 9.907  ; Fall       ; KEY[0]          ;
;  HEX2[0]  ; KEY[0]     ; 9.314  ; 9.331  ; Fall       ; KEY[0]          ;
;  HEX2[1]  ; KEY[0]     ; 9.944  ; 9.907  ; Fall       ; KEY[0]          ;
;  HEX2[2]  ; KEY[0]     ; 9.114  ; 9.096  ; Fall       ; KEY[0]          ;
;  HEX2[3]  ; KEY[0]     ; 9.655  ; 9.645  ; Fall       ; KEY[0]          ;
;  HEX2[4]  ; KEY[0]     ; 9.483  ; 9.514  ; Fall       ; KEY[0]          ;
;  HEX2[5]  ; KEY[0]     ; 9.458  ; 9.440  ; Fall       ; KEY[0]          ;
;  HEX2[6]  ; KEY[0]     ; 9.368  ; 9.320  ; Fall       ; KEY[0]          ;
; HEX3[*]   ; KEY[0]     ; 11.002 ; 11.090 ; Fall       ; KEY[0]          ;
;  HEX3[0]  ; KEY[0]     ; 9.077  ; 9.032  ; Fall       ; KEY[0]          ;
;  HEX3[1]  ; KEY[0]     ; 8.856  ; 8.789  ; Fall       ; KEY[0]          ;
;  HEX3[2]  ; KEY[0]     ; 11.002 ; 11.090 ; Fall       ; KEY[0]          ;
;  HEX3[3]  ; KEY[0]     ; 9.331  ; 9.329  ; Fall       ; KEY[0]          ;
;  HEX3[4]  ; KEY[0]     ; 10.159 ; 10.228 ; Fall       ; KEY[0]          ;
;  HEX3[5]  ; KEY[0]     ; 9.781  ; 9.832  ; Fall       ; KEY[0]          ;
;  HEX3[6]  ; KEY[0]     ; 9.705  ; 9.667  ; Fall       ; KEY[0]          ;
+-----------+------------+--------+--------+------------+-----------------+


+-------------------------------------------------------------------------+
; Minimum Clock to Output Times                                           ;
+-----------+------------+--------+--------+------------+-----------------+
; Data Port ; Clock Port ; Rise   ; Fall   ; Clock Edge ; Clock Reference ;
+-----------+------------+--------+--------+------------+-----------------+
; HEX0[*]   ; KEY[0]     ; 7.434  ; 7.358  ; Fall       ; KEY[0]          ;
;  HEX0[0]  ; KEY[0]     ; 10.402 ; 10.370 ; Fall       ; KEY[0]          ;
;  HEX0[1]  ; KEY[0]     ; 10.638 ; 10.528 ; Fall       ; KEY[0]          ;
;  HEX0[2]  ; KEY[0]     ; 11.557 ; 11.532 ; Fall       ; KEY[0]          ;
;  HEX0[3]  ; KEY[0]     ; 8.428  ; 8.335  ; Fall       ; KEY[0]          ;
;  HEX0[4]  ; KEY[0]     ; 7.434  ; 7.358  ; Fall       ; KEY[0]          ;
;  HEX0[5]  ; KEY[0]     ; 10.118 ; 10.106 ; Fall       ; KEY[0]          ;
;  HEX0[6]  ; KEY[0]     ; 8.396  ; 8.426  ; Fall       ; KEY[0]          ;
; HEX1[*]   ; KEY[0]     ; 7.016  ; 6.957  ; Fall       ; KEY[0]          ;
;  HEX1[0]  ; KEY[0]     ; 7.342  ; 7.275  ; Fall       ; KEY[0]          ;
;  HEX1[1]  ; KEY[0]     ; 7.072  ; 6.999  ; Fall       ; KEY[0]          ;
;  HEX1[2]  ; KEY[0]     ; 7.605  ; 7.579  ; Fall       ; KEY[0]          ;
;  HEX1[3]  ; KEY[0]     ; 7.016  ; 6.957  ; Fall       ; KEY[0]          ;
;  HEX1[4]  ; KEY[0]     ; 7.622  ; 7.571  ; Fall       ; KEY[0]          ;
;  HEX1[5]  ; KEY[0]     ; 9.029  ; 9.049  ; Fall       ; KEY[0]          ;
;  HEX1[6]  ; KEY[0]     ; 8.531  ; 8.540  ; Fall       ; KEY[0]          ;
; HEX2[*]   ; KEY[0]     ; 7.672  ; 7.641  ; Fall       ; KEY[0]          ;
;  HEX2[0]  ; KEY[0]     ; 8.222  ; 8.162  ; Fall       ; KEY[0]          ;
;  HEX2[1]  ; KEY[0]     ; 8.315  ; 8.250  ; Fall       ; KEY[0]          ;
;  HEX2[2]  ; KEY[0]     ; 8.052  ; 8.045  ; Fall       ; KEY[0]          ;
;  HEX2[3]  ; KEY[0]     ; 7.941  ; 7.882  ; Fall       ; KEY[0]          ;
;  HEX2[4]  ; KEY[0]     ; 7.986  ; 7.928  ; Fall       ; KEY[0]          ;
;  HEX2[5]  ; KEY[0]     ; 7.882  ; 7.802  ; Fall       ; KEY[0]          ;
;  HEX2[6]  ; KEY[0]     ; 7.672  ; 7.641  ; Fall       ; KEY[0]          ;
; HEX3[*]   ; KEY[0]     ; 7.288  ; 7.203  ; Fall       ; KEY[0]          ;
;  HEX3[0]  ; KEY[0]     ; 7.850  ; 7.845  ; Fall       ; KEY[0]          ;
;  HEX3[1]  ; KEY[0]     ; 7.288  ; 7.203  ; Fall       ; KEY[0]          ;
;  HEX3[2]  ; KEY[0]     ; 9.732  ; 9.849  ; Fall       ; KEY[0]          ;
;  HEX3[3]  ; KEY[0]     ; 8.204  ; 8.215  ; Fall       ; KEY[0]          ;
;  HEX3[4]  ; KEY[0]     ; 8.855  ; 8.831  ; Fall       ; KEY[0]          ;
;  HEX3[5]  ; KEY[0]     ; 8.511  ; 8.506  ; Fall       ; KEY[0]          ;
;  HEX3[6]  ; KEY[0]     ; 8.373  ; 8.299  ; Fall       ; KEY[0]          ;
+-----------+------------+--------+--------+------------+-----------------+


----------------------------------------------
; Slow 1200mV 85C Model Metastability Report ;
----------------------------------------------
No synchronizer chains to report.


+-----------------------------------------------------------------------------------------------------------+
; Slow 1200mV 0C Model Fmax Summary                                                                         ;
+------------+-----------------+------------+---------------------------------------------------------------+
; Fmax       ; Restricted Fmax ; Clock Name ; Note                                                          ;
+------------+-----------------+------------+---------------------------------------------------------------+
; 722.02 MHz ; 250.0 MHz       ; KEY[0]     ; limit due to minimum period restriction (max I/O toggle rate) ;
; 904.98 MHz ; 250.0 MHz       ; CLOCK_50   ; limit due to minimum period restriction (max I/O toggle rate) ;
+------------+-----------------+------------+---------------------------------------------------------------+
This panel reports FMAX for every clock in the design, regardless of the user-specified clock periods.  FMAX is only computed for paths where the source and destination registers or ports are driven by the same clock.  Paths of different clocks, including generated clocks, are ignored.  For paths between a clock and its inversion, FMAX is computed as if the rising and falling edges are scaled along with FMAX, such that the duty cycle (in terms of a percentage) is maintained. Altera recommends that you always use clock constraints and other slack reports for sign-off analysis.


+------------------------------------+
; Slow 1200mV 0C Model Setup Summary ;
+----------+--------+----------------+
; Clock    ; Slack  ; End Point TNS  ;
+----------+--------+----------------+
; KEY[0]   ; -0.830 ; -8.957         ;
; CLOCK_50 ; -0.105 ; -0.105         ;
+----------+--------+----------------+


+-----------------------------------+
; Slow 1200mV 0C Model Hold Summary ;
+----------+-------+----------------+
; Clock    ; Slack ; End Point TNS  ;
+----------+-------+----------------+
; CLOCK_50 ; 0.392 ; 0.000          ;
; KEY[0]   ; 0.473 ; 0.000          ;
+----------+-------+----------------+


-----------------------------------------
; Slow 1200mV 0C Model Recovery Summary ;
-----------------------------------------
No paths to report.


----------------------------------------
; Slow 1200mV 0C Model Removal Summary ;
----------------------------------------
No paths to report.


+--------------------------------------------------+
; Slow 1200mV 0C Model Minimum Pulse Width Summary ;
+----------+--------+------------------------------+
; Clock    ; Slack  ; End Point TNS                ;
+----------+--------+------------------------------+
; KEY[0]   ; -3.000 ; -33.840                      ;
; CLOCK_50 ; -3.000 ; -8.140                       ;
+----------+--------+------------------------------+


+----------------------------------------------------------------------------------------------------------------------------+
; Slow 1200mV 0C Model Setup: 'KEY[0]'                                                                                       ;
+--------+----------------------+----------------------+--------------+-------------+--------------+------------+------------+
; Slack  ; From Node            ; To Node              ; Launch Clock ; Latch Clock ; Relationship ; Clock Skew ; Data Delay ;
+--------+----------------------+----------------------+--------------+-------------+--------------+------------+------------+
; -0.830 ; lfsr:lf|y[1]         ; lfsr:lf|character[1] ; CLOCK_50     ; KEY[0]      ; 0.500        ; -0.590     ; 0.729      ;
; -0.824 ; lfsr:lf|y[0]         ; lfsr:lf|character[0] ; CLOCK_50     ; KEY[0]      ; 0.500        ; -0.590     ; 0.723      ;
; -0.822 ; lfsr:lf|y[3]         ; lfsr:lf|character[3] ; CLOCK_50     ; KEY[0]      ; 0.500        ; -0.590     ; 0.721      ;
; -0.821 ; lfsr:lf|y[2]         ; lfsr:lf|character[2] ; CLOCK_50     ; KEY[0]      ; 0.500        ; -0.590     ; 0.720      ;
; -0.385 ; lfsr:lf|character[1] ; lfsr:lf|third[1]     ; KEY[0]       ; KEY[0]      ; 1.000        ; -0.103     ; 1.301      ;
; -0.385 ; lfsr:lf|character[1] ; lfsr:lf|third[4]     ; KEY[0]       ; KEY[0]      ; 1.000        ; -0.103     ; 1.301      ;
; -0.379 ; lfsr:lf|character[1] ; lfsr:lf|fourth[3]    ; KEY[0]       ; KEY[0]      ; 1.000        ; -0.103     ; 1.295      ;
; -0.379 ; lfsr:lf|character[1] ; lfsr:lf|third[2]     ; KEY[0]       ; KEY[0]      ; 1.000        ; -0.103     ; 1.295      ;
; -0.378 ; lfsr:lf|character[1] ; lfsr:lf|third[0]     ; KEY[0]       ; KEY[0]      ; 1.000        ; -0.103     ; 1.294      ;
; -0.378 ; lfsr:lf|character[1] ; lfsr:lf|first[0]     ; KEY[0]       ; KEY[0]      ; 1.000        ; -0.103     ; 1.294      ;
; -0.369 ; lfsr:lf|character[1] ; lfsr:lf|first[4]     ; KEY[0]       ; KEY[0]      ; 1.000        ; -0.103     ; 1.285      ;
; -0.368 ; lfsr:lf|character[1] ; lfsr:lf|first[1]     ; KEY[0]       ; KEY[0]      ; 1.000        ; -0.103     ; 1.284      ;
; -0.364 ; lfsr:lf|character[3] ; lfsr:lf|second[3]    ; KEY[0]       ; KEY[0]      ; 1.000        ; -0.103     ; 1.280      ;
; -0.362 ; lfsr:lf|character[3] ; lfsr:lf|third[0]     ; KEY[0]       ; KEY[0]      ; 1.000        ; -0.103     ; 1.278      ;
; -0.361 ; lfsr:lf|character[3] ; lfsr:lf|fourth[3]    ; KEY[0]       ; KEY[0]      ; 1.000        ; -0.103     ; 1.277      ;
; -0.359 ; lfsr:lf|character[3] ; lfsr:lf|third[2]     ; KEY[0]       ; KEY[0]      ; 1.000        ; -0.103     ; 1.275      ;
; -0.357 ; lfsr:lf|character[3] ; lfsr:lf|first[3]     ; KEY[0]       ; KEY[0]      ; 1.000        ; -0.103     ; 1.273      ;
; -0.352 ; lfsr:lf|character[3] ; lfsr:lf|third[4]     ; KEY[0]       ; KEY[0]      ; 1.000        ; -0.103     ; 1.268      ;
; -0.349 ; lfsr:lf|character[3] ; lfsr:lf|first[4]     ; KEY[0]       ; KEY[0]      ; 1.000        ; -0.103     ; 1.265      ;
; -0.348 ; lfsr:lf|character[1] ; lfsr:lf|second[4]    ; KEY[0]       ; KEY[0]      ; 1.000        ; -0.103     ; 1.264      ;
; -0.347 ; lfsr:lf|character[3] ; lfsr:lf|first[1]     ; KEY[0]       ; KEY[0]      ; 1.000        ; -0.103     ; 1.263      ;
; -0.337 ; lfsr:lf|character[0] ; lfsr:lf|second[1]    ; KEY[0]       ; KEY[0]      ; 1.000        ; -0.103     ; 1.253      ;
; -0.335 ; lfsr:lf|character[1] ; lfsr:lf|second[3]    ; KEY[0]       ; KEY[0]      ; 1.000        ; -0.103     ; 1.251      ;
; -0.331 ; lfsr:lf|character[3] ; lfsr:lf|first[0]     ; KEY[0]       ; KEY[0]      ; 1.000        ; -0.103     ; 1.247      ;
; -0.324 ; lfsr:lf|character[3] ; lfsr:lf|third[1]     ; KEY[0]       ; KEY[0]      ; 1.000        ; -0.103     ; 1.240      ;
; -0.313 ; lfsr:lf|character[0] ; lfsr:lf|first[3]     ; KEY[0]       ; KEY[0]      ; 1.000        ; -0.103     ; 1.229      ;
; -0.311 ; lfsr:lf|character[3] ; lfsr:lf|second[4]    ; KEY[0]       ; KEY[0]      ; 1.000        ; -0.103     ; 1.227      ;
; -0.301 ; lfsr:lf|character[3] ; lfsr:lf|second[1]    ; KEY[0]       ; KEY[0]      ; 1.000        ; -0.103     ; 1.217      ;
; -0.267 ; lfsr:lf|character[0] ; lfsr:lf|first[1]     ; KEY[0]       ; KEY[0]      ; 1.000        ; -0.103     ; 1.183      ;
; -0.192 ; lfsr:lf|character[2] ; lfsr:lf|third[0]     ; KEY[0]       ; KEY[0]      ; 1.000        ; -0.103     ; 1.108      ;
; -0.192 ; lfsr:lf|character[2] ; lfsr:lf|first[0]     ; KEY[0]       ; KEY[0]      ; 1.000        ; -0.103     ; 1.108      ;
; -0.192 ; lfsr:lf|character[2] ; lfsr:lf|second[3]    ; KEY[0]       ; KEY[0]      ; 1.000        ; -0.103     ; 1.108      ;
; -0.191 ; lfsr:lf|character[2] ; lfsr:lf|fourth[3]    ; KEY[0]       ; KEY[0]      ; 1.000        ; -0.103     ; 1.107      ;
; -0.190 ; lfsr:lf|character[2] ; lfsr:lf|third[4]     ; KEY[0]       ; KEY[0]      ; 1.000        ; -0.103     ; 1.106      ;
; -0.190 ; lfsr:lf|character[2] ; lfsr:lf|first[3]     ; KEY[0]       ; KEY[0]      ; 1.000        ; -0.103     ; 1.106      ;
; -0.190 ; lfsr:lf|character[2] ; lfsr:lf|second[4]    ; KEY[0]       ; KEY[0]      ; 1.000        ; -0.103     ; 1.106      ;
; -0.189 ; lfsr:lf|character[2] ; lfsr:lf|third[1]     ; KEY[0]       ; KEY[0]      ; 1.000        ; -0.103     ; 1.105      ;
; -0.189 ; lfsr:lf|character[2] ; lfsr:lf|second[1]    ; KEY[0]       ; KEY[0]      ; 1.000        ; -0.103     ; 1.105      ;
; -0.167 ; lfsr:lf|character[2] ; lfsr:lf|third[2]     ; KEY[0]       ; KEY[0]      ; 1.000        ; -0.103     ; 1.083      ;
; -0.166 ; lfsr:lf|character[2] ; lfsr:lf|first[4]     ; KEY[0]       ; KEY[0]      ; 1.000        ; -0.103     ; 1.082      ;
; -0.164 ; lfsr:lf|character[3] ; lfsr:lf|second[2]    ; KEY[0]       ; KEY[0]      ; 1.000        ; -0.046     ; 1.137      ;
; -0.163 ; lfsr:lf|character[3] ; lfsr:lf|first[2]     ; KEY[0]       ; KEY[0]      ; 1.000        ; -0.046     ; 1.136      ;
; -0.159 ; lfsr:lf|character[3] ; lfsr:lf|fourth[1]    ; KEY[0]       ; KEY[0]      ; 1.000        ; -0.046     ; 1.132      ;
; -0.154 ; lfsr:lf|character[3] ; lfsr:lf|second[0]    ; KEY[0]       ; KEY[0]      ; 1.000        ; -0.046     ; 1.127      ;
; -0.153 ; lfsr:lf|character[3] ; lfsr:lf|fourth[4]    ; KEY[0]       ; KEY[0]      ; 1.000        ; -0.046     ; 1.126      ;
; -0.150 ; lfsr:lf|character[0] ; lfsr:lf|fourth[0]    ; KEY[0]       ; KEY[0]      ; 1.000        ; -0.046     ; 1.123      ;
; -0.149 ; lfsr:lf|character[0] ; lfsr:lf|second[0]    ; KEY[0]       ; KEY[0]      ; 1.000        ; -0.046     ; 1.122      ;
; -0.149 ; lfsr:lf|character[0] ; lfsr:lf|fourth[4]    ; KEY[0]       ; KEY[0]      ; 1.000        ; -0.046     ; 1.122      ;
; -0.146 ; lfsr:lf|character[2] ; lfsr:lf|first[1]     ; KEY[0]       ; KEY[0]      ; 1.000        ; -0.103     ; 1.062      ;
; -0.146 ; lfsr:lf|character[0] ; lfsr:lf|fourth[1]    ; KEY[0]       ; KEY[0]      ; 1.000        ; -0.046     ; 1.119      ;
; -0.145 ; lfsr:lf|character[3] ; lfsr:lf|fourth[2]    ; KEY[0]       ; KEY[0]      ; 1.000        ; -0.046     ; 1.118      ;
; -0.145 ; lfsr:lf|character[0] ; lfsr:lf|third[3]     ; KEY[0]       ; KEY[0]      ; 1.000        ; -0.046     ; 1.118      ;
; -0.143 ; lfsr:lf|character[0] ; lfsr:lf|fourth[2]    ; KEY[0]       ; KEY[0]      ; 1.000        ; -0.046     ; 1.116      ;
; -0.142 ; lfsr:lf|character[3] ; lfsr:lf|third[3]     ; KEY[0]       ; KEY[0]      ; 1.000        ; -0.046     ; 1.115      ;
; -0.140 ; lfsr:lf|character[3] ; lfsr:lf|fourth[0]    ; KEY[0]       ; KEY[0]      ; 1.000        ; -0.046     ; 1.113      ;
; -0.124 ; lfsr:lf|character[0] ; lfsr:lf|first[2]     ; KEY[0]       ; KEY[0]      ; 1.000        ; -0.046     ; 1.097      ;
; -0.123 ; lfsr:lf|character[0] ; lfsr:lf|second[2]    ; KEY[0]       ; KEY[0]      ; 1.000        ; -0.046     ; 1.096      ;
; -0.084 ; lfsr:lf|character[1] ; lfsr:lf|second[1]    ; KEY[0]       ; KEY[0]      ; 1.000        ; -0.103     ; 1.000      ;
; -0.083 ; lfsr:lf|character[1] ; lfsr:lf|first[3]     ; KEY[0]       ; KEY[0]      ; 1.000        ; -0.103     ; 0.999      ;
; -0.058 ; lfsr:lf|character[0] ; lfsr:lf|first[4]     ; KEY[0]       ; KEY[0]      ; 1.000        ; -0.103     ; 0.974      ;
; -0.057 ; lfsr:lf|character[0] ; lfsr:lf|second[4]    ; KEY[0]       ; KEY[0]      ; 1.000        ; -0.103     ; 0.973      ;
; -0.056 ; lfsr:lf|character[0] ; lfsr:lf|third[1]     ; KEY[0]       ; KEY[0]      ; 1.000        ; -0.103     ; 0.972      ;
; -0.055 ; lfsr:lf|character[0] ; lfsr:lf|third[4]     ; KEY[0]       ; KEY[0]      ; 1.000        ; -0.103     ; 0.971      ;
; -0.053 ; lfsr:lf|character[0] ; lfsr:lf|third[2]     ; KEY[0]       ; KEY[0]      ; 1.000        ; -0.103     ; 0.969      ;
; -0.052 ; lfsr:lf|character[0] ; lfsr:lf|fourth[3]    ; KEY[0]       ; KEY[0]      ; 1.000        ; -0.103     ; 0.968      ;
; -0.052 ; lfsr:lf|character[0] ; lfsr:lf|third[0]     ; KEY[0]       ; KEY[0]      ; 1.000        ; -0.103     ; 0.968      ;
; -0.051 ; lfsr:lf|character[0] ; lfsr:lf|first[0]     ; KEY[0]       ; KEY[0]      ; 1.000        ; -0.103     ; 0.967      ;
; -0.051 ; lfsr:lf|character[0] ; lfsr:lf|second[3]    ; KEY[0]       ; KEY[0]      ; 1.000        ; -0.103     ; 0.967      ;
; 0.022  ; lfsr:lf|character[1] ; lfsr:lf|fourth[4]    ; KEY[0]       ; KEY[0]      ; 1.000        ; -0.046     ; 0.951      ;
; 0.022  ; lfsr:lf|character[1] ; lfsr:lf|fourth[0]    ; KEY[0]       ; KEY[0]      ; 1.000        ; -0.046     ; 0.951      ;
; 0.023  ; lfsr:lf|character[1] ; lfsr:lf|fourth[1]    ; KEY[0]       ; KEY[0]      ; 1.000        ; -0.046     ; 0.950      ;
; 0.023  ; lfsr:lf|character[1] ; lfsr:lf|third[3]     ; KEY[0]       ; KEY[0]      ; 1.000        ; -0.046     ; 0.950      ;
; 0.023  ; lfsr:lf|character[1] ; lfsr:lf|second[0]    ; KEY[0]       ; KEY[0]      ; 1.000        ; -0.046     ; 0.950      ;
; 0.024  ; lfsr:lf|character[1] ; lfsr:lf|first[2]     ; KEY[0]       ; KEY[0]      ; 1.000        ; -0.046     ; 0.949      ;
; 0.025  ; lfsr:lf|character[1] ; lfsr:lf|second[2]    ; KEY[0]       ; KEY[0]      ; 1.000        ; -0.046     ; 0.948      ;
; 0.048  ; lfsr:lf|character[1] ; lfsr:lf|fourth[2]    ; KEY[0]       ; KEY[0]      ; 1.000        ; -0.046     ; 0.925      ;
; 0.162  ; lfsr:lf|character[2] ; lfsr:lf|second[2]    ; KEY[0]       ; KEY[0]      ; 1.000        ; -0.046     ; 0.811      ;
; 0.162  ; lfsr:lf|character[2] ; lfsr:lf|first[2]     ; KEY[0]       ; KEY[0]      ; 1.000        ; -0.046     ; 0.811      ;
; 0.162  ; lfsr:lf|character[2] ; lfsr:lf|second[0]    ; KEY[0]       ; KEY[0]      ; 1.000        ; -0.046     ; 0.811      ;
; 0.162  ; lfsr:lf|character[2] ; lfsr:lf|third[3]     ; KEY[0]       ; KEY[0]      ; 1.000        ; -0.046     ; 0.811      ;
; 0.162  ; lfsr:lf|character[2] ; lfsr:lf|fourth[1]    ; KEY[0]       ; KEY[0]      ; 1.000        ; -0.046     ; 0.811      ;
; 0.163  ; lfsr:lf|character[2] ; lfsr:lf|fourth[4]    ; KEY[0]       ; KEY[0]      ; 1.000        ; -0.046     ; 0.810      ;
; 0.163  ; lfsr:lf|character[2] ; lfsr:lf|fourth[0]    ; KEY[0]       ; KEY[0]      ; 1.000        ; -0.046     ; 0.810      ;
; 0.176  ; lfsr:lf|character[2] ; lfsr:lf|fourth[2]    ; KEY[0]       ; KEY[0]      ; 1.000        ; -0.046     ; 0.797      ;
+--------+----------------------+----------------------+--------------+-------------+--------------+------------+------------+


+------------------------------------------------------------------------------------------------------------+
; Slow 1200mV 0C Model Setup: 'CLOCK_50'                                                                     ;
+--------+--------------+--------------+--------------+-------------+--------------+------------+------------+
; Slack  ; From Node    ; To Node      ; Launch Clock ; Latch Clock ; Relationship ; Clock Skew ; Data Delay ;
+--------+--------------+--------------+--------------+-------------+--------------+------------+------------+
; -0.105 ; lfsr:lf|y[0] ; lfsr:lf|y[3] ; CLOCK_50     ; CLOCK_50    ; 1.000        ; -0.073     ; 1.031      ;
; 0.181  ; lfsr:lf|y[1] ; lfsr:lf|y[0] ; CLOCK_50     ; CLOCK_50    ; 1.000        ; -0.073     ; 0.745      ;
; 0.184  ; lfsr:lf|y[1] ; lfsr:lf|y[3] ; CLOCK_50     ; CLOCK_50    ; 1.000        ; -0.073     ; 0.742      ;
; 0.208  ; lfsr:lf|y[2] ; lfsr:lf|y[1] ; CLOCK_50     ; CLOCK_50    ; 1.000        ; -0.073     ; 0.718      ;
; 0.208  ; lfsr:lf|y[3] ; lfsr:lf|y[2] ; CLOCK_50     ; CLOCK_50    ; 1.000        ; -0.073     ; 0.718      ;
+--------+--------------+--------------+--------------+-------------+--------------+------------+------------+


+-----------------------------------------------------------------------------------------------------------+
; Slow 1200mV 0C Model Hold: 'CLOCK_50'                                                                     ;
+-------+--------------+--------------+--------------+-------------+--------------+------------+------------+
; Slack ; From Node    ; To Node      ; Launch Clock ; Latch Clock ; Relationship ; Clock Skew ; Data Delay ;
+-------+--------------+--------------+--------------+-------------+--------------+------------+------------+
; 0.392 ; lfsr:lf|y[1] ; lfsr:lf|y[3] ; CLOCK_50     ; CLOCK_50    ; 0.000        ; 0.073      ; 0.636      ;
; 0.395 ; lfsr:lf|y[1] ; lfsr:lf|y[0] ; CLOCK_50     ; CLOCK_50    ; 0.000        ; 0.073      ; 0.639      ;
; 0.400 ; lfsr:lf|y[2] ; lfsr:lf|y[1] ; CLOCK_50     ; CLOCK_50    ; 0.000        ; 0.073      ; 0.644      ;
; 0.401 ; lfsr:lf|y[3] ; lfsr:lf|y[2] ; CLOCK_50     ; CLOCK_50    ; 0.000        ; 0.073      ; 0.645      ;
; 0.592 ; lfsr:lf|y[0] ; lfsr:lf|y[3] ; CLOCK_50     ; CLOCK_50    ; 0.000        ; 0.073      ; 0.836      ;
+-------+--------------+--------------+--------------+-------------+--------------+------------+------------+


+---------------------------------------------------------------------------------------------------------------------------+
; Slow 1200mV 0C Model Hold: 'KEY[0]'                                                                                       ;
+-------+----------------------+----------------------+--------------+-------------+--------------+------------+------------+
; Slack ; From Node            ; To Node              ; Launch Clock ; Latch Clock ; Relationship ; Clock Skew ; Data Delay ;
+-------+----------------------+----------------------+--------------+-------------+--------------+------------+------------+
; 0.473 ; lfsr:lf|character[2] ; lfsr:lf|fourth[0]    ; KEY[0]       ; KEY[0]      ; 0.000        ; 0.046      ; 0.690      ;
; 0.473 ; lfsr:lf|character[2] ; lfsr:lf|fourth[1]    ; KEY[0]       ; KEY[0]      ; 0.000        ; 0.046      ; 0.690      ;
; 0.473 ; lfsr:lf|character[2] ; lfsr:lf|fourth[4]    ; KEY[0]       ; KEY[0]      ; 0.000        ; 0.046      ; 0.690      ;
; 0.473 ; lfsr:lf|character[2] ; lfsr:lf|third[3]     ; KEY[0]       ; KEY[0]      ; 0.000        ; 0.046      ; 0.690      ;
; 0.473 ; lfsr:lf|character[2] ; lfsr:lf|second[0]    ; KEY[0]       ; KEY[0]      ; 0.000        ; 0.046      ; 0.690      ;
; 0.474 ; lfsr:lf|character[2] ; lfsr:lf|second[2]    ; KEY[0]       ; KEY[0]      ; 0.000        ; 0.046      ; 0.691      ;
; 0.474 ; lfsr:lf|character[2] ; lfsr:lf|first[2]     ; KEY[0]       ; KEY[0]      ; 0.000        ; 0.046      ; 0.691      ;
; 0.489 ; lfsr:lf|character[2] ; lfsr:lf|fourth[2]    ; KEY[0]       ; KEY[0]      ; 0.000        ; 0.046      ; 0.706      ;
; 0.585 ; lfsr:lf|character[1] ; lfsr:lf|third[3]     ; KEY[0]       ; KEY[0]      ; 0.000        ; 0.046      ; 0.802      ;
; 0.585 ; lfsr:lf|character[1] ; lfsr:lf|fourth[2]    ; KEY[0]       ; KEY[0]      ; 0.000        ; 0.046      ; 0.802      ;
; 0.586 ; lfsr:lf|character[1] ; lfsr:lf|fourth[1]    ; KEY[0]       ; KEY[0]      ; 0.000        ; 0.046      ; 0.803      ;
; 0.586 ; lfsr:lf|character[1] ; lfsr:lf|fourth[4]    ; KEY[0]       ; KEY[0]      ; 0.000        ; 0.046      ; 0.803      ;
; 0.586 ; lfsr:lf|character[1] ; lfsr:lf|second[2]    ; KEY[0]       ; KEY[0]      ; 0.000        ; 0.046      ; 0.803      ;
; 0.586 ; lfsr:lf|character[1] ; lfsr:lf|first[2]     ; KEY[0]       ; KEY[0]      ; 0.000        ; 0.046      ; 0.803      ;
; 0.601 ; lfsr:lf|character[1] ; lfsr:lf|fourth[0]    ; KEY[0]       ; KEY[0]      ; 0.000        ; 0.046      ; 0.818      ;
; 0.601 ; lfsr:lf|character[1] ; lfsr:lf|second[0]    ; KEY[0]       ; KEY[0]      ; 0.000        ; 0.046      ; 0.818      ;
; 0.671 ; lfsr:lf|character[0] ; lfsr:lf|second[3]    ; KEY[0]       ; KEY[0]      ; 0.000        ; 0.040      ; 0.882      ;
; 0.672 ; lfsr:lf|character[0] ; lfsr:lf|third[0]     ; KEY[0]       ; KEY[0]      ; 0.000        ; 0.040      ; 0.883      ;
; 0.672 ; lfsr:lf|character[0] ; lfsr:lf|first[0]     ; KEY[0]       ; KEY[0]      ; 0.000        ; 0.040      ; 0.883      ;
; 0.673 ; lfsr:lf|character[0] ; lfsr:lf|fourth[3]    ; KEY[0]       ; KEY[0]      ; 0.000        ; 0.040      ; 0.884      ;
; 0.674 ; lfsr:lf|character[0] ; lfsr:lf|third[2]     ; KEY[0]       ; KEY[0]      ; 0.000        ; 0.040      ; 0.885      ;
; 0.675 ; lfsr:lf|character[0] ; lfsr:lf|third[4]     ; KEY[0]       ; KEY[0]      ; 0.000        ; 0.040      ; 0.886      ;
; 0.676 ; lfsr:lf|character[0] ; lfsr:lf|third[1]     ; KEY[0]       ; KEY[0]      ; 0.000        ; 0.040      ; 0.887      ;
; 0.677 ; lfsr:lf|character[0] ; lfsr:lf|second[4]    ; KEY[0]       ; KEY[0]      ; 0.000        ; 0.040      ; 0.888      ;
; 0.678 ; lfsr:lf|character[0] ; lfsr:lf|first[4]     ; KEY[0]       ; KEY[0]      ; 0.000        ; 0.040      ; 0.889      ;
; 0.681 ; lfsr:lf|character[3] ; lfsr:lf|fourth[4]    ; KEY[0]       ; KEY[0]      ; 0.000        ; 0.046      ; 0.898      ;
; 0.681 ; lfsr:lf|character[3] ; lfsr:lf|second[0]    ; KEY[0]       ; KEY[0]      ; 0.000        ; 0.046      ; 0.898      ;
; 0.681 ; lfsr:lf|character[0] ; lfsr:lf|third[3]     ; KEY[0]       ; KEY[0]      ; 0.000        ; 0.046      ; 0.898      ;
; 0.684 ; lfsr:lf|character[0] ; lfsr:lf|fourth[4]    ; KEY[0]       ; KEY[0]      ; 0.000        ; 0.046      ; 0.901      ;
; 0.687 ; lfsr:lf|character[3] ; lfsr:lf|fourth[2]    ; KEY[0]       ; KEY[0]      ; 0.000        ; 0.046      ; 0.904      ;
; 0.689 ; lfsr:lf|character[1] ; lfsr:lf|first[3]     ; KEY[0]       ; KEY[0]      ; 0.000        ; 0.040      ; 0.900      ;
; 0.689 ; lfsr:lf|character[3] ; lfsr:lf|second[2]    ; KEY[0]       ; KEY[0]      ; 0.000        ; 0.046      ; 0.906      ;
; 0.691 ; lfsr:lf|character[1] ; lfsr:lf|second[1]    ; KEY[0]       ; KEY[0]      ; 0.000        ; 0.040      ; 0.902      ;
; 0.700 ; lfsr:lf|character[0] ; lfsr:lf|second[2]    ; KEY[0]       ; KEY[0]      ; 0.000        ; 0.046      ; 0.917      ;
; 0.700 ; lfsr:lf|character[0] ; lfsr:lf|first[2]     ; KEY[0]       ; KEY[0]      ; 0.000        ; 0.046      ; 0.917      ;
; 0.702 ; lfsr:lf|character[3] ; lfsr:lf|third[3]     ; KEY[0]       ; KEY[0]      ; 0.000        ; 0.046      ; 0.919      ;
; 0.702 ; lfsr:lf|character[0] ; lfsr:lf|fourth[1]    ; KEY[0]       ; KEY[0]      ; 0.000        ; 0.046      ; 0.919      ;
; 0.702 ; lfsr:lf|character[0] ; lfsr:lf|fourth[2]    ; KEY[0]       ; KEY[0]      ; 0.000        ; 0.046      ; 0.919      ;
; 0.706 ; lfsr:lf|character[0] ; lfsr:lf|fourth[0]    ; KEY[0]       ; KEY[0]      ; 0.000        ; 0.046      ; 0.923      ;
; 0.708 ; lfsr:lf|character[3] ; lfsr:lf|first[2]     ; KEY[0]       ; KEY[0]      ; 0.000        ; 0.046      ; 0.925      ;
; 0.720 ; lfsr:lf|character[3] ; lfsr:lf|fourth[0]    ; KEY[0]       ; KEY[0]      ; 0.000        ; 0.046      ; 0.937      ;
; 0.722 ; lfsr:lf|character[3] ; lfsr:lf|fourth[1]    ; KEY[0]       ; KEY[0]      ; 0.000        ; 0.046      ; 0.939      ;
; 0.737 ; lfsr:lf|character[0] ; lfsr:lf|second[0]    ; KEY[0]       ; KEY[0]      ; 0.000        ; 0.046      ; 0.954      ;
; 0.783 ; lfsr:lf|character[2] ; lfsr:lf|first[1]     ; KEY[0]       ; KEY[0]      ; 0.000        ; 0.040      ; 0.994      ;
; 0.786 ; lfsr:lf|character[2] ; lfsr:lf|first[4]     ; KEY[0]       ; KEY[0]      ; 0.000        ; 0.040      ; 0.997      ;
; 0.787 ; lfsr:lf|character[2] ; lfsr:lf|third[2]     ; KEY[0]       ; KEY[0]      ; 0.000        ; 0.040      ; 0.998      ;
; 0.787 ; lfsr:lf|character[2] ; lfsr:lf|third[4]     ; KEY[0]       ; KEY[0]      ; 0.000        ; 0.040      ; 0.998      ;
; 0.787 ; lfsr:lf|character[2] ; lfsr:lf|third[1]     ; KEY[0]       ; KEY[0]      ; 0.000        ; 0.040      ; 0.998      ;
; 0.788 ; lfsr:lf|character[2] ; lfsr:lf|second[3]    ; KEY[0]       ; KEY[0]      ; 0.000        ; 0.040      ; 0.999      ;
; 0.788 ; lfsr:lf|character[2] ; lfsr:lf|third[0]     ; KEY[0]       ; KEY[0]      ; 0.000        ; 0.040      ; 0.999      ;
; 0.788 ; lfsr:lf|character[2] ; lfsr:lf|fourth[3]    ; KEY[0]       ; KEY[0]      ; 0.000        ; 0.040      ; 0.999      ;
; 0.788 ; lfsr:lf|character[2] ; lfsr:lf|first[3]     ; KEY[0]       ; KEY[0]      ; 0.000        ; 0.040      ; 0.999      ;
; 0.801 ; lfsr:lf|character[2] ; lfsr:lf|second[4]    ; KEY[0]       ; KEY[0]      ; 0.000        ; 0.040      ; 1.012      ;
; 0.803 ; lfsr:lf|character[2] ; lfsr:lf|first[0]     ; KEY[0]       ; KEY[0]      ; 0.000        ; 0.040      ; 1.014      ;
; 0.804 ; lfsr:lf|character[2] ; lfsr:lf|second[1]    ; KEY[0]       ; KEY[0]      ; 0.000        ; 0.040      ; 1.015      ;
; 0.879 ; lfsr:lf|character[3] ; lfsr:lf|third[1]     ; KEY[0]       ; KEY[0]      ; 0.000        ; 0.040      ; 1.090      ;
; 0.879 ; lfsr:lf|character[0] ; lfsr:lf|first[1]     ; KEY[0]       ; KEY[0]      ; 0.000        ; 0.040      ; 1.090      ;
; 0.888 ; lfsr:lf|character[3] ; lfsr:lf|second[3]    ; KEY[0]       ; KEY[0]      ; 0.000        ; 0.040      ; 1.099      ;
; 0.891 ; lfsr:lf|character[1] ; lfsr:lf|first[0]     ; KEY[0]       ; KEY[0]      ; 0.000        ; 0.040      ; 1.102      ;
; 0.892 ; lfsr:lf|character[1] ; lfsr:lf|second[3]    ; KEY[0]       ; KEY[0]      ; 0.000        ; 0.040      ; 1.103      ;
; 0.893 ; lfsr:lf|character[3] ; lfsr:lf|first[1]     ; KEY[0]       ; KEY[0]      ; 0.000        ; 0.040      ; 1.104      ;
; 0.894 ; lfsr:lf|character[1] ; lfsr:lf|second[4]    ; KEY[0]       ; KEY[0]      ; 0.000        ; 0.040      ; 1.105      ;
; 0.902 ; lfsr:lf|character[3] ; lfsr:lf|fourth[3]    ; KEY[0]       ; KEY[0]      ; 0.000        ; 0.040      ; 1.113      ;
; 0.903 ; lfsr:lf|character[3] ; lfsr:lf|third[0]     ; KEY[0]       ; KEY[0]      ; 0.000        ; 0.040      ; 1.114      ;
; 0.908 ; lfsr:lf|character[3] ; lfsr:lf|second[4]    ; KEY[0]       ; KEY[0]      ; 0.000        ; 0.040      ; 1.119      ;
; 0.910 ; lfsr:lf|character[3] ; lfsr:lf|first[0]     ; KEY[0]       ; KEY[0]      ; 0.000        ; 0.040      ; 1.121      ;
; 0.913 ; lfsr:lf|character[1] ; lfsr:lf|first[1]     ; KEY[0]       ; KEY[0]      ; 0.000        ; 0.040      ; 1.124      ;
; 0.914 ; lfsr:lf|character[3] ; lfsr:lf|third[2]     ; KEY[0]       ; KEY[0]      ; 0.000        ; 0.040      ; 1.125      ;
; 0.919 ; lfsr:lf|character[1] ; lfsr:lf|third[1]     ; KEY[0]       ; KEY[0]      ; 0.000        ; 0.040      ; 1.130      ;
; 0.919 ; lfsr:lf|character[1] ; lfsr:lf|first[4]     ; KEY[0]       ; KEY[0]      ; 0.000        ; 0.040      ; 1.130      ;
; 0.921 ; lfsr:lf|character[1] ; lfsr:lf|third[0]     ; KEY[0]       ; KEY[0]      ; 0.000        ; 0.040      ; 1.132      ;
; 0.921 ; lfsr:lf|character[1] ; lfsr:lf|fourth[3]    ; KEY[0]       ; KEY[0]      ; 0.000        ; 0.040      ; 1.132      ;
; 0.922 ; lfsr:lf|character[1] ; lfsr:lf|third[2]     ; KEY[0]       ; KEY[0]      ; 0.000        ; 0.040      ; 1.133      ;
; 0.931 ; lfsr:lf|character[3] ; lfsr:lf|third[4]     ; KEY[0]       ; KEY[0]      ; 0.000        ; 0.040      ; 1.142      ;
; 0.934 ; lfsr:lf|character[3] ; lfsr:lf|second[1]    ; KEY[0]       ; KEY[0]      ; 0.000        ; 0.040      ; 1.145      ;
; 0.935 ; lfsr:lf|character[0] ; lfsr:lf|first[3]     ; KEY[0]       ; KEY[0]      ; 0.000        ; 0.040      ; 1.146      ;
; 0.935 ; lfsr:lf|character[3] ; lfsr:lf|first[3]     ; KEY[0]       ; KEY[0]      ; 0.000        ; 0.040      ; 1.146      ;
; 0.942 ; lfsr:lf|character[1] ; lfsr:lf|third[4]     ; KEY[0]       ; KEY[0]      ; 0.000        ; 0.040      ; 1.153      ;
; 0.962 ; lfsr:lf|character[0] ; lfsr:lf|second[1]    ; KEY[0]       ; KEY[0]      ; 0.000        ; 0.040      ; 1.173      ;
; 0.964 ; lfsr:lf|character[3] ; lfsr:lf|first[4]     ; KEY[0]       ; KEY[0]      ; 0.000        ; 0.040      ; 1.175      ;
; 1.350 ; lfsr:lf|y[2]         ; lfsr:lf|character[2] ; CLOCK_50     ; KEY[0]      ; -0.500       ; -0.404     ; 0.647      ;
; 1.351 ; lfsr:lf|y[0]         ; lfsr:lf|character[0] ; CLOCK_50     ; KEY[0]      ; -0.500       ; -0.404     ; 0.648      ;
; 1.351 ; lfsr:lf|y[3]         ; lfsr:lf|character[3] ; CLOCK_50     ; KEY[0]      ; -0.500       ; -0.404     ; 0.648      ;
; 1.355 ; lfsr:lf|y[1]         ; lfsr:lf|character[1] ; CLOCK_50     ; KEY[0]      ; -0.500       ; -0.404     ; 0.652      ;
+-------+----------------------+----------------------+--------------+-------------+--------------+------------+------------+


+--------------------------------------------------------------------------------------------------------+
; Slow 1200mV 0C Model Minimum Pulse Width: 'KEY[0]'                                                     ;
+--------+--------------+----------------+------------------+--------+------------+----------------------+
; Slack  ; Actual Width ; Required Width ; Type             ; Clock  ; Clock Edge ; Target               ;
+--------+--------------+----------------+------------------+--------+------------+----------------------+
; -3.000 ; 1.000        ; 4.000          ; Port Rate        ; KEY[0] ; Rise       ; KEY[0]               ;
; -1.285 ; 1.000        ; 2.285          ; Min Period       ; KEY[0] ; Fall       ; lfsr:lf|character[0] ;
; -1.285 ; 1.000        ; 2.285          ; Min Period       ; KEY[0] ; Fall       ; lfsr:lf|character[1] ;
; -1.285 ; 1.000        ; 2.285          ; Min Period       ; KEY[0] ; Fall       ; lfsr:lf|character[2] ;
; -1.285 ; 1.000        ; 2.285          ; Min Period       ; KEY[0] ; Fall       ; lfsr:lf|character[3] ;
; -1.285 ; 1.000        ; 2.285          ; Min Period       ; KEY[0] ; Fall       ; lfsr:lf|first[0]     ;
; -1.285 ; 1.000        ; 2.285          ; Min Period       ; KEY[0] ; Fall       ; lfsr:lf|first[1]     ;
; -1.285 ; 1.000        ; 2.285          ; Min Period       ; KEY[0] ; Fall       ; lfsr:lf|first[2]     ;
; -1.285 ; 1.000        ; 2.285          ; Min Period       ; KEY[0] ; Fall       ; lfsr:lf|first[3]     ;
; -1.285 ; 1.000        ; 2.285          ; Min Period       ; KEY[0] ; Fall       ; lfsr:lf|first[4]     ;
; -1.285 ; 1.000        ; 2.285          ; Min Period       ; KEY[0] ; Fall       ; lfsr:lf|fourth[0]    ;
; -1.285 ; 1.000        ; 2.285          ; Min Period       ; KEY[0] ; Fall       ; lfsr:lf|fourth[1]    ;
; -1.285 ; 1.000        ; 2.285          ; Min Period       ; KEY[0] ; Fall       ; lfsr:lf|fourth[2]    ;
; -1.285 ; 1.000        ; 2.285          ; Min Period       ; KEY[0] ; Fall       ; lfsr:lf|fourth[3]    ;
; -1.285 ; 1.000        ; 2.285          ; Min Period       ; KEY[0] ; Fall       ; lfsr:lf|fourth[4]    ;
; -1.285 ; 1.000        ; 2.285          ; Min Period       ; KEY[0] ; Fall       ; lfsr:lf|second[0]    ;
; -1.285 ; 1.000        ; 2.285          ; Min Period       ; KEY[0] ; Fall       ; lfsr:lf|second[1]    ;
; -1.285 ; 1.000        ; 2.285          ; Min Period       ; KEY[0] ; Fall       ; lfsr:lf|second[2]    ;
; -1.285 ; 1.000        ; 2.285          ; Min Period       ; KEY[0] ; Fall       ; lfsr:lf|second[3]    ;
; -1.285 ; 1.000        ; 2.285          ; Min Period       ; KEY[0] ; Fall       ; lfsr:lf|second[4]    ;
; -1.285 ; 1.000        ; 2.285          ; Min Period       ; KEY[0] ; Fall       ; lfsr:lf|third[0]     ;
; -1.285 ; 1.000        ; 2.285          ; Min Period       ; KEY[0] ; Fall       ; lfsr:lf|third[1]     ;
; -1.285 ; 1.000        ; 2.285          ; Min Period       ; KEY[0] ; Fall       ; lfsr:lf|third[2]     ;
; -1.285 ; 1.000        ; 2.285          ; Min Period       ; KEY[0] ; Fall       ; lfsr:lf|third[3]     ;
; -1.285 ; 1.000        ; 2.285          ; Min Period       ; KEY[0] ; Fall       ; lfsr:lf|third[4]     ;
; 0.268  ; 0.454        ; 0.186          ; Low Pulse Width  ; KEY[0] ; Fall       ; lfsr:lf|character[0] ;
; 0.268  ; 0.454        ; 0.186          ; Low Pulse Width  ; KEY[0] ; Fall       ; lfsr:lf|character[1] ;
; 0.268  ; 0.454        ; 0.186          ; Low Pulse Width  ; KEY[0] ; Fall       ; lfsr:lf|character[2] ;
; 0.268  ; 0.454        ; 0.186          ; Low Pulse Width  ; KEY[0] ; Fall       ; lfsr:lf|character[3] ;
; 0.268  ; 0.454        ; 0.186          ; Low Pulse Width  ; KEY[0] ; Fall       ; lfsr:lf|first[2]     ;
; 0.268  ; 0.454        ; 0.186          ; Low Pulse Width  ; KEY[0] ; Fall       ; lfsr:lf|fourth[0]    ;
; 0.268  ; 0.454        ; 0.186          ; Low Pulse Width  ; KEY[0] ; Fall       ; lfsr:lf|fourth[1]    ;
; 0.268  ; 0.454        ; 0.186          ; Low Pulse Width  ; KEY[0] ; Fall       ; lfsr:lf|fourth[2]    ;
; 0.268  ; 0.454        ; 0.186          ; Low Pulse Width  ; KEY[0] ; Fall       ; lfsr:lf|fourth[4]    ;
; 0.268  ; 0.454        ; 0.186          ; Low Pulse Width  ; KEY[0] ; Fall       ; lfsr:lf|second[0]    ;
; 0.268  ; 0.454        ; 0.186          ; Low Pulse Width  ; KEY[0] ; Fall       ; lfsr:lf|second[2]    ;
; 0.268  ; 0.454        ; 0.186          ; Low Pulse Width  ; KEY[0] ; Fall       ; lfsr:lf|third[3]     ;
; 0.274  ; 0.460        ; 0.186          ; Low Pulse Width  ; KEY[0] ; Fall       ; lfsr:lf|first[0]     ;
; 0.274  ; 0.460        ; 0.186          ; Low Pulse Width  ; KEY[0] ; Fall       ; lfsr:lf|first[1]     ;
; 0.274  ; 0.460        ; 0.186          ; Low Pulse Width  ; KEY[0] ; Fall       ; lfsr:lf|first[3]     ;
; 0.274  ; 0.460        ; 0.186          ; Low Pulse Width  ; KEY[0] ; Fall       ; lfsr:lf|first[4]     ;
; 0.274  ; 0.460        ; 0.186          ; Low Pulse Width  ; KEY[0] ; Fall       ; lfsr:lf|fourth[3]    ;
; 0.274  ; 0.460        ; 0.186          ; Low Pulse Width  ; KEY[0] ; Fall       ; lfsr:lf|second[1]    ;
; 0.274  ; 0.460        ; 0.186          ; Low Pulse Width  ; KEY[0] ; Fall       ; lfsr:lf|second[3]    ;
; 0.274  ; 0.460        ; 0.186          ; Low Pulse Width  ; KEY[0] ; Fall       ; lfsr:lf|second[4]    ;
; 0.274  ; 0.460        ; 0.186          ; Low Pulse Width  ; KEY[0] ; Fall       ; lfsr:lf|third[0]     ;
; 0.274  ; 0.460        ; 0.186          ; Low Pulse Width  ; KEY[0] ; Fall       ; lfsr:lf|third[1]     ;
; 0.274  ; 0.460        ; 0.186          ; Low Pulse Width  ; KEY[0] ; Fall       ; lfsr:lf|third[2]     ;
; 0.274  ; 0.460        ; 0.186          ; Low Pulse Width  ; KEY[0] ; Fall       ; lfsr:lf|third[4]     ;
; 0.318  ; 0.536        ; 0.218          ; High Pulse Width ; KEY[0] ; Fall       ; lfsr:lf|first[0]     ;
; 0.318  ; 0.536        ; 0.218          ; High Pulse Width ; KEY[0] ; Fall       ; lfsr:lf|first[1]     ;
; 0.318  ; 0.536        ; 0.218          ; High Pulse Width ; KEY[0] ; Fall       ; lfsr:lf|first[3]     ;
; 0.318  ; 0.536        ; 0.218          ; High Pulse Width ; KEY[0] ; Fall       ; lfsr:lf|first[4]     ;
; 0.318  ; 0.536        ; 0.218          ; High Pulse Width ; KEY[0] ; Fall       ; lfsr:lf|fourth[3]    ;
; 0.318  ; 0.536        ; 0.218          ; High Pulse Width ; KEY[0] ; Fall       ; lfsr:lf|second[1]    ;
; 0.318  ; 0.536        ; 0.218          ; High Pulse Width ; KEY[0] ; Fall       ; lfsr:lf|second[3]    ;
; 0.318  ; 0.536        ; 0.218          ; High Pulse Width ; KEY[0] ; Fall       ; lfsr:lf|second[4]    ;
; 0.318  ; 0.536        ; 0.218          ; High Pulse Width ; KEY[0] ; Fall       ; lfsr:lf|third[0]     ;
; 0.318  ; 0.536        ; 0.218          ; High Pulse Width ; KEY[0] ; Fall       ; lfsr:lf|third[1]     ;
; 0.318  ; 0.536        ; 0.218          ; High Pulse Width ; KEY[0] ; Fall       ; lfsr:lf|third[2]     ;
; 0.318  ; 0.536        ; 0.218          ; High Pulse Width ; KEY[0] ; Fall       ; lfsr:lf|third[4]     ;
; 0.324  ; 0.542        ; 0.218          ; High Pulse Width ; KEY[0] ; Fall       ; lfsr:lf|character[0] ;
; 0.324  ; 0.542        ; 0.218          ; High Pulse Width ; KEY[0] ; Fall       ; lfsr:lf|character[1] ;
; 0.324  ; 0.542        ; 0.218          ; High Pulse Width ; KEY[0] ; Fall       ; lfsr:lf|character[2] ;
; 0.324  ; 0.542        ; 0.218          ; High Pulse Width ; KEY[0] ; Fall       ; lfsr:lf|character[3] ;
; 0.324  ; 0.542        ; 0.218          ; High Pulse Width ; KEY[0] ; Fall       ; lfsr:lf|first[2]     ;
; 0.324  ; 0.542        ; 0.218          ; High Pulse Width ; KEY[0] ; Fall       ; lfsr:lf|fourth[0]    ;
; 0.324  ; 0.542        ; 0.218          ; High Pulse Width ; KEY[0] ; Fall       ; lfsr:lf|fourth[1]    ;
; 0.324  ; 0.542        ; 0.218          ; High Pulse Width ; KEY[0] ; Fall       ; lfsr:lf|fourth[2]    ;
; 0.324  ; 0.542        ; 0.218          ; High Pulse Width ; KEY[0] ; Fall       ; lfsr:lf|fourth[4]    ;
; 0.324  ; 0.542        ; 0.218          ; High Pulse Width ; KEY[0] ; Fall       ; lfsr:lf|second[0]    ;
; 0.324  ; 0.542        ; 0.218          ; High Pulse Width ; KEY[0] ; Fall       ; lfsr:lf|second[2]    ;
; 0.324  ; 0.542        ; 0.218          ; High Pulse Width ; KEY[0] ; Fall       ; lfsr:lf|third[3]     ;
; 0.416  ; 0.416        ; 0.000          ; Low Pulse Width  ; KEY[0] ; Rise       ; KEY[0]~input|o       ;
; 0.482  ; 0.482        ; 0.000          ; High Pulse Width ; KEY[0] ; Rise       ; lf|character[0]|clk  ;
; 0.482  ; 0.482        ; 0.000          ; High Pulse Width ; KEY[0] ; Rise       ; lf|character[1]|clk  ;
; 0.482  ; 0.482        ; 0.000          ; High Pulse Width ; KEY[0] ; Rise       ; lf|character[2]|clk  ;
; 0.482  ; 0.482        ; 0.000          ; High Pulse Width ; KEY[0] ; Rise       ; lf|character[3]|clk  ;
; 0.482  ; 0.482        ; 0.000          ; High Pulse Width ; KEY[0] ; Rise       ; lf|first[2]|clk      ;
; 0.482  ; 0.482        ; 0.000          ; High Pulse Width ; KEY[0] ; Rise       ; lf|fourth[0]|clk     ;
; 0.482  ; 0.482        ; 0.000          ; High Pulse Width ; KEY[0] ; Rise       ; lf|fourth[1]|clk     ;
; 0.482  ; 0.482        ; 0.000          ; High Pulse Width ; KEY[0] ; Rise       ; lf|fourth[2]|clk     ;
; 0.482  ; 0.482        ; 0.000          ; High Pulse Width ; KEY[0] ; Rise       ; lf|fourth[4]|clk     ;
; 0.482  ; 0.482        ; 0.000          ; High Pulse Width ; KEY[0] ; Rise       ; lf|second[0]|clk     ;
; 0.482  ; 0.482        ; 0.000          ; High Pulse Width ; KEY[0] ; Rise       ; lf|second[2]|clk     ;
; 0.482  ; 0.482        ; 0.000          ; High Pulse Width ; KEY[0] ; Rise       ; lf|third[3]|clk      ;
; 0.488  ; 0.488        ; 0.000          ; High Pulse Width ; KEY[0] ; Rise       ; lf|first[0]|clk      ;
; 0.488  ; 0.488        ; 0.000          ; High Pulse Width ; KEY[0] ; Rise       ; lf|first[1]|clk      ;
; 0.488  ; 0.488        ; 0.000          ; High Pulse Width ; KEY[0] ; Rise       ; lf|first[3]|clk      ;
; 0.488  ; 0.488        ; 0.000          ; High Pulse Width ; KEY[0] ; Rise       ; lf|first[4]|clk      ;
; 0.488  ; 0.488        ; 0.000          ; High Pulse Width ; KEY[0] ; Rise       ; lf|fourth[3]|clk     ;
; 0.488  ; 0.488        ; 0.000          ; High Pulse Width ; KEY[0] ; Rise       ; lf|second[1]|clk     ;
; 0.488  ; 0.488        ; 0.000          ; High Pulse Width ; KEY[0] ; Rise       ; lf|second[3]|clk     ;
; 0.488  ; 0.488        ; 0.000          ; High Pulse Width ; KEY[0] ; Rise       ; lf|second[4]|clk     ;
; 0.488  ; 0.488        ; 0.000          ; High Pulse Width ; KEY[0] ; Rise       ; lf|third[0]|clk      ;
; 0.488  ; 0.488        ; 0.000          ; High Pulse Width ; KEY[0] ; Rise       ; lf|third[1]|clk      ;
; 0.488  ; 0.488        ; 0.000          ; High Pulse Width ; KEY[0] ; Rise       ; lf|third[2]|clk      ;
; 0.488  ; 0.488        ; 0.000          ; High Pulse Width ; KEY[0] ; Rise       ; lf|third[4]|clk      ;
; 0.500  ; 0.500        ; 0.000          ; High Pulse Width ; KEY[0] ; Rise       ; KEY[0]~input|i       ;
; 0.500  ; 0.500        ; 0.000          ; Low Pulse Width  ; KEY[0] ; Rise       ; KEY[0]~input|i       ;
+--------+--------------+----------------+------------------+--------+------------+----------------------+


+--------------------------------------------------------------------------------------------------------------------+
; Slow 1200mV 0C Model Minimum Pulse Width: 'CLOCK_50'                                                               ;
+--------+--------------+----------------+------------------+----------+------------+--------------------------------+
; Slack  ; Actual Width ; Required Width ; Type             ; Clock    ; Clock Edge ; Target                         ;
+--------+--------------+----------------+------------------+----------+------------+--------------------------------+
; -3.000 ; 1.000        ; 4.000          ; Port Rate        ; CLOCK_50 ; Rise       ; CLOCK_50                       ;
; -1.285 ; 1.000        ; 2.285          ; Min Period       ; CLOCK_50 ; Rise       ; lfsr:lf|y[0]                   ;
; -1.285 ; 1.000        ; 2.285          ; Min Period       ; CLOCK_50 ; Rise       ; lfsr:lf|y[1]                   ;
; -1.285 ; 1.000        ; 2.285          ; Min Period       ; CLOCK_50 ; Rise       ; lfsr:lf|y[2]                   ;
; -1.285 ; 1.000        ; 2.285          ; Min Period       ; CLOCK_50 ; Rise       ; lfsr:lf|y[3]                   ;
; 0.276  ; 0.462        ; 0.186          ; Low Pulse Width  ; CLOCK_50 ; Rise       ; lfsr:lf|y[0]                   ;
; 0.276  ; 0.462        ; 0.186          ; Low Pulse Width  ; CLOCK_50 ; Rise       ; lfsr:lf|y[1]                   ;
; 0.276  ; 0.462        ; 0.186          ; Low Pulse Width  ; CLOCK_50 ; Rise       ; lfsr:lf|y[2]                   ;
; 0.276  ; 0.462        ; 0.186          ; Low Pulse Width  ; CLOCK_50 ; Rise       ; lfsr:lf|y[3]                   ;
; 0.317  ; 0.535        ; 0.218          ; High Pulse Width ; CLOCK_50 ; Rise       ; lfsr:lf|y[0]                   ;
; 0.317  ; 0.535        ; 0.218          ; High Pulse Width ; CLOCK_50 ; Rise       ; lfsr:lf|y[1]                   ;
; 0.317  ; 0.535        ; 0.218          ; High Pulse Width ; CLOCK_50 ; Rise       ; lfsr:lf|y[2]                   ;
; 0.317  ; 0.535        ; 0.218          ; High Pulse Width ; CLOCK_50 ; Rise       ; lfsr:lf|y[3]                   ;
; 0.416  ; 0.416        ; 0.000          ; Low Pulse Width  ; CLOCK_50 ; Rise       ; CLOCK_50~input|o               ;
; 0.422  ; 0.422        ; 0.000          ; Low Pulse Width  ; CLOCK_50 ; Rise       ; CLOCK_50~inputclkctrl|inclk[0] ;
; 0.422  ; 0.422        ; 0.000          ; Low Pulse Width  ; CLOCK_50 ; Rise       ; CLOCK_50~inputclkctrl|outclk   ;
; 0.424  ; 0.424        ; 0.000          ; Low Pulse Width  ; CLOCK_50 ; Rise       ; lf|y[0]|clk                    ;
; 0.424  ; 0.424        ; 0.000          ; Low Pulse Width  ; CLOCK_50 ; Rise       ; lf|y[1]|clk                    ;
; 0.424  ; 0.424        ; 0.000          ; Low Pulse Width  ; CLOCK_50 ; Rise       ; lf|y[2]|clk                    ;
; 0.424  ; 0.424        ; 0.000          ; Low Pulse Width  ; CLOCK_50 ; Rise       ; lf|y[3]|clk                    ;
; 0.500  ; 0.500        ; 0.000          ; High Pulse Width ; CLOCK_50 ; Rise       ; CLOCK_50~input|i               ;
; 0.500  ; 0.500        ; 0.000          ; Low Pulse Width  ; CLOCK_50 ; Rise       ; CLOCK_50~input|i               ;
; 0.575  ; 0.575        ; 0.000          ; High Pulse Width ; CLOCK_50 ; Rise       ; lf|y[0]|clk                    ;
; 0.575  ; 0.575        ; 0.000          ; High Pulse Width ; CLOCK_50 ; Rise       ; lf|y[1]|clk                    ;
; 0.575  ; 0.575        ; 0.000          ; High Pulse Width ; CLOCK_50 ; Rise       ; lf|y[2]|clk                    ;
; 0.575  ; 0.575        ; 0.000          ; High Pulse Width ; CLOCK_50 ; Rise       ; lf|y[3]|clk                    ;
; 0.578  ; 0.578        ; 0.000          ; High Pulse Width ; CLOCK_50 ; Rise       ; CLOCK_50~inputclkctrl|inclk[0] ;
; 0.578  ; 0.578        ; 0.000          ; High Pulse Width ; CLOCK_50 ; Rise       ; CLOCK_50~inputclkctrl|outclk   ;
; 0.584  ; 0.584        ; 0.000          ; High Pulse Width ; CLOCK_50 ; Rise       ; CLOCK_50~input|o               ;
+--------+--------------+----------------+------------------+----------+------------+--------------------------------+


+-------------------------------------------------------------------------+
; Clock to Output Times                                                   ;
+-----------+------------+--------+--------+------------+-----------------+
; Data Port ; Clock Port ; Rise   ; Fall   ; Clock Edge ; Clock Reference ;
+-----------+------------+--------+--------+------------+-----------------+
; HEX0[*]   ; KEY[0]     ; 12.918 ; 12.692 ; Fall       ; KEY[0]          ;
;  HEX0[0]  ; KEY[0]     ; 11.496 ; 11.326 ; Fall       ; KEY[0]          ;
;  HEX0[1]  ; KEY[0]     ; 11.413 ; 11.184 ; Fall       ; KEY[0]          ;
;  HEX0[2]  ; KEY[0]     ; 12.918 ; 12.692 ; Fall       ; KEY[0]          ;
;  HEX0[3]  ; KEY[0]     ; 9.199  ; 9.091  ; Fall       ; KEY[0]          ;
;  HEX0[4]  ; KEY[0]     ; 9.032  ; 8.931  ; Fall       ; KEY[0]          ;
;  HEX0[5]  ; KEY[0]     ; 10.954 ; 10.839 ; Fall       ; KEY[0]          ;
;  HEX0[6]  ; KEY[0]     ; 9.690  ; 9.617  ; Fall       ; KEY[0]          ;
; HEX1[*]   ; KEY[0]     ; 8.999  ; 8.981  ; Fall       ; KEY[0]          ;
;  HEX1[0]  ; KEY[0]     ; 7.904  ; 7.823  ; Fall       ; KEY[0]          ;
;  HEX1[1]  ; KEY[0]     ; 7.517  ; 7.466  ; Fall       ; KEY[0]          ;
;  HEX1[2]  ; KEY[0]     ; 7.867  ; 7.783  ; Fall       ; KEY[0]          ;
;  HEX1[3]  ; KEY[0]     ; 7.823  ; 7.742  ; Fall       ; KEY[0]          ;
;  HEX1[4]  ; KEY[0]     ; 8.061  ; 7.970  ; Fall       ; KEY[0]          ;
;  HEX1[5]  ; KEY[0]     ; 8.999  ; 8.981  ; Fall       ; KEY[0]          ;
;  HEX1[6]  ; KEY[0]     ; 8.665  ; 8.644  ; Fall       ; KEY[0]          ;
; HEX2[*]   ; KEY[0]     ; 9.061  ; 8.990  ; Fall       ; KEY[0]          ;
;  HEX2[0]  ; KEY[0]     ; 8.445  ; 8.409  ; Fall       ; KEY[0]          ;
;  HEX2[1]  ; KEY[0]     ; 9.061  ; 8.990  ; Fall       ; KEY[0]          ;
;  HEX2[2]  ; KEY[0]     ; 8.279  ; 8.210  ; Fall       ; KEY[0]          ;
;  HEX2[3]  ; KEY[0]     ; 8.771  ; 8.728  ; Fall       ; KEY[0]          ;
;  HEX2[4]  ; KEY[0]     ; 8.622  ; 8.529  ; Fall       ; KEY[0]          ;
;  HEX2[5]  ; KEY[0]     ; 8.646  ; 8.501  ; Fall       ; KEY[0]          ;
;  HEX2[6]  ; KEY[0]     ; 8.522  ; 8.450  ; Fall       ; KEY[0]          ;
; HEX3[*]   ; KEY[0]     ; 9.926  ; 9.928  ; Fall       ; KEY[0]          ;
;  HEX3[0]  ; KEY[0]     ; 8.232  ; 8.107  ; Fall       ; KEY[0]          ;
;  HEX3[1]  ; KEY[0]     ; 8.018  ; 7.896  ; Fall       ; KEY[0]          ;
;  HEX3[2]  ; KEY[0]     ; 9.926  ; 9.928  ; Fall       ; KEY[0]          ;
;  HEX3[3]  ; KEY[0]     ; 8.440  ; 8.368  ; Fall       ; KEY[0]          ;
;  HEX3[4]  ; KEY[0]     ; 9.222  ; 9.166  ; Fall       ; KEY[0]          ;
;  HEX3[5]  ; KEY[0]     ; 8.889  ; 8.823  ; Fall       ; KEY[0]          ;
;  HEX3[6]  ; KEY[0]     ; 8.822  ; 8.692  ; Fall       ; KEY[0]          ;
+-----------+------------+--------+--------+------------+-----------------+


+-------------------------------------------------------------------------+
; Minimum Clock to Output Times                                           ;
+-----------+------------+--------+--------+------------+-----------------+
; Data Port ; Clock Port ; Rise   ; Fall   ; Clock Edge ; Clock Reference ;
+-----------+------------+--------+--------+------------+-----------------+
; HEX0[*]   ; KEY[0]     ; 6.734  ; 6.647  ; Fall       ; KEY[0]          ;
;  HEX0[0]  ; KEY[0]     ; 9.508  ; 9.349  ; Fall       ; KEY[0]          ;
;  HEX0[1]  ; KEY[0]     ; 9.587  ; 9.416  ; Fall       ; KEY[0]          ;
;  HEX0[2]  ; KEY[0]     ; 10.612 ; 10.395 ; Fall       ; KEY[0]          ;
;  HEX0[3]  ; KEY[0]     ; 7.639  ; 7.526  ; Fall       ; KEY[0]          ;
;  HEX0[4]  ; KEY[0]     ; 6.734  ; 6.647  ; Fall       ; KEY[0]          ;
;  HEX0[5]  ; KEY[0]     ; 9.150  ; 9.055  ; Fall       ; KEY[0]          ;
;  HEX0[6]  ; KEY[0]     ; 7.632  ; 7.535  ; Fall       ; KEY[0]          ;
; HEX1[*]   ; KEY[0]     ; 6.366  ; 6.273  ; Fall       ; KEY[0]          ;
;  HEX1[0]  ; KEY[0]     ; 6.637  ; 6.554  ; Fall       ; KEY[0]          ;
;  HEX1[1]  ; KEY[0]     ; 6.410  ; 6.301  ; Fall       ; KEY[0]          ;
;  HEX1[2]  ; KEY[0]     ; 6.900  ; 6.787  ; Fall       ; KEY[0]          ;
;  HEX1[3]  ; KEY[0]     ; 6.366  ; 6.273  ; Fall       ; KEY[0]          ;
;  HEX1[4]  ; KEY[0]     ; 6.924  ; 6.806  ; Fall       ; KEY[0]          ;
;  HEX1[5]  ; KEY[0]     ; 8.121  ; 8.091  ; Fall       ; KEY[0]          ;
;  HEX1[6]  ; KEY[0]     ; 7.674  ; 7.622  ; Fall       ; KEY[0]          ;
; HEX2[*]   ; KEY[0]     ; 6.971  ; 6.881  ; Fall       ; KEY[0]          ;
;  HEX2[0]  ; KEY[0]     ; 7.444  ; 7.385  ; Fall       ; KEY[0]          ;
;  HEX2[1]  ; KEY[0]     ; 7.559  ; 7.441  ; Fall       ; KEY[0]          ;
;  HEX2[2]  ; KEY[0]     ; 7.320  ; 7.210  ; Fall       ; KEY[0]          ;
;  HEX2[3]  ; KEY[0]     ; 7.183  ; 7.086  ; Fall       ; KEY[0]          ;
;  HEX2[4]  ; KEY[0]     ; 7.220  ; 7.142  ; Fall       ; KEY[0]          ;
;  HEX2[5]  ; KEY[0]     ; 7.159  ; 7.033  ; Fall       ; KEY[0]          ;
;  HEX2[6]  ; KEY[0]     ; 6.971  ; 6.881  ; Fall       ; KEY[0]          ;
; HEX3[*]   ; KEY[0]     ; 6.577  ; 6.487  ; Fall       ; KEY[0]          ;
;  HEX3[0]  ; KEY[0]     ; 7.131  ; 7.030  ; Fall       ; KEY[0]          ;
;  HEX3[1]  ; KEY[0]     ; 6.577  ; 6.487  ; Fall       ; KEY[0]          ;
;  HEX3[2]  ; KEY[0]     ; 8.800  ; 8.796  ; Fall       ; KEY[0]          ;
;  HEX3[3]  ; KEY[0]     ; 7.442  ; 7.350  ; Fall       ; KEY[0]          ;
;  HEX3[4]  ; KEY[0]     ; 8.079  ; 7.942  ; Fall       ; KEY[0]          ;
;  HEX3[5]  ; KEY[0]     ; 7.702  ; 7.657  ; Fall       ; KEY[0]          ;
;  HEX3[6]  ; KEY[0]     ; 7.622  ; 7.464  ; Fall       ; KEY[0]          ;
+-----------+------------+--------+--------+------------+-----------------+


---------------------------------------------
; Slow 1200mV 0C Model Metastability Report ;
---------------------------------------------
No synchronizer chains to report.


+------------------------------------+
; Fast 1200mV 0C Model Setup Summary ;
+----------+--------+----------------+
; Clock    ; Slack  ; End Point TNS  ;
+----------+--------+----------------+
; KEY[0]   ; -0.002 ; -0.002         ;
; CLOCK_50 ; 0.396  ; 0.000          ;
+----------+--------+----------------+


+-----------------------------------+
; Fast 1200mV 0C Model Hold Summary ;
+----------+-------+----------------+
; Clock    ; Slack ; End Point TNS  ;
+----------+-------+----------------+
; CLOCK_50 ; 0.191 ; 0.000          ;
; KEY[0]   ; 0.241 ; 0.000          ;
+----------+-------+----------------+


-----------------------------------------
; Fast 1200mV 0C Model Recovery Summary ;
-----------------------------------------
No paths to report.


----------------------------------------
; Fast 1200mV 0C Model Removal Summary ;
----------------------------------------
No paths to report.


+--------------------------------------------------+
; Fast 1200mV 0C Model Minimum Pulse Width Summary ;
+----------+--------+------------------------------+
; Clock    ; Slack  ; End Point TNS                ;
+----------+--------+------------------------------+
; KEY[0]   ; -3.000 ; -30.768                      ;
; CLOCK_50 ; -3.000 ; -7.244                       ;
+----------+--------+------------------------------+


+----------------------------------------------------------------------------------------------------------------------------+
; Fast 1200mV 0C Model Setup: 'KEY[0]'                                                                                       ;
+--------+----------------------+----------------------+--------------+-------------+--------------+------------+------------+
; Slack  ; From Node            ; To Node              ; Launch Clock ; Latch Clock ; Relationship ; Clock Skew ; Data Delay ;
+--------+----------------------+----------------------+--------------+-------------+--------------+------------+------------+
; -0.002 ; lfsr:lf|y[1]         ; lfsr:lf|character[1] ; CLOCK_50     ; KEY[0]      ; 0.500        ; -0.094     ; 0.385      ;
; 0.000  ; lfsr:lf|y[0]         ; lfsr:lf|character[0] ; CLOCK_50     ; KEY[0]      ; 0.500        ; -0.094     ; 0.383      ;
; 0.002  ; lfsr:lf|y[2]         ; lfsr:lf|character[2] ; CLOCK_50     ; KEY[0]      ; 0.500        ; -0.094     ; 0.381      ;
; 0.003  ; lfsr:lf|y[3]         ; lfsr:lf|character[3] ; CLOCK_50     ; KEY[0]      ; 0.500        ; -0.094     ; 0.380      ;
; 0.234  ; lfsr:lf|character[1] ; lfsr:lf|third[1]     ; KEY[0]       ; KEY[0]      ; 1.000        ; -0.062     ; 0.711      ;
; 0.234  ; lfsr:lf|character[1] ; lfsr:lf|third[4]     ; KEY[0]       ; KEY[0]      ; 1.000        ; -0.062     ; 0.711      ;
; 0.239  ; lfsr:lf|character[1] ; lfsr:lf|fourth[3]    ; KEY[0]       ; KEY[0]      ; 1.000        ; -0.062     ; 0.706      ;
; 0.239  ; lfsr:lf|character[1] ; lfsr:lf|third[0]     ; KEY[0]       ; KEY[0]      ; 1.000        ; -0.062     ; 0.706      ;
; 0.239  ; lfsr:lf|character[1] ; lfsr:lf|third[2]     ; KEY[0]       ; KEY[0]      ; 1.000        ; -0.062     ; 0.706      ;
; 0.240  ; lfsr:lf|character[3] ; lfsr:lf|second[3]    ; KEY[0]       ; KEY[0]      ; 1.000        ; -0.062     ; 0.705      ;
; 0.240  ; lfsr:lf|character[1] ; lfsr:lf|first[0]     ; KEY[0]       ; KEY[0]      ; 1.000        ; -0.062     ; 0.705      ;
; 0.242  ; lfsr:lf|character[3] ; lfsr:lf|third[0]     ; KEY[0]       ; KEY[0]      ; 1.000        ; -0.062     ; 0.703      ;
; 0.243  ; lfsr:lf|character[3] ; lfsr:lf|first[3]     ; KEY[0]       ; KEY[0]      ; 1.000        ; -0.062     ; 0.702      ;
; 0.243  ; lfsr:lf|character[3] ; lfsr:lf|fourth[3]    ; KEY[0]       ; KEY[0]      ; 1.000        ; -0.062     ; 0.702      ;
; 0.244  ; lfsr:lf|character[1] ; lfsr:lf|first[4]     ; KEY[0]       ; KEY[0]      ; 1.000        ; -0.062     ; 0.701      ;
; 0.245  ; lfsr:lf|character[1] ; lfsr:lf|first[1]     ; KEY[0]       ; KEY[0]      ; 1.000        ; -0.062     ; 0.700      ;
; 0.245  ; lfsr:lf|character[3] ; lfsr:lf|third[2]     ; KEY[0]       ; KEY[0]      ; 1.000        ; -0.062     ; 0.700      ;
; 0.248  ; lfsr:lf|character[3] ; lfsr:lf|third[4]     ; KEY[0]       ; KEY[0]      ; 1.000        ; -0.062     ; 0.697      ;
; 0.252  ; lfsr:lf|character[3] ; lfsr:lf|first[1]     ; KEY[0]       ; KEY[0]      ; 1.000        ; -0.062     ; 0.693      ;
; 0.254  ; lfsr:lf|character[3] ; lfsr:lf|first[0]     ; KEY[0]       ; KEY[0]      ; 1.000        ; -0.062     ; 0.691      ;
; 0.254  ; lfsr:lf|character[3] ; lfsr:lf|first[4]     ; KEY[0]       ; KEY[0]      ; 1.000        ; -0.062     ; 0.691      ;
; 0.258  ; lfsr:lf|character[1] ; lfsr:lf|second[4]    ; KEY[0]       ; KEY[0]      ; 1.000        ; -0.062     ; 0.687      ;
; 0.261  ; lfsr:lf|character[1] ; lfsr:lf|second[3]    ; KEY[0]       ; KEY[0]      ; 1.000        ; -0.062     ; 0.684      ;
; 0.261  ; lfsr:lf|character[0] ; lfsr:lf|second[1]    ; KEY[0]       ; KEY[0]      ; 1.000        ; -0.062     ; 0.684      ;
; 0.263  ; lfsr:lf|character[3] ; lfsr:lf|third[1]     ; KEY[0]       ; KEY[0]      ; 1.000        ; -0.062     ; 0.682      ;
; 0.277  ; lfsr:lf|character[0] ; lfsr:lf|first[3]     ; KEY[0]       ; KEY[0]      ; 1.000        ; -0.062     ; 0.668      ;
; 0.279  ; lfsr:lf|character[3] ; lfsr:lf|second[4]    ; KEY[0]       ; KEY[0]      ; 1.000        ; -0.062     ; 0.666      ;
; 0.280  ; lfsr:lf|character[3] ; lfsr:lf|second[1]    ; KEY[0]       ; KEY[0]      ; 1.000        ; -0.062     ; 0.665      ;
; 0.316  ; lfsr:lf|character[0] ; lfsr:lf|first[1]     ; KEY[0]       ; KEY[0]      ; 1.000        ; -0.062     ; 0.629      ;
; 0.336  ; lfsr:lf|character[2] ; lfsr:lf|first[0]     ; KEY[0]       ; KEY[0]      ; 1.000        ; -0.062     ; 0.609      ;
; 0.336  ; lfsr:lf|character[2] ; lfsr:lf|second[3]    ; KEY[0]       ; KEY[0]      ; 1.000        ; -0.062     ; 0.609      ;
; 0.336  ; lfsr:lf|character[2] ; lfsr:lf|third[0]     ; KEY[0]       ; KEY[0]      ; 1.000        ; -0.062     ; 0.609      ;
; 0.337  ; lfsr:lf|character[2] ; lfsr:lf|first[3]     ; KEY[0]       ; KEY[0]      ; 1.000        ; -0.062     ; 0.608      ;
; 0.337  ; lfsr:lf|character[2] ; lfsr:lf|fourth[3]    ; KEY[0]       ; KEY[0]      ; 1.000        ; -0.062     ; 0.608      ;
; 0.338  ; lfsr:lf|character[2] ; lfsr:lf|third[1]     ; KEY[0]       ; KEY[0]      ; 1.000        ; -0.062     ; 0.607      ;
; 0.338  ; lfsr:lf|character[2] ; lfsr:lf|third[4]     ; KEY[0]       ; KEY[0]      ; 1.000        ; -0.062     ; 0.607      ;
; 0.338  ; lfsr:lf|character[2] ; lfsr:lf|second[4]    ; KEY[0]       ; KEY[0]      ; 1.000        ; -0.062     ; 0.607      ;
; 0.338  ; lfsr:lf|character[2] ; lfsr:lf|second[1]    ; KEY[0]       ; KEY[0]      ; 1.000        ; -0.062     ; 0.607      ;
; 0.363  ; lfsr:lf|character[2] ; lfsr:lf|third[2]     ; KEY[0]       ; KEY[0]      ; 1.000        ; -0.062     ; 0.582      ;
; 0.364  ; lfsr:lf|character[2] ; lfsr:lf|first[4]     ; KEY[0]       ; KEY[0]      ; 1.000        ; -0.062     ; 0.581      ;
; 0.369  ; lfsr:lf|character[3] ; lfsr:lf|second[2]    ; KEY[0]       ; KEY[0]      ; 1.000        ; -0.027     ; 0.611      ;
; 0.369  ; lfsr:lf|character[3] ; lfsr:lf|first[2]     ; KEY[0]       ; KEY[0]      ; 1.000        ; -0.027     ; 0.611      ;
; 0.372  ; lfsr:lf|character[3] ; lfsr:lf|fourth[1]    ; KEY[0]       ; KEY[0]      ; 1.000        ; -0.027     ; 0.608      ;
; 0.375  ; lfsr:lf|character[0] ; lfsr:lf|fourth[0]    ; KEY[0]       ; KEY[0]      ; 1.000        ; -0.027     ; 0.605      ;
; 0.375  ; lfsr:lf|character[3] ; lfsr:lf|second[0]    ; KEY[0]       ; KEY[0]      ; 1.000        ; -0.027     ; 0.605      ;
; 0.375  ; lfsr:lf|character[0] ; lfsr:lf|fourth[1]    ; KEY[0]       ; KEY[0]      ; 1.000        ; -0.027     ; 0.605      ;
; 0.376  ; lfsr:lf|character[0] ; lfsr:lf|fourth[4]    ; KEY[0]       ; KEY[0]      ; 1.000        ; -0.027     ; 0.604      ;
; 0.376  ; lfsr:lf|character[0] ; lfsr:lf|third[3]     ; KEY[0]       ; KEY[0]      ; 1.000        ; -0.027     ; 0.604      ;
; 0.376  ; lfsr:lf|character[0] ; lfsr:lf|second[0]    ; KEY[0]       ; KEY[0]      ; 1.000        ; -0.027     ; 0.604      ;
; 0.377  ; lfsr:lf|character[3] ; lfsr:lf|fourth[2]    ; KEY[0]       ; KEY[0]      ; 1.000        ; -0.027     ; 0.603      ;
; 0.378  ; lfsr:lf|character[3] ; lfsr:lf|fourth[4]    ; KEY[0]       ; KEY[0]      ; 1.000        ; -0.027     ; 0.602      ;
; 0.380  ; lfsr:lf|character[0] ; lfsr:lf|fourth[2]    ; KEY[0]       ; KEY[0]      ; 1.000        ; -0.027     ; 0.600      ;
; 0.382  ; lfsr:lf|character[3] ; lfsr:lf|third[3]     ; KEY[0]       ; KEY[0]      ; 1.000        ; -0.027     ; 0.598      ;
; 0.387  ; lfsr:lf|character[3] ; lfsr:lf|fourth[0]    ; KEY[0]       ; KEY[0]      ; 1.000        ; -0.027     ; 0.593      ;
; 0.389  ; lfsr:lf|character[2] ; lfsr:lf|first[1]     ; KEY[0]       ; KEY[0]      ; 1.000        ; -0.062     ; 0.556      ;
; 0.395  ; lfsr:lf|character[0] ; lfsr:lf|second[2]    ; KEY[0]       ; KEY[0]      ; 1.000        ; -0.027     ; 0.585      ;
; 0.396  ; lfsr:lf|character[0] ; lfsr:lf|first[2]     ; KEY[0]       ; KEY[0]      ; 1.000        ; -0.027     ; 0.584      ;
; 0.409  ; lfsr:lf|character[1] ; lfsr:lf|second[1]    ; KEY[0]       ; KEY[0]      ; 1.000        ; -0.062     ; 0.536      ;
; 0.411  ; lfsr:lf|character[1] ; lfsr:lf|first[3]     ; KEY[0]       ; KEY[0]      ; 1.000        ; -0.062     ; 0.534      ;
; 0.419  ; lfsr:lf|character[0] ; lfsr:lf|first[4]     ; KEY[0]       ; KEY[0]      ; 1.000        ; -0.062     ; 0.526      ;
; 0.420  ; lfsr:lf|character[0] ; lfsr:lf|second[4]    ; KEY[0]       ; KEY[0]      ; 1.000        ; -0.062     ; 0.525      ;
; 0.421  ; lfsr:lf|character[0] ; lfsr:lf|third[1]     ; KEY[0]       ; KEY[0]      ; 1.000        ; -0.062     ; 0.524      ;
; 0.424  ; lfsr:lf|character[0] ; lfsr:lf|fourth[3]    ; KEY[0]       ; KEY[0]      ; 1.000        ; -0.062     ; 0.521      ;
; 0.425  ; lfsr:lf|character[0] ; lfsr:lf|third[4]     ; KEY[0]       ; KEY[0]      ; 1.000        ; -0.062     ; 0.520      ;
; 0.425  ; lfsr:lf|character[0] ; lfsr:lf|first[0]     ; KEY[0]       ; KEY[0]      ; 1.000        ; -0.062     ; 0.520      ;
; 0.425  ; lfsr:lf|character[0] ; lfsr:lf|third[0]     ; KEY[0]       ; KEY[0]      ; 1.000        ; -0.062     ; 0.520      ;
; 0.426  ; lfsr:lf|character[0] ; lfsr:lf|second[3]    ; KEY[0]       ; KEY[0]      ; 1.000        ; -0.062     ; 0.519      ;
; 0.427  ; lfsr:lf|character[0] ; lfsr:lf|third[2]     ; KEY[0]       ; KEY[0]      ; 1.000        ; -0.062     ; 0.518      ;
; 0.472  ; lfsr:lf|character[1] ; lfsr:lf|fourth[4]    ; KEY[0]       ; KEY[0]      ; 1.000        ; -0.027     ; 0.508      ;
; 0.472  ; lfsr:lf|character[1] ; lfsr:lf|fourth[0]    ; KEY[0]       ; KEY[0]      ; 1.000        ; -0.027     ; 0.508      ;
; 0.473  ; lfsr:lf|character[1] ; lfsr:lf|fourth[1]    ; KEY[0]       ; KEY[0]      ; 1.000        ; -0.027     ; 0.507      ;
; 0.473  ; lfsr:lf|character[1] ; lfsr:lf|third[3]     ; KEY[0]       ; KEY[0]      ; 1.000        ; -0.027     ; 0.507      ;
; 0.473  ; lfsr:lf|character[1] ; lfsr:lf|second[0]    ; KEY[0]       ; KEY[0]      ; 1.000        ; -0.027     ; 0.507      ;
; 0.475  ; lfsr:lf|character[1] ; lfsr:lf|second[2]    ; KEY[0]       ; KEY[0]      ; 1.000        ; -0.027     ; 0.505      ;
; 0.475  ; lfsr:lf|character[1] ; lfsr:lf|first[2]     ; KEY[0]       ; KEY[0]      ; 1.000        ; -0.027     ; 0.505      ;
; 0.502  ; lfsr:lf|character[1] ; lfsr:lf|fourth[2]    ; KEY[0]       ; KEY[0]      ; 1.000        ; -0.027     ; 0.478      ;
; 0.553  ; lfsr:lf|character[2] ; lfsr:lf|second[2]    ; KEY[0]       ; KEY[0]      ; 1.000        ; -0.027     ; 0.427      ;
; 0.554  ; lfsr:lf|character[2] ; lfsr:lf|first[2]     ; KEY[0]       ; KEY[0]      ; 1.000        ; -0.027     ; 0.426      ;
; 0.555  ; lfsr:lf|character[2] ; lfsr:lf|fourth[1]    ; KEY[0]       ; KEY[0]      ; 1.000        ; -0.027     ; 0.425      ;
; 0.555  ; lfsr:lf|character[2] ; lfsr:lf|fourth[2]    ; KEY[0]       ; KEY[0]      ; 1.000        ; -0.027     ; 0.425      ;
; 0.555  ; lfsr:lf|character[2] ; lfsr:lf|second[0]    ; KEY[0]       ; KEY[0]      ; 1.000        ; -0.027     ; 0.425      ;
; 0.555  ; lfsr:lf|character[2] ; lfsr:lf|fourth[4]    ; KEY[0]       ; KEY[0]      ; 1.000        ; -0.027     ; 0.425      ;
; 0.555  ; lfsr:lf|character[2] ; lfsr:lf|fourth[0]    ; KEY[0]       ; KEY[0]      ; 1.000        ; -0.027     ; 0.425      ;
; 0.559  ; lfsr:lf|character[2] ; lfsr:lf|third[3]     ; KEY[0]       ; KEY[0]      ; 1.000        ; -0.027     ; 0.421      ;
+--------+----------------------+----------------------+--------------+-------------+--------------+------------+------------+


+-----------------------------------------------------------------------------------------------------------+
; Fast 1200mV 0C Model Setup: 'CLOCK_50'                                                                    ;
+-------+--------------+--------------+--------------+-------------+--------------+------------+------------+
; Slack ; From Node    ; To Node      ; Launch Clock ; Latch Clock ; Relationship ; Clock Skew ; Data Delay ;
+-------+--------------+--------------+--------------+-------------+--------------+------------+------------+
; 0.396 ; lfsr:lf|y[0] ; lfsr:lf|y[3] ; CLOCK_50     ; CLOCK_50    ; 1.000        ; -0.042     ; 0.549      ;
; 0.561 ; lfsr:lf|y[1] ; lfsr:lf|y[3] ; CLOCK_50     ; CLOCK_50    ; 1.000        ; -0.042     ; 0.384      ;
; 0.562 ; lfsr:lf|y[1] ; lfsr:lf|y[0] ; CLOCK_50     ; CLOCK_50    ; 1.000        ; -0.042     ; 0.383      ;
; 0.567 ; lfsr:lf|y[2] ; lfsr:lf|y[1] ; CLOCK_50     ; CLOCK_50    ; 1.000        ; -0.042     ; 0.378      ;
; 0.567 ; lfsr:lf|y[3] ; lfsr:lf|y[2] ; CLOCK_50     ; CLOCK_50    ; 1.000        ; -0.042     ; 0.378      ;
+-------+--------------+--------------+--------------+-------------+--------------+------------+------------+


+-----------------------------------------------------------------------------------------------------------+
; Fast 1200mV 0C Model Hold: 'CLOCK_50'                                                                     ;
+-------+--------------+--------------+--------------+-------------+--------------+------------+------------+
; Slack ; From Node    ; To Node      ; Launch Clock ; Latch Clock ; Relationship ; Clock Skew ; Data Delay ;
+-------+--------------+--------------+--------------+-------------+--------------+------------+------------+
; 0.191 ; lfsr:lf|y[2] ; lfsr:lf|y[1] ; CLOCK_50     ; CLOCK_50    ; 0.000        ; 0.042      ; 0.317      ;
; 0.191 ; lfsr:lf|y[3] ; lfsr:lf|y[2] ; CLOCK_50     ; CLOCK_50    ; 0.000        ; 0.042      ; 0.317      ;
; 0.195 ; lfsr:lf|y[1] ; lfsr:lf|y[3] ; CLOCK_50     ; CLOCK_50    ; 0.000        ; 0.042      ; 0.321      ;
; 0.202 ; lfsr:lf|y[1] ; lfsr:lf|y[0] ; CLOCK_50     ; CLOCK_50    ; 0.000        ; 0.042      ; 0.328      ;
; 0.296 ; lfsr:lf|y[0] ; lfsr:lf|y[3] ; CLOCK_50     ; CLOCK_50    ; 0.000        ; 0.042      ; 0.422      ;
+-------+--------------+--------------+--------------+-------------+--------------+------------+------------+


+---------------------------------------------------------------------------------------------------------------------------+
; Fast 1200mV 0C Model Hold: 'KEY[0]'                                                                                       ;
+-------+----------------------+----------------------+--------------+-------------+--------------+------------+------------+
; Slack ; From Node            ; To Node              ; Launch Clock ; Latch Clock ; Relationship ; Clock Skew ; Data Delay ;
+-------+----------------------+----------------------+--------------+-------------+--------------+------------+------------+
; 0.241 ; lfsr:lf|character[2] ; lfsr:lf|fourth[2]    ; KEY[0]       ; KEY[0]      ; 0.000        ; 0.027      ; 0.352      ;
; 0.241 ; lfsr:lf|character[2] ; lfsr:lf|fourth[1]    ; KEY[0]       ; KEY[0]      ; 0.000        ; 0.027      ; 0.352      ;
; 0.241 ; lfsr:lf|character[2] ; lfsr:lf|fourth[4]    ; KEY[0]       ; KEY[0]      ; 0.000        ; 0.027      ; 0.352      ;
; 0.241 ; lfsr:lf|character[2] ; lfsr:lf|second[0]    ; KEY[0]       ; KEY[0]      ; 0.000        ; 0.027      ; 0.352      ;
; 0.242 ; lfsr:lf|character[2] ; lfsr:lf|fourth[0]    ; KEY[0]       ; KEY[0]      ; 0.000        ; 0.027      ; 0.353      ;
; 0.242 ; lfsr:lf|character[2] ; lfsr:lf|first[2]     ; KEY[0]       ; KEY[0]      ; 0.000        ; 0.027      ; 0.353      ;
; 0.243 ; lfsr:lf|character[2] ; lfsr:lf|second[2]    ; KEY[0]       ; KEY[0]      ; 0.000        ; 0.027      ; 0.354      ;
; 0.245 ; lfsr:lf|character[2] ; lfsr:lf|third[3]     ; KEY[0]       ; KEY[0]      ; 0.000        ; 0.027      ; 0.356      ;
; 0.302 ; lfsr:lf|character[1] ; lfsr:lf|fourth[2]    ; KEY[0]       ; KEY[0]      ; 0.000        ; 0.027      ; 0.413      ;
; 0.303 ; lfsr:lf|character[1] ; lfsr:lf|third[3]     ; KEY[0]       ; KEY[0]      ; 0.000        ; 0.027      ; 0.414      ;
; 0.304 ; lfsr:lf|character[1] ; lfsr:lf|second[0]    ; KEY[0]       ; KEY[0]      ; 0.000        ; 0.027      ; 0.415      ;
; 0.304 ; lfsr:lf|character[1] ; lfsr:lf|first[2]     ; KEY[0]       ; KEY[0]      ; 0.000        ; 0.027      ; 0.415      ;
; 0.304 ; lfsr:lf|character[1] ; lfsr:lf|second[2]    ; KEY[0]       ; KEY[0]      ; 0.000        ; 0.027      ; 0.415      ;
; 0.304 ; lfsr:lf|character[1] ; lfsr:lf|fourth[1]    ; KEY[0]       ; KEY[0]      ; 0.000        ; 0.027      ; 0.415      ;
; 0.304 ; lfsr:lf|character[1] ; lfsr:lf|fourth[4]    ; KEY[0]       ; KEY[0]      ; 0.000        ; 0.027      ; 0.415      ;
; 0.306 ; lfsr:lf|character[1] ; lfsr:lf|fourth[0]    ; KEY[0]       ; KEY[0]      ; 0.000        ; 0.027      ; 0.417      ;
; 0.328 ; lfsr:lf|character[0] ; lfsr:lf|second[3]    ; KEY[0]       ; KEY[0]      ; 0.000        ; 0.026      ; 0.438      ;
; 0.328 ; lfsr:lf|character[0] ; lfsr:lf|first[0]     ; KEY[0]       ; KEY[0]      ; 0.000        ; 0.026      ; 0.438      ;
; 0.329 ; lfsr:lf|character[0] ; lfsr:lf|fourth[3]    ; KEY[0]       ; KEY[0]      ; 0.000        ; 0.026      ; 0.439      ;
; 0.329 ; lfsr:lf|character[0] ; lfsr:lf|third[0]     ; KEY[0]       ; KEY[0]      ; 0.000        ; 0.026      ; 0.439      ;
; 0.332 ; lfsr:lf|character[0] ; lfsr:lf|third[1]     ; KEY[0]       ; KEY[0]      ; 0.000        ; 0.026      ; 0.442      ;
; 0.333 ; lfsr:lf|character[0] ; lfsr:lf|second[4]    ; KEY[0]       ; KEY[0]      ; 0.000        ; 0.026      ; 0.443      ;
; 0.334 ; lfsr:lf|character[0] ; lfsr:lf|third[2]     ; KEY[0]       ; KEY[0]      ; 0.000        ; 0.026      ; 0.444      ;
; 0.334 ; lfsr:lf|character[0] ; lfsr:lf|first[4]     ; KEY[0]       ; KEY[0]      ; 0.000        ; 0.026      ; 0.444      ;
; 0.336 ; lfsr:lf|character[0] ; lfsr:lf|third[4]     ; KEY[0]       ; KEY[0]      ; 0.000        ; 0.026      ; 0.446      ;
; 0.343 ; lfsr:lf|character[1] ; lfsr:lf|first[3]     ; KEY[0]       ; KEY[0]      ; 0.000        ; 0.026      ; 0.453      ;
; 0.345 ; lfsr:lf|character[1] ; lfsr:lf|second[1]    ; KEY[0]       ; KEY[0]      ; 0.000        ; 0.026      ; 0.455      ;
; 0.349 ; lfsr:lf|character[3] ; lfsr:lf|fourth[4]    ; KEY[0]       ; KEY[0]      ; 0.000        ; 0.027      ; 0.460      ;
; 0.350 ; lfsr:lf|character[3] ; lfsr:lf|second[0]    ; KEY[0]       ; KEY[0]      ; 0.000        ; 0.027      ; 0.461      ;
; 0.351 ; lfsr:lf|character[0] ; lfsr:lf|third[3]     ; KEY[0]       ; KEY[0]      ; 0.000        ; 0.027      ; 0.462      ;
; 0.353 ; lfsr:lf|character[0] ; lfsr:lf|fourth[4]    ; KEY[0]       ; KEY[0]      ; 0.000        ; 0.027      ; 0.464      ;
; 0.356 ; lfsr:lf|character[3] ; lfsr:lf|fourth[2]    ; KEY[0]       ; KEY[0]      ; 0.000        ; 0.027      ; 0.467      ;
; 0.357 ; lfsr:lf|character[3] ; lfsr:lf|second[2]    ; KEY[0]       ; KEY[0]      ; 0.000        ; 0.027      ; 0.468      ;
; 0.358 ; lfsr:lf|character[0] ; lfsr:lf|fourth[1]    ; KEY[0]       ; KEY[0]      ; 0.000        ; 0.027      ; 0.469      ;
; 0.359 ; lfsr:lf|character[0] ; lfsr:lf|first[2]     ; KEY[0]       ; KEY[0]      ; 0.000        ; 0.027      ; 0.470      ;
; 0.359 ; lfsr:lf|character[0] ; lfsr:lf|second[2]    ; KEY[0]       ; KEY[0]      ; 0.000        ; 0.027      ; 0.470      ;
; 0.361 ; lfsr:lf|character[3] ; lfsr:lf|third[3]     ; KEY[0]       ; KEY[0]      ; 0.000        ; 0.027      ; 0.472      ;
; 0.361 ; lfsr:lf|character[0] ; lfsr:lf|fourth[2]    ; KEY[0]       ; KEY[0]      ; 0.000        ; 0.027      ; 0.472      ;
; 0.363 ; lfsr:lf|character[3] ; lfsr:lf|first[2]     ; KEY[0]       ; KEY[0]      ; 0.000        ; 0.027      ; 0.474      ;
; 0.364 ; lfsr:lf|character[0] ; lfsr:lf|fourth[0]    ; KEY[0]       ; KEY[0]      ; 0.000        ; 0.027      ; 0.475      ;
; 0.373 ; lfsr:lf|character[2] ; lfsr:lf|first[1]     ; KEY[0]       ; KEY[0]      ; 0.000        ; 0.026      ; 0.483      ;
; 0.373 ; lfsr:lf|character[3] ; lfsr:lf|fourth[0]    ; KEY[0]       ; KEY[0]      ; 0.000        ; 0.027      ; 0.484      ;
; 0.375 ; lfsr:lf|character[3] ; lfsr:lf|fourth[1]    ; KEY[0]       ; KEY[0]      ; 0.000        ; 0.027      ; 0.486      ;
; 0.378 ; lfsr:lf|character[0] ; lfsr:lf|second[0]    ; KEY[0]       ; KEY[0]      ; 0.000        ; 0.027      ; 0.489      ;
; 0.391 ; lfsr:lf|character[2] ; lfsr:lf|first[4]     ; KEY[0]       ; KEY[0]      ; 0.000        ; 0.026      ; 0.501      ;
; 0.392 ; lfsr:lf|character[2] ; lfsr:lf|third[1]     ; KEY[0]       ; KEY[0]      ; 0.000        ; 0.026      ; 0.502      ;
; 0.392 ; lfsr:lf|character[2] ; lfsr:lf|third[4]     ; KEY[0]       ; KEY[0]      ; 0.000        ; 0.026      ; 0.502      ;
; 0.393 ; lfsr:lf|character[2] ; lfsr:lf|second[1]    ; KEY[0]       ; KEY[0]      ; 0.000        ; 0.026      ; 0.503      ;
; 0.393 ; lfsr:lf|character[2] ; lfsr:lf|second[3]    ; KEY[0]       ; KEY[0]      ; 0.000        ; 0.026      ; 0.503      ;
; 0.393 ; lfsr:lf|character[2] ; lfsr:lf|fourth[3]    ; KEY[0]       ; KEY[0]      ; 0.000        ; 0.026      ; 0.503      ;
; 0.393 ; lfsr:lf|character[2] ; lfsr:lf|third[0]     ; KEY[0]       ; KEY[0]      ; 0.000        ; 0.026      ; 0.503      ;
; 0.393 ; lfsr:lf|character[2] ; lfsr:lf|second[4]    ; KEY[0]       ; KEY[0]      ; 0.000        ; 0.026      ; 0.503      ;
; 0.393 ; lfsr:lf|character[2] ; lfsr:lf|third[2]     ; KEY[0]       ; KEY[0]      ; 0.000        ; 0.026      ; 0.503      ;
; 0.393 ; lfsr:lf|character[2] ; lfsr:lf|first[3]     ; KEY[0]       ; KEY[0]      ; 0.000        ; 0.026      ; 0.503      ;
; 0.394 ; lfsr:lf|character[2] ; lfsr:lf|first[0]     ; KEY[0]       ; KEY[0]      ; 0.000        ; 0.026      ; 0.504      ;
; 0.427 ; lfsr:lf|character[0] ; lfsr:lf|first[1]     ; KEY[0]       ; KEY[0]      ; 0.000        ; 0.026      ; 0.537      ;
; 0.436 ; lfsr:lf|character[3] ; lfsr:lf|third[1]     ; KEY[0]       ; KEY[0]      ; 0.000        ; 0.026      ; 0.546      ;
; 0.439 ; lfsr:lf|character[3] ; lfsr:lf|first[1]     ; KEY[0]       ; KEY[0]      ; 0.000        ; 0.026      ; 0.549      ;
; 0.441 ; lfsr:lf|character[1] ; lfsr:lf|first[0]     ; KEY[0]       ; KEY[0]      ; 0.000        ; 0.026      ; 0.551      ;
; 0.442 ; lfsr:lf|character[1] ; lfsr:lf|second[3]    ; KEY[0]       ; KEY[0]      ; 0.000        ; 0.026      ; 0.552      ;
; 0.443 ; lfsr:lf|character[1] ; lfsr:lf|second[4]    ; KEY[0]       ; KEY[0]      ; 0.000        ; 0.026      ; 0.553      ;
; 0.445 ; lfsr:lf|character[3] ; lfsr:lf|second[3]    ; KEY[0]       ; KEY[0]      ; 0.000        ; 0.026      ; 0.555      ;
; 0.448 ; lfsr:lf|character[3] ; lfsr:lf|fourth[3]    ; KEY[0]       ; KEY[0]      ; 0.000        ; 0.026      ; 0.558      ;
; 0.449 ; lfsr:lf|character[3] ; lfsr:lf|third[0]     ; KEY[0]       ; KEY[0]      ; 0.000        ; 0.026      ; 0.559      ;
; 0.453 ; lfsr:lf|character[1] ; lfsr:lf|first[1]     ; KEY[0]       ; KEY[0]      ; 0.000        ; 0.026      ; 0.563      ;
; 0.454 ; lfsr:lf|character[1] ; lfsr:lf|third[1]     ; KEY[0]       ; KEY[0]      ; 0.000        ; 0.026      ; 0.564      ;
; 0.455 ; lfsr:lf|character[3] ; lfsr:lf|second[4]    ; KEY[0]       ; KEY[0]      ; 0.000        ; 0.026      ; 0.565      ;
; 0.455 ; lfsr:lf|character[1] ; lfsr:lf|first[4]     ; KEY[0]       ; KEY[0]      ; 0.000        ; 0.026      ; 0.565      ;
; 0.456 ; lfsr:lf|character[3] ; lfsr:lf|first[0]     ; KEY[0]       ; KEY[0]      ; 0.000        ; 0.026      ; 0.566      ;
; 0.461 ; lfsr:lf|character[3] ; lfsr:lf|third[2]     ; KEY[0]       ; KEY[0]      ; 0.000        ; 0.026      ; 0.571      ;
; 0.462 ; lfsr:lf|character[1] ; lfsr:lf|fourth[3]    ; KEY[0]       ; KEY[0]      ; 0.000        ; 0.026      ; 0.572      ;
; 0.462 ; lfsr:lf|character[1] ; lfsr:lf|third[0]     ; KEY[0]       ; KEY[0]      ; 0.000        ; 0.026      ; 0.572      ;
; 0.462 ; lfsr:lf|character[1] ; lfsr:lf|third[2]     ; KEY[0]       ; KEY[0]      ; 0.000        ; 0.026      ; 0.572      ;
; 0.462 ; lfsr:lf|character[0] ; lfsr:lf|first[3]     ; KEY[0]       ; KEY[0]      ; 0.000        ; 0.026      ; 0.572      ;
; 0.462 ; lfsr:lf|character[3] ; lfsr:lf|second[1]    ; KEY[0]       ; KEY[0]      ; 0.000        ; 0.026      ; 0.572      ;
; 0.466 ; lfsr:lf|character[3] ; lfsr:lf|third[4]     ; KEY[0]       ; KEY[0]      ; 0.000        ; 0.026      ; 0.576      ;
; 0.470 ; lfsr:lf|character[3] ; lfsr:lf|first[3]     ; KEY[0]       ; KEY[0]      ; 0.000        ; 0.026      ; 0.580      ;
; 0.471 ; lfsr:lf|character[1] ; lfsr:lf|third[4]     ; KEY[0]       ; KEY[0]      ; 0.000        ; 0.026      ; 0.581      ;
; 0.482 ; lfsr:lf|character[0] ; lfsr:lf|second[1]    ; KEY[0]       ; KEY[0]      ; 0.000        ; 0.026      ; 0.592      ;
; 0.483 ; lfsr:lf|character[3] ; lfsr:lf|first[4]     ; KEY[0]       ; KEY[0]      ; 0.000        ; 0.026      ; 0.593      ;
; 0.686 ; lfsr:lf|y[2]         ; lfsr:lf|character[2] ; CLOCK_50     ; KEY[0]      ; -0.500       ; 0.019      ; 0.319      ;
; 0.687 ; lfsr:lf|y[3]         ; lfsr:lf|character[3] ; CLOCK_50     ; KEY[0]      ; -0.500       ; 0.019      ; 0.320      ;
; 0.688 ; lfsr:lf|y[0]         ; lfsr:lf|character[0] ; CLOCK_50     ; KEY[0]      ; -0.500       ; 0.019      ; 0.321      ;
; 0.689 ; lfsr:lf|y[1]         ; lfsr:lf|character[1] ; CLOCK_50     ; KEY[0]      ; -0.500       ; 0.019      ; 0.322      ;
+-------+----------------------+----------------------+--------------+-------------+--------------+------------+------------+


+--------------------------------------------------------------------------------------------------------+
; Fast 1200mV 0C Model Minimum Pulse Width: 'KEY[0]'                                                     ;
+--------+--------------+----------------+------------------+--------+------------+----------------------+
; Slack  ; Actual Width ; Required Width ; Type             ; Clock  ; Clock Edge ; Target               ;
+--------+--------------+----------------+------------------+--------+------------+----------------------+
; -3.000 ; 1.000        ; 4.000          ; Port Rate        ; KEY[0] ; Rise       ; KEY[0]               ;
; -1.000 ; 1.000        ; 2.000          ; Min Period       ; KEY[0] ; Fall       ; lfsr:lf|character[0] ;
; -1.000 ; 1.000        ; 2.000          ; Min Period       ; KEY[0] ; Fall       ; lfsr:lf|character[1] ;
; -1.000 ; 1.000        ; 2.000          ; Min Period       ; KEY[0] ; Fall       ; lfsr:lf|character[2] ;
; -1.000 ; 1.000        ; 2.000          ; Min Period       ; KEY[0] ; Fall       ; lfsr:lf|character[3] ;
; -1.000 ; 1.000        ; 2.000          ; Min Period       ; KEY[0] ; Fall       ; lfsr:lf|first[0]     ;
; -1.000 ; 1.000        ; 2.000          ; Min Period       ; KEY[0] ; Fall       ; lfsr:lf|first[1]     ;
; -1.000 ; 1.000        ; 2.000          ; Min Period       ; KEY[0] ; Fall       ; lfsr:lf|first[2]     ;
; -1.000 ; 1.000        ; 2.000          ; Min Period       ; KEY[0] ; Fall       ; lfsr:lf|first[3]     ;
; -1.000 ; 1.000        ; 2.000          ; Min Period       ; KEY[0] ; Fall       ; lfsr:lf|first[4]     ;
; -1.000 ; 1.000        ; 2.000          ; Min Period       ; KEY[0] ; Fall       ; lfsr:lf|fourth[0]    ;
; -1.000 ; 1.000        ; 2.000          ; Min Period       ; KEY[0] ; Fall       ; lfsr:lf|fourth[1]    ;
; -1.000 ; 1.000        ; 2.000          ; Min Period       ; KEY[0] ; Fall       ; lfsr:lf|fourth[2]    ;
; -1.000 ; 1.000        ; 2.000          ; Min Period       ; KEY[0] ; Fall       ; lfsr:lf|fourth[3]    ;
; -1.000 ; 1.000        ; 2.000          ; Min Period       ; KEY[0] ; Fall       ; lfsr:lf|fourth[4]    ;
; -1.000 ; 1.000        ; 2.000          ; Min Period       ; KEY[0] ; Fall       ; lfsr:lf|second[0]    ;
; -1.000 ; 1.000        ; 2.000          ; Min Period       ; KEY[0] ; Fall       ; lfsr:lf|second[1]    ;
; -1.000 ; 1.000        ; 2.000          ; Min Period       ; KEY[0] ; Fall       ; lfsr:lf|second[2]    ;
; -1.000 ; 1.000        ; 2.000          ; Min Period       ; KEY[0] ; Fall       ; lfsr:lf|second[3]    ;
; -1.000 ; 1.000        ; 2.000          ; Min Period       ; KEY[0] ; Fall       ; lfsr:lf|second[4]    ;
; -1.000 ; 1.000        ; 2.000          ; Min Period       ; KEY[0] ; Fall       ; lfsr:lf|third[0]     ;
; -1.000 ; 1.000        ; 2.000          ; Min Period       ; KEY[0] ; Fall       ; lfsr:lf|third[1]     ;
; -1.000 ; 1.000        ; 2.000          ; Min Period       ; KEY[0] ; Fall       ; lfsr:lf|third[2]     ;
; -1.000 ; 1.000        ; 2.000          ; Min Period       ; KEY[0] ; Fall       ; lfsr:lf|third[3]     ;
; -1.000 ; 1.000        ; 2.000          ; Min Period       ; KEY[0] ; Fall       ; lfsr:lf|third[4]     ;
; -0.159 ; 0.057        ; 0.216          ; High Pulse Width ; KEY[0] ; Fall       ; lfsr:lf|character[0] ;
; -0.159 ; 0.057        ; 0.216          ; High Pulse Width ; KEY[0] ; Fall       ; lfsr:lf|character[1] ;
; -0.159 ; 0.057        ; 0.216          ; High Pulse Width ; KEY[0] ; Fall       ; lfsr:lf|character[2] ;
; -0.159 ; 0.057        ; 0.216          ; High Pulse Width ; KEY[0] ; Fall       ; lfsr:lf|character[3] ;
; -0.159 ; 0.057        ; 0.216          ; High Pulse Width ; KEY[0] ; Fall       ; lfsr:lf|first[2]     ;
; -0.159 ; 0.057        ; 0.216          ; High Pulse Width ; KEY[0] ; Fall       ; lfsr:lf|fourth[0]    ;
; -0.159 ; 0.057        ; 0.216          ; High Pulse Width ; KEY[0] ; Fall       ; lfsr:lf|fourth[1]    ;
; -0.159 ; 0.057        ; 0.216          ; High Pulse Width ; KEY[0] ; Fall       ; lfsr:lf|fourth[2]    ;
; -0.159 ; 0.057        ; 0.216          ; High Pulse Width ; KEY[0] ; Fall       ; lfsr:lf|fourth[4]    ;
; -0.159 ; 0.057        ; 0.216          ; High Pulse Width ; KEY[0] ; Fall       ; lfsr:lf|second[0]    ;
; -0.159 ; 0.057        ; 0.216          ; High Pulse Width ; KEY[0] ; Fall       ; lfsr:lf|second[2]    ;
; -0.159 ; 0.057        ; 0.216          ; High Pulse Width ; KEY[0] ; Fall       ; lfsr:lf|third[3]     ;
; -0.155 ; 0.061        ; 0.216          ; High Pulse Width ; KEY[0] ; Fall       ; lfsr:lf|first[0]     ;
; -0.155 ; 0.061        ; 0.216          ; High Pulse Width ; KEY[0] ; Fall       ; lfsr:lf|first[1]     ;
; -0.155 ; 0.061        ; 0.216          ; High Pulse Width ; KEY[0] ; Fall       ; lfsr:lf|first[3]     ;
; -0.155 ; 0.061        ; 0.216          ; High Pulse Width ; KEY[0] ; Fall       ; lfsr:lf|first[4]     ;
; -0.155 ; 0.061        ; 0.216          ; High Pulse Width ; KEY[0] ; Fall       ; lfsr:lf|fourth[3]    ;
; -0.155 ; 0.061        ; 0.216          ; High Pulse Width ; KEY[0] ; Fall       ; lfsr:lf|second[1]    ;
; -0.155 ; 0.061        ; 0.216          ; High Pulse Width ; KEY[0] ; Fall       ; lfsr:lf|second[3]    ;
; -0.155 ; 0.061        ; 0.216          ; High Pulse Width ; KEY[0] ; Fall       ; lfsr:lf|second[4]    ;
; -0.155 ; 0.061        ; 0.216          ; High Pulse Width ; KEY[0] ; Fall       ; lfsr:lf|third[0]     ;
; -0.155 ; 0.061        ; 0.216          ; High Pulse Width ; KEY[0] ; Fall       ; lfsr:lf|third[1]     ;
; -0.155 ; 0.061        ; 0.216          ; High Pulse Width ; KEY[0] ; Fall       ; lfsr:lf|third[2]     ;
; -0.155 ; 0.061        ; 0.216          ; High Pulse Width ; KEY[0] ; Fall       ; lfsr:lf|third[4]     ;
; 0.063  ; 0.063        ; 0.000          ; Low Pulse Width  ; KEY[0] ; Rise       ; lf|character[0]|clk  ;
; 0.063  ; 0.063        ; 0.000          ; Low Pulse Width  ; KEY[0] ; Rise       ; lf|character[1]|clk  ;
; 0.063  ; 0.063        ; 0.000          ; Low Pulse Width  ; KEY[0] ; Rise       ; lf|character[2]|clk  ;
; 0.063  ; 0.063        ; 0.000          ; Low Pulse Width  ; KEY[0] ; Rise       ; lf|character[3]|clk  ;
; 0.063  ; 0.063        ; 0.000          ; Low Pulse Width  ; KEY[0] ; Rise       ; lf|first[2]|clk      ;
; 0.063  ; 0.063        ; 0.000          ; Low Pulse Width  ; KEY[0] ; Rise       ; lf|fourth[0]|clk     ;
; 0.063  ; 0.063        ; 0.000          ; Low Pulse Width  ; KEY[0] ; Rise       ; lf|fourth[1]|clk     ;
; 0.063  ; 0.063        ; 0.000          ; Low Pulse Width  ; KEY[0] ; Rise       ; lf|fourth[2]|clk     ;
; 0.063  ; 0.063        ; 0.000          ; Low Pulse Width  ; KEY[0] ; Rise       ; lf|fourth[4]|clk     ;
; 0.063  ; 0.063        ; 0.000          ; Low Pulse Width  ; KEY[0] ; Rise       ; lf|second[0]|clk     ;
; 0.063  ; 0.063        ; 0.000          ; Low Pulse Width  ; KEY[0] ; Rise       ; lf|second[2]|clk     ;
; 0.063  ; 0.063        ; 0.000          ; Low Pulse Width  ; KEY[0] ; Rise       ; lf|third[3]|clk      ;
; 0.066  ; 0.066        ; 0.000          ; Low Pulse Width  ; KEY[0] ; Rise       ; lf|first[0]|clk      ;
; 0.066  ; 0.066        ; 0.000          ; Low Pulse Width  ; KEY[0] ; Rise       ; lf|first[1]|clk      ;
; 0.066  ; 0.066        ; 0.000          ; Low Pulse Width  ; KEY[0] ; Rise       ; lf|first[3]|clk      ;
; 0.066  ; 0.066        ; 0.000          ; Low Pulse Width  ; KEY[0] ; Rise       ; lf|first[4]|clk      ;
; 0.066  ; 0.066        ; 0.000          ; Low Pulse Width  ; KEY[0] ; Rise       ; lf|fourth[3]|clk     ;
; 0.066  ; 0.066        ; 0.000          ; Low Pulse Width  ; KEY[0] ; Rise       ; lf|second[1]|clk     ;
; 0.066  ; 0.066        ; 0.000          ; Low Pulse Width  ; KEY[0] ; Rise       ; lf|second[3]|clk     ;
; 0.066  ; 0.066        ; 0.000          ; Low Pulse Width  ; KEY[0] ; Rise       ; lf|second[4]|clk     ;
; 0.066  ; 0.066        ; 0.000          ; Low Pulse Width  ; KEY[0] ; Rise       ; lf|third[0]|clk      ;
; 0.066  ; 0.066        ; 0.000          ; Low Pulse Width  ; KEY[0] ; Rise       ; lf|third[1]|clk      ;
; 0.066  ; 0.066        ; 0.000          ; Low Pulse Width  ; KEY[0] ; Rise       ; lf|third[2]|clk      ;
; 0.066  ; 0.066        ; 0.000          ; Low Pulse Width  ; KEY[0] ; Rise       ; lf|third[4]|clk      ;
; 0.120  ; 0.120        ; 0.000          ; Low Pulse Width  ; KEY[0] ; Rise       ; KEY[0]~input|o       ;
; 0.500  ; 0.500        ; 0.000          ; High Pulse Width ; KEY[0] ; Rise       ; KEY[0]~input|i       ;
; 0.500  ; 0.500        ; 0.000          ; Low Pulse Width  ; KEY[0] ; Rise       ; KEY[0]~input|i       ;
; 0.755  ; 0.939        ; 0.184          ; Low Pulse Width  ; KEY[0] ; Fall       ; lfsr:lf|first[0]     ;
; 0.755  ; 0.939        ; 0.184          ; Low Pulse Width  ; KEY[0] ; Fall       ; lfsr:lf|first[1]     ;
; 0.755  ; 0.939        ; 0.184          ; Low Pulse Width  ; KEY[0] ; Fall       ; lfsr:lf|first[3]     ;
; 0.755  ; 0.939        ; 0.184          ; Low Pulse Width  ; KEY[0] ; Fall       ; lfsr:lf|first[4]     ;
; 0.755  ; 0.939        ; 0.184          ; Low Pulse Width  ; KEY[0] ; Fall       ; lfsr:lf|fourth[3]    ;
; 0.755  ; 0.939        ; 0.184          ; Low Pulse Width  ; KEY[0] ; Fall       ; lfsr:lf|second[1]    ;
; 0.755  ; 0.939        ; 0.184          ; Low Pulse Width  ; KEY[0] ; Fall       ; lfsr:lf|second[3]    ;
; 0.755  ; 0.939        ; 0.184          ; Low Pulse Width  ; KEY[0] ; Fall       ; lfsr:lf|second[4]    ;
; 0.755  ; 0.939        ; 0.184          ; Low Pulse Width  ; KEY[0] ; Fall       ; lfsr:lf|third[0]     ;
; 0.755  ; 0.939        ; 0.184          ; Low Pulse Width  ; KEY[0] ; Fall       ; lfsr:lf|third[1]     ;
; 0.755  ; 0.939        ; 0.184          ; Low Pulse Width  ; KEY[0] ; Fall       ; lfsr:lf|third[2]     ;
; 0.755  ; 0.939        ; 0.184          ; Low Pulse Width  ; KEY[0] ; Fall       ; lfsr:lf|third[4]     ;
; 0.758  ; 0.942        ; 0.184          ; Low Pulse Width  ; KEY[0] ; Fall       ; lfsr:lf|character[0] ;
; 0.758  ; 0.942        ; 0.184          ; Low Pulse Width  ; KEY[0] ; Fall       ; lfsr:lf|character[1] ;
; 0.758  ; 0.942        ; 0.184          ; Low Pulse Width  ; KEY[0] ; Fall       ; lfsr:lf|character[2] ;
; 0.758  ; 0.942        ; 0.184          ; Low Pulse Width  ; KEY[0] ; Fall       ; lfsr:lf|character[3] ;
; 0.758  ; 0.942        ; 0.184          ; Low Pulse Width  ; KEY[0] ; Fall       ; lfsr:lf|first[2]     ;
; 0.758  ; 0.942        ; 0.184          ; Low Pulse Width  ; KEY[0] ; Fall       ; lfsr:lf|fourth[0]    ;
; 0.758  ; 0.942        ; 0.184          ; Low Pulse Width  ; KEY[0] ; Fall       ; lfsr:lf|fourth[1]    ;
; 0.758  ; 0.942        ; 0.184          ; Low Pulse Width  ; KEY[0] ; Fall       ; lfsr:lf|fourth[2]    ;
; 0.758  ; 0.942        ; 0.184          ; Low Pulse Width  ; KEY[0] ; Fall       ; lfsr:lf|fourth[4]    ;
; 0.758  ; 0.942        ; 0.184          ; Low Pulse Width  ; KEY[0] ; Fall       ; lfsr:lf|second[0]    ;
; 0.758  ; 0.942        ; 0.184          ; Low Pulse Width  ; KEY[0] ; Fall       ; lfsr:lf|second[2]    ;
; 0.758  ; 0.942        ; 0.184          ; Low Pulse Width  ; KEY[0] ; Fall       ; lfsr:lf|third[3]     ;
+--------+--------------+----------------+------------------+--------+------------+----------------------+


+--------------------------------------------------------------------------------------------------------------------+
; Fast 1200mV 0C Model Minimum Pulse Width: 'CLOCK_50'                                                               ;
+--------+--------------+----------------+------------------+----------+------------+--------------------------------+
; Slack  ; Actual Width ; Required Width ; Type             ; Clock    ; Clock Edge ; Target                         ;
+--------+--------------+----------------+------------------+----------+------------+--------------------------------+
; -3.000 ; 1.000        ; 4.000          ; Port Rate        ; CLOCK_50 ; Rise       ; CLOCK_50                       ;
; -1.000 ; 1.000        ; 2.000          ; Min Period       ; CLOCK_50 ; Rise       ; lfsr:lf|y[0]                   ;
; -1.000 ; 1.000        ; 2.000          ; Min Period       ; CLOCK_50 ; Rise       ; lfsr:lf|y[1]                   ;
; -1.000 ; 1.000        ; 2.000          ; Min Period       ; CLOCK_50 ; Rise       ; lfsr:lf|y[2]                   ;
; -1.000 ; 1.000        ; 2.000          ; Min Period       ; CLOCK_50 ; Rise       ; lfsr:lf|y[3]                   ;
; -0.061 ; 0.123        ; 0.184          ; Low Pulse Width  ; CLOCK_50 ; Rise       ; lfsr:lf|y[0]                   ;
; -0.061 ; 0.123        ; 0.184          ; Low Pulse Width  ; CLOCK_50 ; Rise       ; lfsr:lf|y[1]                   ;
; -0.061 ; 0.123        ; 0.184          ; Low Pulse Width  ; CLOCK_50 ; Rise       ; lfsr:lf|y[2]                   ;
; -0.061 ; 0.123        ; 0.184          ; Low Pulse Width  ; CLOCK_50 ; Rise       ; lfsr:lf|y[3]                   ;
; 0.118  ; 0.118        ; 0.000          ; Low Pulse Width  ; CLOCK_50 ; Rise       ; lf|y[0]|clk                    ;
; 0.118  ; 0.118        ; 0.000          ; Low Pulse Width  ; CLOCK_50 ; Rise       ; lf|y[1]|clk                    ;
; 0.118  ; 0.118        ; 0.000          ; Low Pulse Width  ; CLOCK_50 ; Rise       ; lf|y[2]|clk                    ;
; 0.118  ; 0.118        ; 0.000          ; Low Pulse Width  ; CLOCK_50 ; Rise       ; lf|y[3]|clk                    ;
; 0.120  ; 0.120        ; 0.000          ; Low Pulse Width  ; CLOCK_50 ; Rise       ; CLOCK_50~input|o               ;
; 0.133  ; 0.133        ; 0.000          ; Low Pulse Width  ; CLOCK_50 ; Rise       ; CLOCK_50~inputclkctrl|inclk[0] ;
; 0.133  ; 0.133        ; 0.000          ; Low Pulse Width  ; CLOCK_50 ; Rise       ; CLOCK_50~inputclkctrl|outclk   ;
; 0.500  ; 0.500        ; 0.000          ; High Pulse Width ; CLOCK_50 ; Rise       ; CLOCK_50~input|i               ;
; 0.500  ; 0.500        ; 0.000          ; Low Pulse Width  ; CLOCK_50 ; Rise       ; CLOCK_50~input|i               ;
; 0.660  ; 0.876        ; 0.216          ; High Pulse Width ; CLOCK_50 ; Rise       ; lfsr:lf|y[0]                   ;
; 0.660  ; 0.876        ; 0.216          ; High Pulse Width ; CLOCK_50 ; Rise       ; lfsr:lf|y[1]                   ;
; 0.660  ; 0.876        ; 0.216          ; High Pulse Width ; CLOCK_50 ; Rise       ; lfsr:lf|y[2]                   ;
; 0.660  ; 0.876        ; 0.216          ; High Pulse Width ; CLOCK_50 ; Rise       ; lfsr:lf|y[3]                   ;
; 0.866  ; 0.866        ; 0.000          ; High Pulse Width ; CLOCK_50 ; Rise       ; CLOCK_50~inputclkctrl|inclk[0] ;
; 0.866  ; 0.866        ; 0.000          ; High Pulse Width ; CLOCK_50 ; Rise       ; CLOCK_50~inputclkctrl|outclk   ;
; 0.880  ; 0.880        ; 0.000          ; High Pulse Width ; CLOCK_50 ; Rise       ; CLOCK_50~input|o               ;
; 0.881  ; 0.881        ; 0.000          ; High Pulse Width ; CLOCK_50 ; Rise       ; lf|y[0]|clk                    ;
; 0.881  ; 0.881        ; 0.000          ; High Pulse Width ; CLOCK_50 ; Rise       ; lf|y[1]|clk                    ;
; 0.881  ; 0.881        ; 0.000          ; High Pulse Width ; CLOCK_50 ; Rise       ; lf|y[2]|clk                    ;
; 0.881  ; 0.881        ; 0.000          ; High Pulse Width ; CLOCK_50 ; Rise       ; lf|y[3]|clk                    ;
+--------+--------------+----------------+------------------+----------+------------+--------------------------------+


+-----------------------------------------------------------------------+
; Clock to Output Times                                                 ;
+-----------+------------+-------+-------+------------+-----------------+
; Data Port ; Clock Port ; Rise  ; Fall  ; Clock Edge ; Clock Reference ;
+-----------+------------+-------+-------+------------+-----------------+
; HEX0[*]   ; KEY[0]     ; 7.557 ; 7.944 ; Fall       ; KEY[0]          ;
;  HEX0[0]  ; KEY[0]     ; 6.847 ; 7.103 ; Fall       ; KEY[0]          ;
;  HEX0[1]  ; KEY[0]     ; 6.898 ; 7.234 ; Fall       ; KEY[0]          ;
;  HEX0[2]  ; KEY[0]     ; 7.557 ; 7.944 ; Fall       ; KEY[0]          ;
;  HEX0[3]  ; KEY[0]     ; 5.595 ; 5.695 ; Fall       ; KEY[0]          ;
;  HEX0[4]  ; KEY[0]     ; 5.519 ; 5.579 ; Fall       ; KEY[0]          ;
;  HEX0[5]  ; KEY[0]     ; 6.788 ; 6.988 ; Fall       ; KEY[0]          ;
;  HEX0[6]  ; KEY[0]     ; 5.872 ; 5.988 ; Fall       ; KEY[0]          ;
; HEX1[*]   ; KEY[0]     ; 5.701 ; 5.865 ; Fall       ; KEY[0]          ;
;  HEX1[0]  ; KEY[0]     ; 4.800 ; 4.912 ; Fall       ; KEY[0]          ;
;  HEX1[1]  ; KEY[0]     ; 4.596 ; 4.737 ; Fall       ; KEY[0]          ;
;  HEX1[2]  ; KEY[0]     ; 4.829 ; 4.936 ; Fall       ; KEY[0]          ;
;  HEX1[3]  ; KEY[0]     ; 4.775 ; 4.874 ; Fall       ; KEY[0]          ;
;  HEX1[4]  ; KEY[0]     ; 4.913 ; 5.034 ; Fall       ; KEY[0]          ;
;  HEX1[5]  ; KEY[0]     ; 5.701 ; 5.865 ; Fall       ; KEY[0]          ;
;  HEX1[6]  ; KEY[0]     ; 5.529 ; 5.652 ; Fall       ; KEY[0]          ;
; HEX2[*]   ; KEY[0]     ; 5.535 ; 5.640 ; Fall       ; KEY[0]          ;
;  HEX2[0]  ; KEY[0]     ; 5.217 ; 5.324 ; Fall       ; KEY[0]          ;
;  HEX2[1]  ; KEY[0]     ; 5.535 ; 5.640 ; Fall       ; KEY[0]          ;
;  HEX2[2]  ; KEY[0]     ; 5.117 ; 5.203 ; Fall       ; KEY[0]          ;
;  HEX2[3]  ; KEY[0]     ; 5.354 ; 5.447 ; Fall       ; KEY[0]          ;
;  HEX2[4]  ; KEY[0]     ; 5.285 ; 5.385 ; Fall       ; KEY[0]          ;
;  HEX2[5]  ; KEY[0]     ; 5.258 ; 5.364 ; Fall       ; KEY[0]          ;
;  HEX2[6]  ; KEY[0]     ; 5.273 ; 5.303 ; Fall       ; KEY[0]          ;
; HEX3[*]   ; KEY[0]     ; 6.231 ; 6.444 ; Fall       ; KEY[0]          ;
;  HEX3[0]  ; KEY[0]     ; 5.009 ; 5.155 ; Fall       ; KEY[0]          ;
;  HEX3[1]  ; KEY[0]     ; 4.856 ; 4.961 ; Fall       ; KEY[0]          ;
;  HEX3[2]  ; KEY[0]     ; 6.231 ; 6.444 ; Fall       ; KEY[0]          ;
;  HEX3[3]  ; KEY[0]     ; 5.136 ; 5.268 ; Fall       ; KEY[0]          ;
;  HEX3[4]  ; KEY[0]     ; 5.556 ; 5.782 ; Fall       ; KEY[0]          ;
;  HEX3[5]  ; KEY[0]     ; 5.355 ; 5.555 ; Fall       ; KEY[0]          ;
;  HEX3[6]  ; KEY[0]     ; 5.304 ; 5.454 ; Fall       ; KEY[0]          ;
+-----------+------------+-------+-------+------------+-----------------+


+-----------------------------------------------------------------------+
; Minimum Clock to Output Times                                         ;
+-----------+------------+-------+-------+------------+-----------------+
; Data Port ; Clock Port ; Rise  ; Fall  ; Clock Edge ; Clock Reference ;
+-----------+------------+-------+-------+------------+-----------------+
; HEX0[*]   ; KEY[0]     ; 4.132 ; 4.158 ; Fall       ; KEY[0]          ;
;  HEX0[0]  ; KEY[0]     ; 5.644 ; 5.868 ; Fall       ; KEY[0]          ;
;  HEX0[1]  ; KEY[0]     ; 5.955 ; 6.075 ; Fall       ; KEY[0]          ;
;  HEX0[2]  ; KEY[0]     ; 6.193 ; 6.519 ; Fall       ; KEY[0]          ;
;  HEX0[3]  ; KEY[0]     ; 4.581 ; 4.666 ; Fall       ; KEY[0]          ;
;  HEX0[4]  ; KEY[0]     ; 4.132 ; 4.158 ; Fall       ; KEY[0]          ;
;  HEX0[5]  ; KEY[0]     ; 5.703 ; 5.855 ; Fall       ; KEY[0]          ;
;  HEX0[6]  ; KEY[0]     ; 4.615 ; 4.844 ; Fall       ; KEY[0]          ;
; HEX1[*]   ; KEY[0]     ; 3.957 ; 4.021 ; Fall       ; KEY[0]          ;
;  HEX1[0]  ; KEY[0]     ; 4.100 ; 4.158 ; Fall       ; KEY[0]          ;
;  HEX1[1]  ; KEY[0]     ; 3.968 ; 4.027 ; Fall       ; KEY[0]          ;
;  HEX1[2]  ; KEY[0]     ; 4.235 ; 4.351 ; Fall       ; KEY[0]          ;
;  HEX1[3]  ; KEY[0]     ; 3.957 ; 4.021 ; Fall       ; KEY[0]          ;
;  HEX1[4]  ; KEY[0]     ; 4.239 ; 4.341 ; Fall       ; KEY[0]          ;
;  HEX1[5]  ; KEY[0]     ; 5.182 ; 5.303 ; Fall       ; KEY[0]          ;
;  HEX1[6]  ; KEY[0]     ; 4.923 ; 5.029 ; Fall       ; KEY[0]          ;
; HEX2[*]   ; KEY[0]     ; 4.287 ; 4.344 ; Fall       ; KEY[0]          ;
;  HEX2[0]  ; KEY[0]     ; 4.535 ; 4.594 ; Fall       ; KEY[0]          ;
;  HEX2[1]  ; KEY[0]     ; 4.614 ; 4.698 ; Fall       ; KEY[0]          ;
;  HEX2[2]  ; KEY[0]     ; 4.472 ; 4.562 ; Fall       ; KEY[0]          ;
;  HEX2[3]  ; KEY[0]     ; 4.411 ; 4.474 ; Fall       ; KEY[0]          ;
;  HEX2[4]  ; KEY[0]     ; 4.439 ; 4.500 ; Fall       ; KEY[0]          ;
;  HEX2[5]  ; KEY[0]     ; 4.384 ; 4.429 ; Fall       ; KEY[0]          ;
;  HEX2[6]  ; KEY[0]     ; 4.287 ; 4.344 ; Fall       ; KEY[0]          ;
; HEX3[*]   ; KEY[0]     ; 4.055 ; 4.112 ; Fall       ; KEY[0]          ;
;  HEX3[0]  ; KEY[0]     ; 4.360 ; 4.494 ; Fall       ; KEY[0]          ;
;  HEX3[1]  ; KEY[0]     ; 4.055 ; 4.112 ; Fall       ; KEY[0]          ;
;  HEX3[2]  ; KEY[0]     ; 5.561 ; 5.775 ; Fall       ; KEY[0]          ;
;  HEX3[3]  ; KEY[0]     ; 4.520 ; 4.674 ; Fall       ; KEY[0]          ;
;  HEX3[4]  ; KEY[0]     ; 4.858 ; 5.038 ; Fall       ; KEY[0]          ;
;  HEX3[5]  ; KEY[0]     ; 4.695 ; 4.832 ; Fall       ; KEY[0]          ;
;  HEX3[6]  ; KEY[0]     ; 4.596 ; 4.727 ; Fall       ; KEY[0]          ;
+-----------+------------+-------+-------+------------+-----------------+


---------------------------------------------
; Fast 1200mV 0C Model Metastability Report ;
---------------------------------------------
No synchronizer chains to report.


+-------------------------------------------------------------------------------+
; Multicorner Timing Analysis Summary                                           ;
+------------------+---------+-------+----------+---------+---------------------+
; Clock            ; Setup   ; Hold  ; Recovery ; Removal ; Minimum Pulse Width ;
+------------------+---------+-------+----------+---------+---------------------+
; Worst-case Slack ; -0.979  ; 0.191 ; N/A      ; N/A     ; -3.000              ;
;  CLOCK_50        ; -0.226  ; 0.191 ; N/A      ; N/A     ; -3.000              ;
;  KEY[0]          ; -0.979  ; 0.241 ; N/A      ; N/A     ; -3.000              ;
; Design-wide TNS  ; -12.69  ; 0.0   ; 0.0      ; 0.0     ; -41.98              ;
;  CLOCK_50        ; -0.226  ; 0.000 ; N/A      ; N/A     ; -8.140              ;
;  KEY[0]          ; -12.464 ; 0.000 ; N/A      ; N/A     ; -33.840             ;
+------------------+---------+-------+----------+---------+---------------------+


+-------------------------------------------------------------------------+
; Clock to Output Times                                                   ;
+-----------+------------+--------+--------+------------+-----------------+
; Data Port ; Clock Port ; Rise   ; Fall   ; Clock Edge ; Clock Reference ;
+-----------+------------+--------+--------+------------+-----------------+
; HEX0[*]   ; KEY[0]     ; 14.017 ; 14.039 ; Fall       ; KEY[0]          ;
;  HEX0[0]  ; KEY[0]     ; 12.513 ; 12.512 ; Fall       ; KEY[0]          ;
;  HEX0[1]  ; KEY[0]     ; 12.500 ; 12.549 ; Fall       ; KEY[0]          ;
;  HEX0[2]  ; KEY[0]     ; 14.017 ; 14.039 ; Fall       ; KEY[0]          ;
;  HEX0[3]  ; KEY[0]     ; 10.114 ; 10.036 ; Fall       ; KEY[0]          ;
;  HEX0[4]  ; KEY[0]     ; 9.883  ; 9.882  ; Fall       ; KEY[0]          ;
;  HEX0[5]  ; KEY[0]     ; 12.032 ; 12.079 ; Fall       ; KEY[0]          ;
;  HEX0[6]  ; KEY[0]     ; 10.612 ; 10.595 ; Fall       ; KEY[0]          ;
; HEX1[*]   ; KEY[0]     ; 9.985  ; 10.066 ; Fall       ; KEY[0]          ;
;  HEX1[0]  ; KEY[0]     ; 8.685  ; 8.669  ; Fall       ; KEY[0]          ;
;  HEX1[1]  ; KEY[0]     ; 8.266  ; 8.324  ; Fall       ; KEY[0]          ;
;  HEX1[2]  ; KEY[0]     ; 8.699  ; 8.672  ; Fall       ; KEY[0]          ;
;  HEX1[3]  ; KEY[0]     ; 8.582  ; 8.566  ; Fall       ; KEY[0]          ;
;  HEX1[4]  ; KEY[0]     ; 8.882  ; 8.854  ; Fall       ; KEY[0]          ;
;  HEX1[5]  ; KEY[0]     ; 9.985  ; 10.066 ; Fall       ; KEY[0]          ;
;  HEX1[6]  ; KEY[0]     ; 9.654  ; 9.698  ; Fall       ; KEY[0]          ;
; HEX2[*]   ; KEY[0]     ; 9.944  ; 9.907  ; Fall       ; KEY[0]          ;
;  HEX2[0]  ; KEY[0]     ; 9.314  ; 9.331  ; Fall       ; KEY[0]          ;
;  HEX2[1]  ; KEY[0]     ; 9.944  ; 9.907  ; Fall       ; KEY[0]          ;
;  HEX2[2]  ; KEY[0]     ; 9.114  ; 9.096  ; Fall       ; KEY[0]          ;
;  HEX2[3]  ; KEY[0]     ; 9.655  ; 9.645  ; Fall       ; KEY[0]          ;
;  HEX2[4]  ; KEY[0]     ; 9.483  ; 9.514  ; Fall       ; KEY[0]          ;
;  HEX2[5]  ; KEY[0]     ; 9.458  ; 9.440  ; Fall       ; KEY[0]          ;
;  HEX2[6]  ; KEY[0]     ; 9.368  ; 9.320  ; Fall       ; KEY[0]          ;
; HEX3[*]   ; KEY[0]     ; 11.002 ; 11.090 ; Fall       ; KEY[0]          ;
;  HEX3[0]  ; KEY[0]     ; 9.077  ; 9.032  ; Fall       ; KEY[0]          ;
;  HEX3[1]  ; KEY[0]     ; 8.856  ; 8.789  ; Fall       ; KEY[0]          ;
;  HEX3[2]  ; KEY[0]     ; 11.002 ; 11.090 ; Fall       ; KEY[0]          ;
;  HEX3[3]  ; KEY[0]     ; 9.331  ; 9.329  ; Fall       ; KEY[0]          ;
;  HEX3[4]  ; KEY[0]     ; 10.159 ; 10.228 ; Fall       ; KEY[0]          ;
;  HEX3[5]  ; KEY[0]     ; 9.781  ; 9.832  ; Fall       ; KEY[0]          ;
;  HEX3[6]  ; KEY[0]     ; 9.705  ; 9.667  ; Fall       ; KEY[0]          ;
+-----------+------------+--------+--------+------------+-----------------+


+-----------------------------------------------------------------------+
; Minimum Clock to Output Times                                         ;
+-----------+------------+-------+-------+------------+-----------------+
; Data Port ; Clock Port ; Rise  ; Fall  ; Clock Edge ; Clock Reference ;
+-----------+------------+-------+-------+------------+-----------------+
; HEX0[*]   ; KEY[0]     ; 4.132 ; 4.158 ; Fall       ; KEY[0]          ;
;  HEX0[0]  ; KEY[0]     ; 5.644 ; 5.868 ; Fall       ; KEY[0]          ;
;  HEX0[1]  ; KEY[0]     ; 5.955 ; 6.075 ; Fall       ; KEY[0]          ;
;  HEX0[2]  ; KEY[0]     ; 6.193 ; 6.519 ; Fall       ; KEY[0]          ;
;  HEX0[3]  ; KEY[0]     ; 4.581 ; 4.666 ; Fall       ; KEY[0]          ;
;  HEX0[4]  ; KEY[0]     ; 4.132 ; 4.158 ; Fall       ; KEY[0]          ;
;  HEX0[5]  ; KEY[0]     ; 5.703 ; 5.855 ; Fall       ; KEY[0]          ;
;  HEX0[6]  ; KEY[0]     ; 4.615 ; 4.844 ; Fall       ; KEY[0]          ;
; HEX1[*]   ; KEY[0]     ; 3.957 ; 4.021 ; Fall       ; KEY[0]          ;
;  HEX1[0]  ; KEY[0]     ; 4.100 ; 4.158 ; Fall       ; KEY[0]          ;
;  HEX1[1]  ; KEY[0]     ; 3.968 ; 4.027 ; Fall       ; KEY[0]          ;
;  HEX1[2]  ; KEY[0]     ; 4.235 ; 4.351 ; Fall       ; KEY[0]          ;
;  HEX1[3]  ; KEY[0]     ; 3.957 ; 4.021 ; Fall       ; KEY[0]          ;
;  HEX1[4]  ; KEY[0]     ; 4.239 ; 4.341 ; Fall       ; KEY[0]          ;
;  HEX1[5]  ; KEY[0]     ; 5.182 ; 5.303 ; Fall       ; KEY[0]          ;
;  HEX1[6]  ; KEY[0]     ; 4.923 ; 5.029 ; Fall       ; KEY[0]          ;
; HEX2[*]   ; KEY[0]     ; 4.287 ; 4.344 ; Fall       ; KEY[0]          ;
;  HEX2[0]  ; KEY[0]     ; 4.535 ; 4.594 ; Fall       ; KEY[0]          ;
;  HEX2[1]  ; KEY[0]     ; 4.614 ; 4.698 ; Fall       ; KEY[0]          ;
;  HEX2[2]  ; KEY[0]     ; 4.472 ; 4.562 ; Fall       ; KEY[0]          ;
;  HEX2[3]  ; KEY[0]     ; 4.411 ; 4.474 ; Fall       ; KEY[0]          ;
;  HEX2[4]  ; KEY[0]     ; 4.439 ; 4.500 ; Fall       ; KEY[0]          ;
;  HEX2[5]  ; KEY[0]     ; 4.384 ; 4.429 ; Fall       ; KEY[0]          ;
;  HEX2[6]  ; KEY[0]     ; 4.287 ; 4.344 ; Fall       ; KEY[0]          ;
; HEX3[*]   ; KEY[0]     ; 4.055 ; 4.112 ; Fall       ; KEY[0]          ;
;  HEX3[0]  ; KEY[0]     ; 4.360 ; 4.494 ; Fall       ; KEY[0]          ;
;  HEX3[1]  ; KEY[0]     ; 4.055 ; 4.112 ; Fall       ; KEY[0]          ;
;  HEX3[2]  ; KEY[0]     ; 5.561 ; 5.775 ; Fall       ; KEY[0]          ;
;  HEX3[3]  ; KEY[0]     ; 4.520 ; 4.674 ; Fall       ; KEY[0]          ;
;  HEX3[4]  ; KEY[0]     ; 4.858 ; 5.038 ; Fall       ; KEY[0]          ;
;  HEX3[5]  ; KEY[0]     ; 4.695 ; 4.832 ; Fall       ; KEY[0]          ;
;  HEX3[6]  ; KEY[0]     ; 4.596 ; 4.727 ; Fall       ; KEY[0]          ;
+-----------+------------+-------+-------+------------+-----------------+


+------------------------------------------------------------------------------------------------------------------------------------------------------------------------------------------------------------------------------------------------------------------------------------------------------------------------------------------------------------------------------------------------------------------+
; Board Trace Model Assignments                                                                                                                                                                                                                                                                                                                                                                                    ;
+---------------+--------------+-------------------+-------------------------+-------------------------+---------------+---------------------+----------------+------------------+--------+------------------+------------------------+------------------------+--------------+---------------+-----------------+-------+---------------------+--------------------+---------------+-----------------+-------------+
; Pin           ; I/O Standard ; Near Tline Length ; Near Tline L per Length ; Near Tline C per Length ; Near Series R ; Near Differential R ; Near Pull-up R ; Near Pull-down R ; Near C ; Far Tline Length ; Far Tline L per Length ; Far Tline C per Length ; Far Series R ; Far Pull-up R ; Far Pull-down R ; Far C ; Termination Voltage ; Far Differential R ; EBD File Name ; EBD Signal Name ; EBD Far-end ;
+---------------+--------------+-------------------+-------------------------+-------------------------+---------------+---------------------+----------------+------------------+--------+------------------+------------------------+------------------------+--------------+---------------+-----------------+-------+---------------------+--------------------+---------------+-----------------+-------------+
; HEX3[0]       ; 2.5 V        ; 0 in              ; 0 H/in                  ; 0 F/in                  ; short         ; -                   ; open           ; open             ; open   ; 0 in             ; 0 H/in                 ; 0 F/in                 ; short        ; open          ; open            ; open  ; 0 V                 ; -                  ; n/a           ; n/a             ; n/a         ;
; HEX3[1]       ; 2.5 V        ; 0 in              ; 0 H/in                  ; 0 F/in                  ; short         ; -                   ; open           ; open             ; open   ; 0 in             ; 0 H/in                 ; 0 F/in                 ; short        ; open          ; open            ; open  ; 0 V                 ; -                  ; n/a           ; n/a             ; n/a         ;
; HEX3[2]       ; 2.5 V        ; 0 in              ; 0 H/in                  ; 0 F/in                  ; short         ; -                   ; open           ; open             ; open   ; 0 in             ; 0 H/in                 ; 0 F/in                 ; short        ; open          ; open            ; open  ; 0 V                 ; -                  ; n/a           ; n/a             ; n/a         ;
; HEX3[3]       ; 2.5 V        ; 0 in              ; 0 H/in                  ; 0 F/in                  ; short         ; -                   ; open           ; open             ; open   ; 0 in             ; 0 H/in                 ; 0 F/in                 ; short        ; open          ; open            ; open  ; 0 V                 ; -                  ; n/a           ; n/a             ; n/a         ;
; HEX3[4]       ; 2.5 V        ; 0 in              ; 0 H/in                  ; 0 F/in                  ; short         ; -                   ; open           ; open             ; open   ; 0 in             ; 0 H/in                 ; 0 F/in                 ; short        ; open          ; open            ; open  ; 0 V                 ; -                  ; n/a           ; n/a             ; n/a         ;
; HEX3[5]       ; 2.5 V        ; 0 in              ; 0 H/in                  ; 0 F/in                  ; short         ; -                   ; open           ; open             ; open   ; 0 in             ; 0 H/in                 ; 0 F/in                 ; short        ; open          ; open            ; open  ; 0 V                 ; -                  ; n/a           ; n/a             ; n/a         ;
; HEX3[6]       ; 2.5 V        ; 0 in              ; 0 H/in                  ; 0 F/in                  ; short         ; -                   ; open           ; open             ; open   ; 0 in             ; 0 H/in                 ; 0 F/in                 ; short        ; open          ; open            ; open  ; 0 V                 ; -                  ; n/a           ; n/a             ; n/a         ;
; HEX2[0]       ; 2.5 V        ; 0 in              ; 0 H/in                  ; 0 F/in                  ; short         ; -                   ; open           ; open             ; open   ; 0 in             ; 0 H/in                 ; 0 F/in                 ; short        ; open          ; open            ; open  ; 0 V                 ; -                  ; n/a           ; n/a             ; n/a         ;
; HEX2[1]       ; 2.5 V        ; 0 in              ; 0 H/in                  ; 0 F/in                  ; short         ; -                   ; open           ; open             ; open   ; 0 in             ; 0 H/in                 ; 0 F/in                 ; short        ; open          ; open            ; open  ; 0 V                 ; -                  ; n/a           ; n/a             ; n/a         ;
; HEX2[2]       ; 2.5 V        ; 0 in              ; 0 H/in                  ; 0 F/in                  ; short         ; -                   ; open           ; open             ; open   ; 0 in             ; 0 H/in                 ; 0 F/in                 ; short        ; open          ; open            ; open  ; 0 V                 ; -                  ; n/a           ; n/a             ; n/a         ;
; HEX2[3]       ; 2.5 V        ; 0 in              ; 0 H/in                  ; 0 F/in                  ; short         ; -                   ; open           ; open             ; open   ; 0 in             ; 0 H/in                 ; 0 F/in                 ; short        ; open          ; open            ; open  ; 0 V                 ; -                  ; n/a           ; n/a             ; n/a         ;
; HEX2[4]       ; 2.5 V        ; 0 in              ; 0 H/in                  ; 0 F/in                  ; short         ; -                   ; open           ; open             ; open   ; 0 in             ; 0 H/in                 ; 0 F/in                 ; short        ; open          ; open            ; open  ; 0 V                 ; -                  ; n/a           ; n/a             ; n/a         ;
; HEX2[5]       ; 2.5 V        ; 0 in              ; 0 H/in                  ; 0 F/in                  ; short         ; -                   ; open           ; open             ; open   ; 0 in             ; 0 H/in                 ; 0 F/in                 ; short        ; open          ; open            ; open  ; 0 V                 ; -                  ; n/a           ; n/a             ; n/a         ;
; HEX2[6]       ; 2.5 V        ; 0 in              ; 0 H/in                  ; 0 F/in                  ; short         ; -                   ; open           ; open             ; open   ; 0 in             ; 0 H/in                 ; 0 F/in                 ; short        ; open          ; open            ; open  ; 0 V                 ; -                  ; n/a           ; n/a             ; n/a         ;
; HEX1[0]       ; 2.5 V        ; 0 in              ; 0 H/in                  ; 0 F/in                  ; short         ; -                   ; open           ; open             ; open   ; 0 in             ; 0 H/in                 ; 0 F/in                 ; short        ; open          ; open            ; open  ; 0 V                 ; -                  ; n/a           ; n/a             ; n/a         ;
; HEX1[1]       ; 2.5 V        ; 0 in              ; 0 H/in                  ; 0 F/in                  ; short         ; -                   ; open           ; open             ; open   ; 0 in             ; 0 H/in                 ; 0 F/in                 ; short        ; open          ; open            ; open  ; 0 V                 ; -                  ; n/a           ; n/a             ; n/a         ;
; HEX1[2]       ; 2.5 V        ; 0 in              ; 0 H/in                  ; 0 F/in                  ; short         ; -                   ; open           ; open             ; open   ; 0 in             ; 0 H/in                 ; 0 F/in                 ; short        ; open          ; open            ; open  ; 0 V                 ; -                  ; n/a           ; n/a             ; n/a         ;
; HEX1[3]       ; 2.5 V        ; 0 in              ; 0 H/in                  ; 0 F/in                  ; short         ; -                   ; open           ; open             ; open   ; 0 in             ; 0 H/in                 ; 0 F/in                 ; short        ; open          ; open            ; open  ; 0 V                 ; -                  ; n/a           ; n/a             ; n/a         ;
; HEX1[4]       ; 2.5 V        ; 0 in              ; 0 H/in                  ; 0 F/in                  ; short         ; -                   ; open           ; open             ; open   ; 0 in             ; 0 H/in                 ; 0 F/in                 ; short        ; open          ; open            ; open  ; 0 V                 ; -                  ; n/a           ; n/a             ; n/a         ;
; HEX1[5]       ; 2.5 V        ; 0 in              ; 0 H/in                  ; 0 F/in                  ; short         ; -                   ; open           ; open             ; open   ; 0 in             ; 0 H/in                 ; 0 F/in                 ; short        ; open          ; open            ; open  ; 0 V                 ; -                  ; n/a           ; n/a             ; n/a         ;
; HEX1[6]       ; 2.5 V        ; 0 in              ; 0 H/in                  ; 0 F/in                  ; short         ; -                   ; open           ; open             ; open   ; 0 in             ; 0 H/in                 ; 0 F/in                 ; short        ; open          ; open            ; open  ; 0 V                 ; -                  ; n/a           ; n/a             ; n/a         ;
; HEX0[0]       ; 2.5 V        ; 0 in              ; 0 H/in                  ; 0 F/in                  ; short         ; -                   ; open           ; open             ; open   ; 0 in             ; 0 H/in                 ; 0 F/in                 ; short        ; open          ; open            ; open  ; 0 V                 ; -                  ; n/a           ; n/a             ; n/a         ;
; HEX0[1]       ; 2.5 V        ; 0 in              ; 0 H/in                  ; 0 F/in                  ; short         ; -                   ; open           ; open             ; open   ; 0 in             ; 0 H/in                 ; 0 F/in                 ; short        ; open          ; open            ; open  ; 0 V                 ; -                  ; n/a           ; n/a             ; n/a         ;
; HEX0[2]       ; 2.5 V        ; 0 in              ; 0 H/in                  ; 0 F/in                  ; short         ; -                   ; open           ; open             ; open   ; 0 in             ; 0 H/in                 ; 0 F/in                 ; short        ; open          ; open            ; open  ; 0 V                 ; -                  ; n/a           ; n/a             ; n/a         ;
; HEX0[3]       ; 2.5 V        ; 0 in              ; 0 H/in                  ; 0 F/in                  ; short         ; -                   ; open           ; open             ; open   ; 0 in             ; 0 H/in                 ; 0 F/in                 ; short        ; open          ; open            ; open  ; 0 V                 ; -                  ; n/a           ; n/a             ; n/a         ;
; HEX0[4]       ; 2.5 V        ; 0 in              ; 0 H/in                  ; 0 F/in                  ; short         ; -                   ; open           ; open             ; open   ; 0 in             ; 0 H/in                 ; 0 F/in                 ; short        ; open          ; open            ; open  ; 0 V                 ; -                  ; n/a           ; n/a             ; n/a         ;
; HEX0[5]       ; 2.5 V        ; 0 in              ; 0 H/in                  ; 0 F/in                  ; short         ; -                   ; open           ; open             ; open   ; 0 in             ; 0 H/in                 ; 0 F/in                 ; short        ; open          ; open            ; open  ; 0 V                 ; -                  ; n/a           ; n/a             ; n/a         ;
; HEX0[6]       ; 2.5 V        ; 0 in              ; 0 H/in                  ; 0 F/in                  ; short         ; -                   ; open           ; open             ; open   ; 0 in             ; 0 H/in                 ; 0 F/in                 ; short        ; open          ; open            ; open  ; 0 V                 ; -                  ; n/a           ; n/a             ; n/a         ;
; ~ALTERA_DCLK~ ; 2.5 V        ; 0 in              ; 0 H/in                  ; 0 F/in                  ; short         ; -                   ; open           ; open             ; open   ; 0 in             ; 0 H/in                 ; 0 F/in                 ; short        ; open          ; open            ; open  ; 0 V                 ; -                  ; n/a           ; n/a             ; n/a         ;
; ~ALTERA_nCEO~ ; 2.5 V        ; 0 in              ; 0 H/in                  ; 0 F/in                  ; short         ; -                   ; open           ; open             ; open   ; 0 in             ; 0 H/in                 ; 0 F/in                 ; short        ; open          ; open            ; open  ; 0 V                 ; -                  ; n/a           ; n/a             ; n/a         ;
+---------------+--------------+-------------------+-------------------------+-------------------------+---------------+---------------------+----------------+------------------+--------+------------------+------------------------+------------------------+--------------+---------------+-----------------+-------+---------------------+--------------------+---------------+-----------------+-------------+


+----------------------------------------------------------------------------+
; Input Transition Times                                                     ;
+-------------------------+--------------+-----------------+-----------------+
; Pin                     ; I/O Standard ; 10-90 Rise Time ; 90-10 Fall Time ;
+-------------------------+--------------+-----------------+-----------------+
; SW[1]                   ; 2.5 V        ; 2000 ps         ; 2000 ps         ;
; SW[2]                   ; 2.5 V        ; 2000 ps         ; 2000 ps         ;
; SW[3]                   ; 2.5 V        ; 2000 ps         ; 2000 ps         ;
; SW[4]                   ; 2.5 V        ; 2000 ps         ; 2000 ps         ;
; KEY[-1]                 ; 2.5 V        ; 2000 ps         ; 2000 ps         ;
; KEY[0]                  ; 2.5 V        ; 2000 ps         ; 2000 ps         ;
; SW[0]                   ; 2.5 V        ; 2000 ps         ; 2000 ps         ;
; CLOCK_50                ; 2.5 V        ; 2000 ps         ; 2000 ps         ;
; ~ALTERA_ASDO_DATA1~     ; 2.5 V        ; 2000 ps         ; 2000 ps         ;
; ~ALTERA_FLASH_nCE_nCSO~ ; 2.5 V        ; 2000 ps         ; 2000 ps         ;
; ~ALTERA_DATA0~          ; 2.5 V        ; 2000 ps         ; 2000 ps         ;
+-------------------------+--------------+-----------------+-----------------+


+--------------------------------------------------------------------------------------------------------------------------------------------------------------------------------------------------------------------------------------------------------------------------------------------------------------------------------------------------------------------------------------------------------------------------------------------------------------------------------------------------------------------------------------------------------------------------------------------------------------------------------------------------------------------------------------------+
; Signal Integrity Metrics (Slow 1200mv 0c Model)                                                                                                                                                                                                                                                                                                                                                                                                                                                                                                                                                                                                                                            ;
+---------------+--------------+---------------------+---------------------+------------------------------+------------------------------+---------------------+---------------------+--------------------------------------+--------------------------------------+-----------------------------+-----------------------------+----------------------------+----------------------------+-----------------------------+-----------------------------+--------------------+--------------------+-------------------------------------+-------------------------------------+----------------------------+----------------------------+---------------------------+---------------------------+
; Pin           ; I/O Standard ; Board Delay on Rise ; Board Delay on Fall ; Steady State Voh at FPGA Pin ; Steady State Vol at FPGA Pin ; Voh Max at FPGA Pin ; Vol Min at FPGA Pin ; Ringback Voltage on Rise at FPGA Pin ; Ringback Voltage on Fall at FPGA Pin ; 10-90 Rise Time at FPGA Pin ; 90-10 Fall Time at FPGA Pin ; Monotonic Rise at FPGA Pin ; Monotonic Fall at FPGA Pin ; Steady State Voh at Far-end ; Steady State Vol at Far-end ; Voh Max at Far-end ; Vol Min at Far-end ; Ringback Voltage on Rise at Far-end ; Ringback Voltage on Fall at Far-end ; 10-90 Rise Time at Far-end ; 90-10 Fall Time at Far-end ; Monotonic Rise at Far-end ; Monotonic Fall at Far-end ;
+---------------+--------------+---------------------+---------------------+------------------------------+------------------------------+---------------------+---------------------+--------------------------------------+--------------------------------------+-----------------------------+-----------------------------+----------------------------+----------------------------+-----------------------------+-----------------------------+--------------------+--------------------+-------------------------------------+-------------------------------------+----------------------------+----------------------------+---------------------------+---------------------------+
; HEX3[0]       ; 2.5 V        ; 0 s                 ; 0 s                 ; 2.32 V                       ; 3.07e-09 V                   ; 2.37 V              ; -0.00994 V          ; 0.186 V                              ; 0.028 V                              ; 4.98e-10 s                  ; 4.96e-10 s                  ; Yes                        ; Yes                        ; 2.32 V                      ; 3.07e-09 V                  ; 2.37 V             ; -0.00994 V         ; 0.186 V                             ; 0.028 V                             ; 4.98e-10 s                 ; 4.96e-10 s                 ; Yes                       ; Yes                       ;
; HEX3[1]       ; 2.5 V        ; 0 s                 ; 0 s                 ; 2.32 V                       ; 3.07e-09 V                   ; 2.38 V              ; -0.0144 V           ; 0.227 V                              ; 0.024 V                              ; 3.14e-10 s                  ; 3.39e-10 s                  ; Yes                        ; Yes                        ; 2.32 V                      ; 3.07e-09 V                  ; 2.38 V             ; -0.0144 V          ; 0.227 V                             ; 0.024 V                             ; 3.14e-10 s                 ; 3.39e-10 s                 ; Yes                       ; Yes                       ;
; HEX3[2]       ; 2.5 V        ; 0 s                 ; 0 s                 ; 2.32 V                       ; 4.49e-09 V                   ; 2.33 V              ; -0.00467 V          ; 0.226 V                              ; 0.087 V                              ; 2.91e-09 s                  ; 2.74e-09 s                  ; Yes                        ; Yes                        ; 2.32 V                      ; 4.49e-09 V                  ; 2.33 V             ; -0.00467 V         ; 0.226 V                             ; 0.087 V                             ; 2.91e-09 s                 ; 2.74e-09 s                 ; Yes                       ; Yes                       ;
; HEX3[3]       ; 2.5 V        ; 0 s                 ; 0 s                 ; 2.32 V                       ; 4.49e-09 V                   ; 2.38 V              ; -0.00552 V          ; 0.096 V                              ; 0.019 V                              ; 4.18e-10 s                  ; 3.59e-10 s                  ; No                         ; Yes                        ; 2.32 V                      ; 4.49e-09 V                  ; 2.38 V             ; -0.00552 V         ; 0.096 V                             ; 0.019 V                             ; 4.18e-10 s                 ; 3.59e-10 s                 ; No                        ; Yes                       ;
; HEX3[4]       ; 2.5 V        ; 0 s                 ; 0 s                 ; 2.32 V                       ; 4.49e-09 V                   ; 2.38 V              ; -0.00552 V          ; 0.096 V                              ; 0.019 V                              ; 4.18e-10 s                  ; 3.59e-10 s                  ; No                         ; Yes                        ; 2.32 V                      ; 4.49e-09 V                  ; 2.38 V             ; -0.00552 V         ; 0.096 V                             ; 0.019 V                             ; 4.18e-10 s                 ; 3.59e-10 s                 ; No                        ; Yes                       ;
; HEX3[5]       ; 2.5 V        ; 0 s                 ; 0 s                 ; 2.32 V                       ; 4.49e-09 V                   ; 2.38 V              ; -0.00552 V          ; 0.096 V                              ; 0.019 V                              ; 4.18e-10 s                  ; 3.59e-10 s                  ; No                         ; Yes                        ; 2.32 V                      ; 4.49e-09 V                  ; 2.38 V             ; -0.00552 V         ; 0.096 V                             ; 0.019 V                             ; 4.18e-10 s                 ; 3.59e-10 s                 ; No                        ; Yes                       ;
; HEX3[6]       ; 2.5 V        ; 0 s                 ; 0 s                 ; 2.32 V                       ; 4.49e-09 V                   ; 2.38 V              ; -0.00552 V          ; 0.096 V                              ; 0.019 V                              ; 4.18e-10 s                  ; 3.59e-10 s                  ; No                         ; Yes                        ; 2.32 V                      ; 4.49e-09 V                  ; 2.38 V             ; -0.00552 V         ; 0.096 V                             ; 0.019 V                             ; 4.18e-10 s                 ; 3.59e-10 s                 ; No                        ; Yes                       ;
; HEX2[0]       ; 2.5 V        ; 0 s                 ; 0 s                 ; 2.32 V                       ; 3.07e-09 V                   ; 2.37 V              ; -0.00994 V          ; 0.186 V                              ; 0.028 V                              ; 4.98e-10 s                  ; 4.96e-10 s                  ; Yes                        ; Yes                        ; 2.32 V                      ; 3.07e-09 V                  ; 2.37 V             ; -0.00994 V         ; 0.186 V                             ; 0.028 V                             ; 4.98e-10 s                 ; 4.96e-10 s                 ; Yes                       ; Yes                       ;
; HEX2[1]       ; 2.5 V        ; 0 s                 ; 0 s                 ; 2.32 V                       ; 3.07e-09 V                   ; 2.37 V              ; -0.00994 V          ; 0.186 V                              ; 0.028 V                              ; 4.98e-10 s                  ; 4.96e-10 s                  ; Yes                        ; Yes                        ; 2.32 V                      ; 3.07e-09 V                  ; 2.37 V             ; -0.00994 V         ; 0.186 V                             ; 0.028 V                             ; 4.98e-10 s                 ; 4.96e-10 s                 ; Yes                       ; Yes                       ;
; HEX2[2]       ; 2.5 V        ; 0 s                 ; 0 s                 ; 2.32 V                       ; 3.07e-09 V                   ; 2.37 V              ; -0.00994 V          ; 0.186 V                              ; 0.028 V                              ; 4.98e-10 s                  ; 4.96e-10 s                  ; Yes                        ; Yes                        ; 2.32 V                      ; 3.07e-09 V                  ; 2.37 V             ; -0.00994 V         ; 0.186 V                             ; 0.028 V                             ; 4.98e-10 s                 ; 4.96e-10 s                 ; Yes                       ; Yes                       ;
; HEX2[3]       ; 2.5 V        ; 0 s                 ; 0 s                 ; 2.32 V                       ; 3.07e-09 V                   ; 2.37 V              ; -0.00994 V          ; 0.186 V                              ; 0.028 V                              ; 4.98e-10 s                  ; 4.96e-10 s                  ; Yes                        ; Yes                        ; 2.32 V                      ; 3.07e-09 V                  ; 2.37 V             ; -0.00994 V         ; 0.186 V                             ; 0.028 V                             ; 4.98e-10 s                 ; 4.96e-10 s                 ; Yes                       ; Yes                       ;
; HEX2[4]       ; 2.5 V        ; 0 s                 ; 0 s                 ; 2.32 V                       ; 3.07e-09 V                   ; 2.37 V              ; -0.00994 V          ; 0.186 V                              ; 0.028 V                              ; 4.98e-10 s                  ; 4.96e-10 s                  ; Yes                        ; Yes                        ; 2.32 V                      ; 3.07e-09 V                  ; 2.37 V             ; -0.00994 V         ; 0.186 V                             ; 0.028 V                             ; 4.98e-10 s                 ; 4.96e-10 s                 ; Yes                       ; Yes                       ;
; HEX2[5]       ; 2.5 V        ; 0 s                 ; 0 s                 ; 2.32 V                       ; 3.07e-09 V                   ; 2.37 V              ; -0.00994 V          ; 0.186 V                              ; 0.028 V                              ; 4.98e-10 s                  ; 4.96e-10 s                  ; Yes                        ; Yes                        ; 2.32 V                      ; 3.07e-09 V                  ; 2.37 V             ; -0.00994 V         ; 0.186 V                             ; 0.028 V                             ; 4.98e-10 s                 ; 4.96e-10 s                 ; Yes                       ; Yes                       ;
; HEX2[6]       ; 2.5 V        ; 0 s                 ; 0 s                 ; 2.32 V                       ; 3.07e-09 V                   ; 2.37 V              ; -0.00994 V          ; 0.186 V                              ; 0.028 V                              ; 4.98e-10 s                  ; 4.96e-10 s                  ; Yes                        ; Yes                        ; 2.32 V                      ; 3.07e-09 V                  ; 2.37 V             ; -0.00994 V         ; 0.186 V                             ; 0.028 V                             ; 4.98e-10 s                 ; 4.96e-10 s                 ; Yes                       ; Yes                       ;
; HEX1[0]       ; 2.5 V        ; 0 s                 ; 0 s                 ; 2.32 V                       ; 3.07e-09 V                   ; 2.38 V              ; -0.0144 V           ; 0.227 V                              ; 0.024 V                              ; 3.14e-10 s                  ; 3.39e-10 s                  ; Yes                        ; Yes                        ; 2.32 V                      ; 3.07e-09 V                  ; 2.38 V             ; -0.0144 V          ; 0.227 V                             ; 0.024 V                             ; 3.14e-10 s                 ; 3.39e-10 s                 ; Yes                       ; Yes                       ;
; HEX1[1]       ; 2.5 V        ; 0 s                 ; 0 s                 ; 2.32 V                       ; 3.07e-09 V                   ; 2.37 V              ; -0.00994 V          ; 0.186 V                              ; 0.028 V                              ; 4.98e-10 s                  ; 4.96e-10 s                  ; Yes                        ; Yes                        ; 2.32 V                      ; 3.07e-09 V                  ; 2.37 V             ; -0.00994 V         ; 0.186 V                             ; 0.028 V                             ; 4.98e-10 s                 ; 4.96e-10 s                 ; Yes                       ; Yes                       ;
; HEX1[2]       ; 2.5 V        ; 0 s                 ; 0 s                 ; 2.32 V                       ; 3.07e-09 V                   ; 2.37 V              ; -0.00994 V          ; 0.186 V                              ; 0.028 V                              ; 4.98e-10 s                  ; 4.96e-10 s                  ; Yes                        ; Yes                        ; 2.32 V                      ; 3.07e-09 V                  ; 2.37 V             ; -0.00994 V         ; 0.186 V                             ; 0.028 V                             ; 4.98e-10 s                 ; 4.96e-10 s                 ; Yes                       ; Yes                       ;
; HEX1[3]       ; 2.5 V        ; 0 s                 ; 0 s                 ; 2.32 V                       ; 3.07e-09 V                   ; 2.37 V              ; -0.00994 V          ; 0.186 V                              ; 0.028 V                              ; 4.98e-10 s                  ; 4.96e-10 s                  ; Yes                        ; Yes                        ; 2.32 V                      ; 3.07e-09 V                  ; 2.37 V             ; -0.00994 V         ; 0.186 V                             ; 0.028 V                             ; 4.98e-10 s                 ; 4.96e-10 s                 ; Yes                       ; Yes                       ;
; HEX1[4]       ; 2.5 V        ; 0 s                 ; 0 s                 ; 2.32 V                       ; 3.07e-09 V                   ; 2.37 V              ; -0.00994 V          ; 0.186 V                              ; 0.028 V                              ; 4.98e-10 s                  ; 4.96e-10 s                  ; Yes                        ; Yes                        ; 2.32 V                      ; 3.07e-09 V                  ; 2.37 V             ; -0.00994 V         ; 0.186 V                             ; 0.028 V                             ; 4.98e-10 s                 ; 4.96e-10 s                 ; Yes                       ; Yes                       ;
; HEX1[5]       ; 2.5 V        ; 0 s                 ; 0 s                 ; 2.32 V                       ; 3.07e-09 V                   ; 2.33 V              ; -0.00496 V          ; 0.223 V                              ; 0.086 V                              ; 2.9e-09 s                   ; 2.73e-09 s                  ; Yes                        ; Yes                        ; 2.32 V                      ; 3.07e-09 V                  ; 2.33 V             ; -0.00496 V         ; 0.223 V                             ; 0.086 V                             ; 2.9e-09 s                  ; 2.73e-09 s                 ; Yes                       ; Yes                       ;
; HEX1[6]       ; 2.5 V        ; 0 s                 ; 0 s                 ; 2.32 V                       ; 3.07e-09 V                   ; 2.33 V              ; -0.00496 V          ; 0.223 V                              ; 0.086 V                              ; 2.9e-09 s                   ; 2.73e-09 s                  ; Yes                        ; Yes                        ; 2.32 V                      ; 3.07e-09 V                  ; 2.33 V             ; -0.00496 V         ; 0.223 V                             ; 0.086 V                             ; 2.9e-09 s                  ; 2.73e-09 s                 ; Yes                       ; Yes                       ;
; HEX0[0]       ; 2.5 V        ; 0 s                 ; 0 s                 ; 2.32 V                       ; 4.49e-09 V                   ; 2.38 V              ; -0.00552 V          ; 0.096 V                              ; 0.019 V                              ; 4.18e-10 s                  ; 3.59e-10 s                  ; No                         ; Yes                        ; 2.32 V                      ; 4.49e-09 V                  ; 2.38 V             ; -0.00552 V         ; 0.096 V                             ; 0.019 V                             ; 4.18e-10 s                 ; 3.59e-10 s                 ; No                        ; Yes                       ;
; HEX0[1]       ; 2.5 V        ; 0 s                 ; 0 s                 ; 2.32 V                       ; 4.49e-09 V                   ; 2.33 V              ; -0.00467 V          ; 0.226 V                              ; 0.087 V                              ; 2.91e-09 s                  ; 2.74e-09 s                  ; Yes                        ; Yes                        ; 2.32 V                      ; 4.49e-09 V                  ; 2.33 V             ; -0.00467 V         ; 0.226 V                             ; 0.087 V                             ; 2.91e-09 s                 ; 2.74e-09 s                 ; Yes                       ; Yes                       ;
; HEX0[2]       ; 2.5 V        ; 0 s                 ; 0 s                 ; 2.32 V                       ; 4.49e-09 V                   ; 2.38 V              ; -0.00552 V          ; 0.096 V                              ; 0.019 V                              ; 4.18e-10 s                  ; 3.59e-10 s                  ; No                         ; Yes                        ; 2.32 V                      ; 4.49e-09 V                  ; 2.38 V             ; -0.00552 V         ; 0.096 V                             ; 0.019 V                             ; 4.18e-10 s                 ; 3.59e-10 s                 ; No                        ; Yes                       ;
; HEX0[3]       ; 2.5 V        ; 0 s                 ; 0 s                 ; 2.32 V                       ; 3.07e-09 V                   ; 2.38 V              ; -0.0144 V           ; 0.227 V                              ; 0.024 V                              ; 3.14e-10 s                  ; 3.39e-10 s                  ; Yes                        ; Yes                        ; 2.32 V                      ; 3.07e-09 V                  ; 2.38 V             ; -0.0144 V          ; 0.227 V                             ; 0.024 V                             ; 3.14e-10 s                 ; 3.39e-10 s                 ; Yes                       ; Yes                       ;
; HEX0[4]       ; 2.5 V        ; 0 s                 ; 0 s                 ; 2.32 V                       ; 3.07e-09 V                   ; 2.38 V              ; -0.0144 V           ; 0.227 V                              ; 0.024 V                              ; 3.14e-10 s                  ; 3.39e-10 s                  ; Yes                        ; Yes                        ; 2.32 V                      ; 3.07e-09 V                  ; 2.38 V             ; -0.0144 V          ; 0.227 V                             ; 0.024 V                             ; 3.14e-10 s                 ; 3.39e-10 s                 ; Yes                       ; Yes                       ;
; HEX0[5]       ; 2.5 V        ; 0 s                 ; 0 s                 ; 2.32 V                       ; 3.07e-09 V                   ; 2.33 V              ; -0.00496 V          ; 0.223 V                              ; 0.086 V                              ; 2.9e-09 s                   ; 2.73e-09 s                  ; Yes                        ; Yes                        ; 2.32 V                      ; 3.07e-09 V                  ; 2.33 V             ; -0.00496 V         ; 0.223 V                             ; 0.086 V                             ; 2.9e-09 s                  ; 2.73e-09 s                 ; Yes                       ; Yes                       ;
; HEX0[6]       ; 2.5 V        ; 0 s                 ; 0 s                 ; 2.32 V                       ; 3.07e-09 V                   ; 2.38 V              ; -0.0144 V           ; 0.227 V                              ; 0.024 V                              ; 3.14e-10 s                  ; 3.39e-10 s                  ; Yes                        ; Yes                        ; 2.32 V                      ; 3.07e-09 V                  ; 2.38 V             ; -0.0144 V          ; 0.227 V                             ; 0.024 V                             ; 3.14e-10 s                 ; 3.39e-10 s                 ; Yes                       ; Yes                       ;
; ~ALTERA_DCLK~ ; 2.5 V        ; 0 s                 ; 0 s                 ; 2.32 V                       ; 2.67e-09 V                   ; 2.38 V              ; -0.0485 V           ; 0.167 V                              ; 0.096 V                              ; 2.95e-10 s                  ; 2.73e-10 s                  ; Yes                        ; Yes                        ; 2.32 V                      ; 2.67e-09 V                  ; 2.38 V             ; -0.0485 V          ; 0.167 V                             ; 0.096 V                             ; 2.95e-10 s                 ; 2.73e-10 s                 ; Yes                       ; Yes                       ;
; ~ALTERA_nCEO~ ; 2.5 V        ; 0 s                 ; 0 s                 ; 2.32 V                       ; 4.18e-09 V                   ; 2.38 V              ; -0.00483 V          ; 0.152 V                              ; 0.012 V                              ; 4.81e-10 s                  ; 6.29e-10 s                  ; Yes                        ; Yes                        ; 2.32 V                      ; 4.18e-09 V                  ; 2.38 V             ; -0.00483 V         ; 0.152 V                             ; 0.012 V                             ; 4.81e-10 s                 ; 6.29e-10 s                 ; Yes                       ; Yes                       ;
+---------------+--------------+---------------------+---------------------+------------------------------+------------------------------+---------------------+---------------------+--------------------------------------+--------------------------------------+-----------------------------+-----------------------------+----------------------------+----------------------------+-----------------------------+-----------------------------+--------------------+--------------------+-------------------------------------+-------------------------------------+----------------------------+----------------------------+---------------------------+---------------------------+


+--------------------------------------------------------------------------------------------------------------------------------------------------------------------------------------------------------------------------------------------------------------------------------------------------------------------------------------------------------------------------------------------------------------------------------------------------------------------------------------------------------------------------------------------------------------------------------------------------------------------------------------------------------------------------------------------+
; Signal Integrity Metrics (Slow 1200mv 85c Model)                                                                                                                                                                                                                                                                                                                                                                                                                                                                                                                                                                                                                                           ;
+---------------+--------------+---------------------+---------------------+------------------------------+------------------------------+---------------------+---------------------+--------------------------------------+--------------------------------------+-----------------------------+-----------------------------+----------------------------+----------------------------+-----------------------------+-----------------------------+--------------------+--------------------+-------------------------------------+-------------------------------------+----------------------------+----------------------------+---------------------------+---------------------------+
; Pin           ; I/O Standard ; Board Delay on Rise ; Board Delay on Fall ; Steady State Voh at FPGA Pin ; Steady State Vol at FPGA Pin ; Voh Max at FPGA Pin ; Vol Min at FPGA Pin ; Ringback Voltage on Rise at FPGA Pin ; Ringback Voltage on Fall at FPGA Pin ; 10-90 Rise Time at FPGA Pin ; 90-10 Fall Time at FPGA Pin ; Monotonic Rise at FPGA Pin ; Monotonic Fall at FPGA Pin ; Steady State Voh at Far-end ; Steady State Vol at Far-end ; Voh Max at Far-end ; Vol Min at Far-end ; Ringback Voltage on Rise at Far-end ; Ringback Voltage on Fall at Far-end ; 10-90 Rise Time at Far-end ; 90-10 Fall Time at Far-end ; Monotonic Rise at Far-end ; Monotonic Fall at Far-end ;
+---------------+--------------+---------------------+---------------------+------------------------------+------------------------------+---------------------+---------------------+--------------------------------------+--------------------------------------+-----------------------------+-----------------------------+----------------------------+----------------------------+-----------------------------+-----------------------------+--------------------+--------------------+-------------------------------------+-------------------------------------+----------------------------+----------------------------+---------------------------+---------------------------+
; HEX3[0]       ; 2.5 V        ; 0 s                 ; 0 s                 ; 2.32 V                       ; 4.67e-07 V                   ; 2.35 V              ; -0.00942 V          ; 0.116 V                              ; 0.033 V                              ; 6.66e-10 s                  ; 6.27e-10 s                  ; Yes                        ; Yes                        ; 2.32 V                      ; 4.67e-07 V                  ; 2.35 V             ; -0.00942 V         ; 0.116 V                             ; 0.033 V                             ; 6.66e-10 s                 ; 6.27e-10 s                 ; Yes                       ; Yes                       ;
; HEX3[1]       ; 2.5 V        ; 0 s                 ; 0 s                 ; 2.32 V                       ; 4.67e-07 V                   ; 2.36 V              ; -0.00552 V          ; 0.11 V                               ; 0.007 V                              ; 4.54e-10 s                  ; 4.35e-10 s                  ; Yes                        ; Yes                        ; 2.32 V                      ; 4.67e-07 V                  ; 2.36 V             ; -0.00552 V         ; 0.11 V                              ; 0.007 V                             ; 4.54e-10 s                 ; 4.35e-10 s                 ; Yes                       ; Yes                       ;
; HEX3[2]       ; 2.5 V        ; 0 s                 ; 0 s                 ; 2.32 V                       ; 6.92e-07 V                   ; 2.33 V              ; -0.00265 V          ; 0.133 V                              ; 0.056 V                              ; 3.55e-09 s                  ; 3.31e-09 s                  ; Yes                        ; Yes                        ; 2.32 V                      ; 6.92e-07 V                  ; 2.33 V             ; -0.00265 V         ; 0.133 V                             ; 0.056 V                             ; 3.55e-09 s                 ; 3.31e-09 s                 ; Yes                       ; Yes                       ;
; HEX3[3]       ; 2.5 V        ; 0 s                 ; 0 s                 ; 2.32 V                       ; 6.92e-07 V                   ; 2.35 V              ; -0.00996 V          ; 0.121 V                              ; 0.03 V                               ; 4.64e-10 s                  ; 4.47e-10 s                  ; Yes                        ; Yes                        ; 2.32 V                      ; 6.92e-07 V                  ; 2.35 V             ; -0.00996 V         ; 0.121 V                             ; 0.03 V                              ; 4.64e-10 s                 ; 4.47e-10 s                 ; Yes                       ; Yes                       ;
; HEX3[4]       ; 2.5 V        ; 0 s                 ; 0 s                 ; 2.32 V                       ; 6.92e-07 V                   ; 2.35 V              ; -0.00996 V          ; 0.121 V                              ; 0.03 V                               ; 4.64e-10 s                  ; 4.47e-10 s                  ; Yes                        ; Yes                        ; 2.32 V                      ; 6.92e-07 V                  ; 2.35 V             ; -0.00996 V         ; 0.121 V                             ; 0.03 V                              ; 4.64e-10 s                 ; 4.47e-10 s                 ; Yes                       ; Yes                       ;
; HEX3[5]       ; 2.5 V        ; 0 s                 ; 0 s                 ; 2.32 V                       ; 6.92e-07 V                   ; 2.35 V              ; -0.00996 V          ; 0.121 V                              ; 0.03 V                               ; 4.64e-10 s                  ; 4.47e-10 s                  ; Yes                        ; Yes                        ; 2.32 V                      ; 6.92e-07 V                  ; 2.35 V             ; -0.00996 V         ; 0.121 V                             ; 0.03 V                              ; 4.64e-10 s                 ; 4.47e-10 s                 ; Yes                       ; Yes                       ;
; HEX3[6]       ; 2.5 V        ; 0 s                 ; 0 s                 ; 2.32 V                       ; 6.92e-07 V                   ; 2.35 V              ; -0.00996 V          ; 0.121 V                              ; 0.03 V                               ; 4.64e-10 s                  ; 4.47e-10 s                  ; Yes                        ; Yes                        ; 2.32 V                      ; 6.92e-07 V                  ; 2.35 V             ; -0.00996 V         ; 0.121 V                             ; 0.03 V                              ; 4.64e-10 s                 ; 4.47e-10 s                 ; Yes                       ; Yes                       ;
; HEX2[0]       ; 2.5 V        ; 0 s                 ; 0 s                 ; 2.32 V                       ; 4.67e-07 V                   ; 2.35 V              ; -0.00942 V          ; 0.116 V                              ; 0.033 V                              ; 6.66e-10 s                  ; 6.27e-10 s                  ; Yes                        ; Yes                        ; 2.32 V                      ; 4.67e-07 V                  ; 2.35 V             ; -0.00942 V         ; 0.116 V                             ; 0.033 V                             ; 6.66e-10 s                 ; 6.27e-10 s                 ; Yes                       ; Yes                       ;
; HEX2[1]       ; 2.5 V        ; 0 s                 ; 0 s                 ; 2.32 V                       ; 4.67e-07 V                   ; 2.35 V              ; -0.00942 V          ; 0.116 V                              ; 0.033 V                              ; 6.66e-10 s                  ; 6.27e-10 s                  ; Yes                        ; Yes                        ; 2.32 V                      ; 4.67e-07 V                  ; 2.35 V             ; -0.00942 V         ; 0.116 V                             ; 0.033 V                             ; 6.66e-10 s                 ; 6.27e-10 s                 ; Yes                       ; Yes                       ;
; HEX2[2]       ; 2.5 V        ; 0 s                 ; 0 s                 ; 2.32 V                       ; 4.67e-07 V                   ; 2.35 V              ; -0.00942 V          ; 0.116 V                              ; 0.033 V                              ; 6.66e-10 s                  ; 6.27e-10 s                  ; Yes                        ; Yes                        ; 2.32 V                      ; 4.67e-07 V                  ; 2.35 V             ; -0.00942 V         ; 0.116 V                             ; 0.033 V                             ; 6.66e-10 s                 ; 6.27e-10 s                 ; Yes                       ; Yes                       ;
; HEX2[3]       ; 2.5 V        ; 0 s                 ; 0 s                 ; 2.32 V                       ; 4.67e-07 V                   ; 2.35 V              ; -0.00942 V          ; 0.116 V                              ; 0.033 V                              ; 6.66e-10 s                  ; 6.27e-10 s                  ; Yes                        ; Yes                        ; 2.32 V                      ; 4.67e-07 V                  ; 2.35 V             ; -0.00942 V         ; 0.116 V                             ; 0.033 V                             ; 6.66e-10 s                 ; 6.27e-10 s                 ; Yes                       ; Yes                       ;
; HEX2[4]       ; 2.5 V        ; 0 s                 ; 0 s                 ; 2.32 V                       ; 4.67e-07 V                   ; 2.35 V              ; -0.00942 V          ; 0.116 V                              ; 0.033 V                              ; 6.66e-10 s                  ; 6.27e-10 s                  ; Yes                        ; Yes                        ; 2.32 V                      ; 4.67e-07 V                  ; 2.35 V             ; -0.00942 V         ; 0.116 V                             ; 0.033 V                             ; 6.66e-10 s                 ; 6.27e-10 s                 ; Yes                       ; Yes                       ;
; HEX2[5]       ; 2.5 V        ; 0 s                 ; 0 s                 ; 2.32 V                       ; 4.67e-07 V                   ; 2.35 V              ; -0.00942 V          ; 0.116 V                              ; 0.033 V                              ; 6.66e-10 s                  ; 6.27e-10 s                  ; Yes                        ; Yes                        ; 2.32 V                      ; 4.67e-07 V                  ; 2.35 V             ; -0.00942 V         ; 0.116 V                             ; 0.033 V                             ; 6.66e-10 s                 ; 6.27e-10 s                 ; Yes                       ; Yes                       ;
; HEX2[6]       ; 2.5 V        ; 0 s                 ; 0 s                 ; 2.32 V                       ; 4.67e-07 V                   ; 2.35 V              ; -0.00942 V          ; 0.116 V                              ; 0.033 V                              ; 6.66e-10 s                  ; 6.27e-10 s                  ; Yes                        ; Yes                        ; 2.32 V                      ; 4.67e-07 V                  ; 2.35 V             ; -0.00942 V         ; 0.116 V                             ; 0.033 V                             ; 6.66e-10 s                 ; 6.27e-10 s                 ; Yes                       ; Yes                       ;
; HEX1[0]       ; 2.5 V        ; 0 s                 ; 0 s                 ; 2.32 V                       ; 4.67e-07 V                   ; 2.36 V              ; -0.00552 V          ; 0.11 V                               ; 0.007 V                              ; 4.54e-10 s                  ; 4.35e-10 s                  ; Yes                        ; Yes                        ; 2.32 V                      ; 4.67e-07 V                  ; 2.36 V             ; -0.00552 V         ; 0.11 V                              ; 0.007 V                             ; 4.54e-10 s                 ; 4.35e-10 s                 ; Yes                       ; Yes                       ;
; HEX1[1]       ; 2.5 V        ; 0 s                 ; 0 s                 ; 2.32 V                       ; 4.67e-07 V                   ; 2.35 V              ; -0.00942 V          ; 0.116 V                              ; 0.033 V                              ; 6.66e-10 s                  ; 6.27e-10 s                  ; Yes                        ; Yes                        ; 2.32 V                      ; 4.67e-07 V                  ; 2.35 V             ; -0.00942 V         ; 0.116 V                             ; 0.033 V                             ; 6.66e-10 s                 ; 6.27e-10 s                 ; Yes                       ; Yes                       ;
; HEX1[2]       ; 2.5 V        ; 0 s                 ; 0 s                 ; 2.32 V                       ; 4.67e-07 V                   ; 2.35 V              ; -0.00942 V          ; 0.116 V                              ; 0.033 V                              ; 6.66e-10 s                  ; 6.27e-10 s                  ; Yes                        ; Yes                        ; 2.32 V                      ; 4.67e-07 V                  ; 2.35 V             ; -0.00942 V         ; 0.116 V                             ; 0.033 V                             ; 6.66e-10 s                 ; 6.27e-10 s                 ; Yes                       ; Yes                       ;
; HEX1[3]       ; 2.5 V        ; 0 s                 ; 0 s                 ; 2.32 V                       ; 4.67e-07 V                   ; 2.35 V              ; -0.00942 V          ; 0.116 V                              ; 0.033 V                              ; 6.66e-10 s                  ; 6.27e-10 s                  ; Yes                        ; Yes                        ; 2.32 V                      ; 4.67e-07 V                  ; 2.35 V             ; -0.00942 V         ; 0.116 V                             ; 0.033 V                             ; 6.66e-10 s                 ; 6.27e-10 s                 ; Yes                       ; Yes                       ;
; HEX1[4]       ; 2.5 V        ; 0 s                 ; 0 s                 ; 2.32 V                       ; 4.67e-07 V                   ; 2.35 V              ; -0.00942 V          ; 0.116 V                              ; 0.033 V                              ; 6.66e-10 s                  ; 6.27e-10 s                  ; Yes                        ; Yes                        ; 2.32 V                      ; 4.67e-07 V                  ; 2.35 V             ; -0.00942 V         ; 0.116 V                             ; 0.033 V                             ; 6.66e-10 s                 ; 6.27e-10 s                 ; Yes                       ; Yes                       ;
; HEX1[5]       ; 2.5 V        ; 0 s                 ; 0 s                 ; 2.32 V                       ; 4.67e-07 V                   ; 2.33 V              ; -0.00269 V          ; 0.13 V                               ; 0.055 V                              ; 3.54e-09 s                  ; 3.29e-09 s                  ; Yes                        ; Yes                        ; 2.32 V                      ; 4.67e-07 V                  ; 2.33 V             ; -0.00269 V         ; 0.13 V                              ; 0.055 V                             ; 3.54e-09 s                 ; 3.29e-09 s                 ; Yes                       ; Yes                       ;
; HEX1[6]       ; 2.5 V        ; 0 s                 ; 0 s                 ; 2.32 V                       ; 4.67e-07 V                   ; 2.33 V              ; -0.00269 V          ; 0.13 V                               ; 0.055 V                              ; 3.54e-09 s                  ; 3.29e-09 s                  ; Yes                        ; Yes                        ; 2.32 V                      ; 4.67e-07 V                  ; 2.33 V             ; -0.00269 V         ; 0.13 V                              ; 0.055 V                             ; 3.54e-09 s                 ; 3.29e-09 s                 ; Yes                       ; Yes                       ;
; HEX0[0]       ; 2.5 V        ; 0 s                 ; 0 s                 ; 2.32 V                       ; 6.92e-07 V                   ; 2.35 V              ; -0.00996 V          ; 0.121 V                              ; 0.03 V                               ; 4.64e-10 s                  ; 4.47e-10 s                  ; Yes                        ; Yes                        ; 2.32 V                      ; 6.92e-07 V                  ; 2.35 V             ; -0.00996 V         ; 0.121 V                             ; 0.03 V                              ; 4.64e-10 s                 ; 4.47e-10 s                 ; Yes                       ; Yes                       ;
; HEX0[1]       ; 2.5 V        ; 0 s                 ; 0 s                 ; 2.32 V                       ; 6.92e-07 V                   ; 2.33 V              ; -0.00265 V          ; 0.133 V                              ; 0.056 V                              ; 3.55e-09 s                  ; 3.31e-09 s                  ; Yes                        ; Yes                        ; 2.32 V                      ; 6.92e-07 V                  ; 2.33 V             ; -0.00265 V         ; 0.133 V                             ; 0.056 V                             ; 3.55e-09 s                 ; 3.31e-09 s                 ; Yes                       ; Yes                       ;
; HEX0[2]       ; 2.5 V        ; 0 s                 ; 0 s                 ; 2.32 V                       ; 6.92e-07 V                   ; 2.35 V              ; -0.00996 V          ; 0.121 V                              ; 0.03 V                               ; 4.64e-10 s                  ; 4.47e-10 s                  ; Yes                        ; Yes                        ; 2.32 V                      ; 6.92e-07 V                  ; 2.35 V             ; -0.00996 V         ; 0.121 V                             ; 0.03 V                              ; 4.64e-10 s                 ; 4.47e-10 s                 ; Yes                       ; Yes                       ;
; HEX0[3]       ; 2.5 V        ; 0 s                 ; 0 s                 ; 2.32 V                       ; 4.67e-07 V                   ; 2.36 V              ; -0.00552 V          ; 0.11 V                               ; 0.007 V                              ; 4.54e-10 s                  ; 4.35e-10 s                  ; Yes                        ; Yes                        ; 2.32 V                      ; 4.67e-07 V                  ; 2.36 V             ; -0.00552 V         ; 0.11 V                              ; 0.007 V                             ; 4.54e-10 s                 ; 4.35e-10 s                 ; Yes                       ; Yes                       ;
; HEX0[4]       ; 2.5 V        ; 0 s                 ; 0 s                 ; 2.32 V                       ; 4.67e-07 V                   ; 2.36 V              ; -0.00552 V          ; 0.11 V                               ; 0.007 V                              ; 4.54e-10 s                  ; 4.35e-10 s                  ; Yes                        ; Yes                        ; 2.32 V                      ; 4.67e-07 V                  ; 2.36 V             ; -0.00552 V         ; 0.11 V                              ; 0.007 V                             ; 4.54e-10 s                 ; 4.35e-10 s                 ; Yes                       ; Yes                       ;
; HEX0[5]       ; 2.5 V        ; 0 s                 ; 0 s                 ; 2.32 V                       ; 4.67e-07 V                   ; 2.33 V              ; -0.00269 V          ; 0.13 V                               ; 0.055 V                              ; 3.54e-09 s                  ; 3.29e-09 s                  ; Yes                        ; Yes                        ; 2.32 V                      ; 4.67e-07 V                  ; 2.33 V             ; -0.00269 V         ; 0.13 V                              ; 0.055 V                             ; 3.54e-09 s                 ; 3.29e-09 s                 ; Yes                       ; Yes                       ;
; HEX0[6]       ; 2.5 V        ; 0 s                 ; 0 s                 ; 2.32 V                       ; 4.67e-07 V                   ; 2.36 V              ; -0.00552 V          ; 0.11 V                               ; 0.007 V                              ; 4.54e-10 s                  ; 4.35e-10 s                  ; Yes                        ; Yes                        ; 2.32 V                      ; 4.67e-07 V                  ; 2.36 V             ; -0.00552 V         ; 0.11 V                              ; 0.007 V                             ; 4.54e-10 s                 ; 4.35e-10 s                 ; Yes                       ; Yes                       ;
; ~ALTERA_DCLK~ ; 2.5 V        ; 0 s                 ; 0 s                 ; 2.32 V                       ; 3.75e-07 V                   ; 2.35 V              ; -0.0109 V           ; 0.084 V                              ; 0.027 V                              ; 4.31e-10 s                  ; 3.61e-10 s                  ; Yes                        ; Yes                        ; 2.32 V                      ; 3.75e-07 V                  ; 2.35 V             ; -0.0109 V          ; 0.084 V                             ; 0.027 V                             ; 4.31e-10 s                 ; 3.61e-10 s                 ; Yes                       ; Yes                       ;
; ~ALTERA_nCEO~ ; 2.5 V        ; 0 s                 ; 0 s                 ; 2.32 V                       ; 6.15e-07 V                   ; 2.35 V              ; -0.00712 V          ; 0.093 V                              ; 0.02 V                               ; 6.21e-10 s                  ; 7.9e-10 s                   ; Yes                        ; Yes                        ; 2.32 V                      ; 6.15e-07 V                  ; 2.35 V             ; -0.00712 V         ; 0.093 V                             ; 0.02 V                              ; 6.21e-10 s                 ; 7.9e-10 s                  ; Yes                       ; Yes                       ;
+---------------+--------------+---------------------+---------------------+------------------------------+------------------------------+---------------------+---------------------+--------------------------------------+--------------------------------------+-----------------------------+-----------------------------+----------------------------+----------------------------+-----------------------------+-----------------------------+--------------------+--------------------+-------------------------------------+-------------------------------------+----------------------------+----------------------------+---------------------------+---------------------------+


+--------------------------------------------------------------------------------------------------------------------------------------------------------------------------------------------------------------------------------------------------------------------------------------------------------------------------------------------------------------------------------------------------------------------------------------------------------------------------------------------------------------------------------------------------------------------------------------------------------------------------------------------------------------------------------------------+
; Signal Integrity Metrics (Fast 1200mv 0c Model)                                                                                                                                                                                                                                                                                                                                                                                                                                                                                                                                                                                                                                            ;
+---------------+--------------+---------------------+---------------------+------------------------------+------------------------------+---------------------+---------------------+--------------------------------------+--------------------------------------+-----------------------------+-----------------------------+----------------------------+----------------------------+-----------------------------+-----------------------------+--------------------+--------------------+-------------------------------------+-------------------------------------+----------------------------+----------------------------+---------------------------+---------------------------+
; Pin           ; I/O Standard ; Board Delay on Rise ; Board Delay on Fall ; Steady State Voh at FPGA Pin ; Steady State Vol at FPGA Pin ; Voh Max at FPGA Pin ; Vol Min at FPGA Pin ; Ringback Voltage on Rise at FPGA Pin ; Ringback Voltage on Fall at FPGA Pin ; 10-90 Rise Time at FPGA Pin ; 90-10 Fall Time at FPGA Pin ; Monotonic Rise at FPGA Pin ; Monotonic Fall at FPGA Pin ; Steady State Voh at Far-end ; Steady State Vol at Far-end ; Voh Max at Far-end ; Vol Min at Far-end ; Ringback Voltage on Rise at Far-end ; Ringback Voltage on Fall at Far-end ; 10-90 Rise Time at Far-end ; 90-10 Fall Time at Far-end ; Monotonic Rise at Far-end ; Monotonic Fall at Far-end ;
+---------------+--------------+---------------------+---------------------+------------------------------+------------------------------+---------------------+---------------------+--------------------------------------+--------------------------------------+-----------------------------+-----------------------------+----------------------------+----------------------------+-----------------------------+-----------------------------+--------------------+--------------------+-------------------------------------+-------------------------------------+----------------------------+----------------------------+---------------------------+---------------------------+
; HEX3[0]       ; 2.5 V        ; 0 s                 ; 0 s                 ; 2.62 V                       ; 2.74e-08 V                   ; 2.71 V              ; -0.0317 V           ; 0.148 V                              ; 0.064 V                              ; 4.51e-10 s                  ; 4.15e-10 s                  ; No                         ; Yes                        ; 2.62 V                      ; 2.74e-08 V                  ; 2.71 V             ; -0.0317 V          ; 0.148 V                             ; 0.064 V                             ; 4.51e-10 s                 ; 4.15e-10 s                 ; No                        ; Yes                       ;
; HEX3[1]       ; 2.5 V        ; 0 s                 ; 0 s                 ; 2.62 V                       ; 2.74e-08 V                   ; 2.73 V              ; -0.0384 V           ; 0.169 V                              ; 0.089 V                              ; 2.7e-10 s                   ; 2.62e-10 s                  ; Yes                        ; Yes                        ; 2.62 V                      ; 2.74e-08 V                  ; 2.73 V             ; -0.0384 V          ; 0.169 V                             ; 0.089 V                             ; 2.7e-10 s                  ; 2.62e-10 s                 ; Yes                       ; Yes                       ;
; HEX3[2]       ; 2.5 V        ; 0 s                 ; 0 s                 ; 2.62 V                       ; 4.05e-08 V                   ; 2.64 V              ; -0.0113 V           ; 0.208 V                              ; 0.179 V                              ; 2.38e-09 s                  ; 2.23e-09 s                  ; No                         ; Yes                        ; 2.62 V                      ; 4.05e-08 V                  ; 2.64 V             ; -0.0113 V          ; 0.208 V                             ; 0.179 V                             ; 2.38e-09 s                 ; 2.23e-09 s                 ; No                        ; Yes                       ;
; HEX3[3]       ; 2.5 V        ; 0 s                 ; 0 s                 ; 2.62 V                       ; 4.05e-08 V                   ; 2.72 V              ; -0.0349 V           ; 0.173 V                              ; 0.1 V                                ; 2.72e-10 s                  ; 2.69e-10 s                  ; Yes                        ; Yes                        ; 2.62 V                      ; 4.05e-08 V                  ; 2.72 V             ; -0.0349 V          ; 0.173 V                             ; 0.1 V                               ; 2.72e-10 s                 ; 2.69e-10 s                 ; Yes                       ; Yes                       ;
; HEX3[4]       ; 2.5 V        ; 0 s                 ; 0 s                 ; 2.62 V                       ; 4.05e-08 V                   ; 2.72 V              ; -0.0349 V           ; 0.173 V                              ; 0.1 V                                ; 2.72e-10 s                  ; 2.69e-10 s                  ; Yes                        ; Yes                        ; 2.62 V                      ; 4.05e-08 V                  ; 2.72 V             ; -0.0349 V          ; 0.173 V                             ; 0.1 V                               ; 2.72e-10 s                 ; 2.69e-10 s                 ; Yes                       ; Yes                       ;
; HEX3[5]       ; 2.5 V        ; 0 s                 ; 0 s                 ; 2.62 V                       ; 4.05e-08 V                   ; 2.72 V              ; -0.0349 V           ; 0.173 V                              ; 0.1 V                                ; 2.72e-10 s                  ; 2.69e-10 s                  ; Yes                        ; Yes                        ; 2.62 V                      ; 4.05e-08 V                  ; 2.72 V             ; -0.0349 V          ; 0.173 V                             ; 0.1 V                               ; 2.72e-10 s                 ; 2.69e-10 s                 ; Yes                       ; Yes                       ;
; HEX3[6]       ; 2.5 V        ; 0 s                 ; 0 s                 ; 2.62 V                       ; 4.05e-08 V                   ; 2.72 V              ; -0.0349 V           ; 0.173 V                              ; 0.1 V                                ; 2.72e-10 s                  ; 2.69e-10 s                  ; Yes                        ; Yes                        ; 2.62 V                      ; 4.05e-08 V                  ; 2.72 V             ; -0.0349 V          ; 0.173 V                             ; 0.1 V                               ; 2.72e-10 s                 ; 2.69e-10 s                 ; Yes                       ; Yes                       ;
; HEX2[0]       ; 2.5 V        ; 0 s                 ; 0 s                 ; 2.62 V                       ; 2.74e-08 V                   ; 2.71 V              ; -0.0317 V           ; 0.148 V                              ; 0.064 V                              ; 4.51e-10 s                  ; 4.15e-10 s                  ; No                         ; Yes                        ; 2.62 V                      ; 2.74e-08 V                  ; 2.71 V             ; -0.0317 V          ; 0.148 V                             ; 0.064 V                             ; 4.51e-10 s                 ; 4.15e-10 s                 ; No                        ; Yes                       ;
; HEX2[1]       ; 2.5 V        ; 0 s                 ; 0 s                 ; 2.62 V                       ; 2.74e-08 V                   ; 2.71 V              ; -0.0317 V           ; 0.148 V                              ; 0.064 V                              ; 4.51e-10 s                  ; 4.15e-10 s                  ; No                         ; Yes                        ; 2.62 V                      ; 2.74e-08 V                  ; 2.71 V             ; -0.0317 V          ; 0.148 V                             ; 0.064 V                             ; 4.51e-10 s                 ; 4.15e-10 s                 ; No                        ; Yes                       ;
; HEX2[2]       ; 2.5 V        ; 0 s                 ; 0 s                 ; 2.62 V                       ; 2.74e-08 V                   ; 2.71 V              ; -0.0317 V           ; 0.148 V                              ; 0.064 V                              ; 4.51e-10 s                  ; 4.15e-10 s                  ; No                         ; Yes                        ; 2.62 V                      ; 2.74e-08 V                  ; 2.71 V             ; -0.0317 V          ; 0.148 V                             ; 0.064 V                             ; 4.51e-10 s                 ; 4.15e-10 s                 ; No                        ; Yes                       ;
; HEX2[3]       ; 2.5 V        ; 0 s                 ; 0 s                 ; 2.62 V                       ; 2.74e-08 V                   ; 2.71 V              ; -0.0317 V           ; 0.148 V                              ; 0.064 V                              ; 4.51e-10 s                  ; 4.15e-10 s                  ; No                         ; Yes                        ; 2.62 V                      ; 2.74e-08 V                  ; 2.71 V             ; -0.0317 V          ; 0.148 V                             ; 0.064 V                             ; 4.51e-10 s                 ; 4.15e-10 s                 ; No                        ; Yes                       ;
; HEX2[4]       ; 2.5 V        ; 0 s                 ; 0 s                 ; 2.62 V                       ; 2.74e-08 V                   ; 2.71 V              ; -0.0317 V           ; 0.148 V                              ; 0.064 V                              ; 4.51e-10 s                  ; 4.15e-10 s                  ; No                         ; Yes                        ; 2.62 V                      ; 2.74e-08 V                  ; 2.71 V             ; -0.0317 V          ; 0.148 V                             ; 0.064 V                             ; 4.51e-10 s                 ; 4.15e-10 s                 ; No                        ; Yes                       ;
; HEX2[5]       ; 2.5 V        ; 0 s                 ; 0 s                 ; 2.62 V                       ; 2.74e-08 V                   ; 2.71 V              ; -0.0317 V           ; 0.148 V                              ; 0.064 V                              ; 4.51e-10 s                  ; 4.15e-10 s                  ; No                         ; Yes                        ; 2.62 V                      ; 2.74e-08 V                  ; 2.71 V             ; -0.0317 V          ; 0.148 V                             ; 0.064 V                             ; 4.51e-10 s                 ; 4.15e-10 s                 ; No                        ; Yes                       ;
; HEX2[6]       ; 2.5 V        ; 0 s                 ; 0 s                 ; 2.62 V                       ; 2.74e-08 V                   ; 2.71 V              ; -0.0317 V           ; 0.148 V                              ; 0.064 V                              ; 4.51e-10 s                  ; 4.15e-10 s                  ; No                         ; Yes                        ; 2.62 V                      ; 2.74e-08 V                  ; 2.71 V             ; -0.0317 V          ; 0.148 V                             ; 0.064 V                             ; 4.51e-10 s                 ; 4.15e-10 s                 ; No                        ; Yes                       ;
; HEX1[0]       ; 2.5 V        ; 0 s                 ; 0 s                 ; 2.62 V                       ; 2.74e-08 V                   ; 2.73 V              ; -0.0384 V           ; 0.169 V                              ; 0.089 V                              ; 2.7e-10 s                   ; 2.62e-10 s                  ; Yes                        ; Yes                        ; 2.62 V                      ; 2.74e-08 V                  ; 2.73 V             ; -0.0384 V          ; 0.169 V                             ; 0.089 V                             ; 2.7e-10 s                  ; 2.62e-10 s                 ; Yes                       ; Yes                       ;
; HEX1[1]       ; 2.5 V        ; 0 s                 ; 0 s                 ; 2.62 V                       ; 2.74e-08 V                   ; 2.71 V              ; -0.0317 V           ; 0.148 V                              ; 0.064 V                              ; 4.51e-10 s                  ; 4.15e-10 s                  ; No                         ; Yes                        ; 2.62 V                      ; 2.74e-08 V                  ; 2.71 V             ; -0.0317 V          ; 0.148 V                             ; 0.064 V                             ; 4.51e-10 s                 ; 4.15e-10 s                 ; No                        ; Yes                       ;
; HEX1[2]       ; 2.5 V        ; 0 s                 ; 0 s                 ; 2.62 V                       ; 2.74e-08 V                   ; 2.71 V              ; -0.0317 V           ; 0.148 V                              ; 0.064 V                              ; 4.51e-10 s                  ; 4.15e-10 s                  ; No                         ; Yes                        ; 2.62 V                      ; 2.74e-08 V                  ; 2.71 V             ; -0.0317 V          ; 0.148 V                             ; 0.064 V                             ; 4.51e-10 s                 ; 4.15e-10 s                 ; No                        ; Yes                       ;
; HEX1[3]       ; 2.5 V        ; 0 s                 ; 0 s                 ; 2.62 V                       ; 2.74e-08 V                   ; 2.71 V              ; -0.0317 V           ; 0.148 V                              ; 0.064 V                              ; 4.51e-10 s                  ; 4.15e-10 s                  ; No                         ; Yes                        ; 2.62 V                      ; 2.74e-08 V                  ; 2.71 V             ; -0.0317 V          ; 0.148 V                             ; 0.064 V                             ; 4.51e-10 s                 ; 4.15e-10 s                 ; No                        ; Yes                       ;
; HEX1[4]       ; 2.5 V        ; 0 s                 ; 0 s                 ; 2.62 V                       ; 2.74e-08 V                   ; 2.71 V              ; -0.0317 V           ; 0.148 V                              ; 0.064 V                              ; 4.51e-10 s                  ; 4.15e-10 s                  ; No                         ; Yes                        ; 2.62 V                      ; 2.74e-08 V                  ; 2.71 V             ; -0.0317 V          ; 0.148 V                             ; 0.064 V                             ; 4.51e-10 s                 ; 4.15e-10 s                 ; No                        ; Yes                       ;
; HEX1[5]       ; 2.5 V        ; 0 s                 ; 0 s                 ; 2.62 V                       ; 2.74e-08 V                   ; 2.64 V              ; -0.0117 V           ; 0.202 V                              ; 0.176 V                              ; 2.38e-09 s                  ; 2.22e-09 s                  ; No                         ; Yes                        ; 2.62 V                      ; 2.74e-08 V                  ; 2.64 V             ; -0.0117 V          ; 0.202 V                             ; 0.176 V                             ; 2.38e-09 s                 ; 2.22e-09 s                 ; No                        ; Yes                       ;
; HEX1[6]       ; 2.5 V        ; 0 s                 ; 0 s                 ; 2.62 V                       ; 2.74e-08 V                   ; 2.64 V              ; -0.0117 V           ; 0.202 V                              ; 0.176 V                              ; 2.38e-09 s                  ; 2.22e-09 s                  ; No                         ; Yes                        ; 2.62 V                      ; 2.74e-08 V                  ; 2.64 V             ; -0.0117 V          ; 0.202 V                             ; 0.176 V                             ; 2.38e-09 s                 ; 2.22e-09 s                 ; No                        ; Yes                       ;
; HEX0[0]       ; 2.5 V        ; 0 s                 ; 0 s                 ; 2.62 V                       ; 4.05e-08 V                   ; 2.72 V              ; -0.0349 V           ; 0.173 V                              ; 0.1 V                                ; 2.72e-10 s                  ; 2.69e-10 s                  ; Yes                        ; Yes                        ; 2.62 V                      ; 4.05e-08 V                  ; 2.72 V             ; -0.0349 V          ; 0.173 V                             ; 0.1 V                               ; 2.72e-10 s                 ; 2.69e-10 s                 ; Yes                       ; Yes                       ;
; HEX0[1]       ; 2.5 V        ; 0 s                 ; 0 s                 ; 2.62 V                       ; 4.05e-08 V                   ; 2.64 V              ; -0.0113 V           ; 0.208 V                              ; 0.179 V                              ; 2.38e-09 s                  ; 2.23e-09 s                  ; No                         ; Yes                        ; 2.62 V                      ; 4.05e-08 V                  ; 2.64 V             ; -0.0113 V          ; 0.208 V                             ; 0.179 V                             ; 2.38e-09 s                 ; 2.23e-09 s                 ; No                        ; Yes                       ;
; HEX0[2]       ; 2.5 V        ; 0 s                 ; 0 s                 ; 2.62 V                       ; 4.05e-08 V                   ; 2.72 V              ; -0.0349 V           ; 0.173 V                              ; 0.1 V                                ; 2.72e-10 s                  ; 2.69e-10 s                  ; Yes                        ; Yes                        ; 2.62 V                      ; 4.05e-08 V                  ; 2.72 V             ; -0.0349 V          ; 0.173 V                             ; 0.1 V                               ; 2.72e-10 s                 ; 2.69e-10 s                 ; Yes                       ; Yes                       ;
; HEX0[3]       ; 2.5 V        ; 0 s                 ; 0 s                 ; 2.62 V                       ; 2.74e-08 V                   ; 2.73 V              ; -0.0384 V           ; 0.169 V                              ; 0.089 V                              ; 2.7e-10 s                   ; 2.62e-10 s                  ; Yes                        ; Yes                        ; 2.62 V                      ; 2.74e-08 V                  ; 2.73 V             ; -0.0384 V          ; 0.169 V                             ; 0.089 V                             ; 2.7e-10 s                  ; 2.62e-10 s                 ; Yes                       ; Yes                       ;
; HEX0[4]       ; 2.5 V        ; 0 s                 ; 0 s                 ; 2.62 V                       ; 2.74e-08 V                   ; 2.73 V              ; -0.0384 V           ; 0.169 V                              ; 0.089 V                              ; 2.7e-10 s                   ; 2.62e-10 s                  ; Yes                        ; Yes                        ; 2.62 V                      ; 2.74e-08 V                  ; 2.73 V             ; -0.0384 V          ; 0.169 V                             ; 0.089 V                             ; 2.7e-10 s                  ; 2.62e-10 s                 ; Yes                       ; Yes                       ;
; HEX0[5]       ; 2.5 V        ; 0 s                 ; 0 s                 ; 2.62 V                       ; 2.74e-08 V                   ; 2.64 V              ; -0.0117 V           ; 0.202 V                              ; 0.176 V                              ; 2.38e-09 s                  ; 2.22e-09 s                  ; No                         ; Yes                        ; 2.62 V                      ; 2.74e-08 V                  ; 2.64 V             ; -0.0117 V          ; 0.202 V                             ; 0.176 V                             ; 2.38e-09 s                 ; 2.22e-09 s                 ; No                        ; Yes                       ;
; HEX0[6]       ; 2.5 V        ; 0 s                 ; 0 s                 ; 2.62 V                       ; 2.74e-08 V                   ; 2.73 V              ; -0.0384 V           ; 0.169 V                              ; 0.089 V                              ; 2.7e-10 s                   ; 2.62e-10 s                  ; Yes                        ; Yes                        ; 2.62 V                      ; 2.74e-08 V                  ; 2.73 V             ; -0.0384 V          ; 0.169 V                             ; 0.089 V                             ; 2.7e-10 s                  ; 2.62e-10 s                 ; Yes                       ; Yes                       ;
; ~ALTERA_DCLK~ ; 2.5 V        ; 0 s                 ; 0 s                 ; 2.62 V                       ; 2.22e-08 V                   ; 2.74 V              ; -0.06 V             ; 0.158 V                              ; 0.08 V                               ; 2.68e-10 s                  ; 2.19e-10 s                  ; Yes                        ; Yes                        ; 2.62 V                      ; 2.22e-08 V                  ; 2.74 V             ; -0.06 V            ; 0.158 V                             ; 0.08 V                              ; 2.68e-10 s                 ; 2.19e-10 s                 ; Yes                       ; Yes                       ;
; ~ALTERA_nCEO~ ; 2.5 V        ; 0 s                 ; 0 s                 ; 2.62 V                       ; 3.54e-08 V                   ; 2.7 V               ; -0.00943 V          ; 0.276 V                              ; 0.035 V                              ; 3.19e-10 s                  ; 4.99e-10 s                  ; No                         ; Yes                        ; 2.62 V                      ; 3.54e-08 V                  ; 2.7 V              ; -0.00943 V         ; 0.276 V                             ; 0.035 V                             ; 3.19e-10 s                 ; 4.99e-10 s                 ; No                        ; Yes                       ;
+---------------+--------------+---------------------+---------------------+------------------------------+------------------------------+---------------------+---------------------+--------------------------------------+--------------------------------------+-----------------------------+-----------------------------+----------------------------+----------------------------+-----------------------------+-----------------------------+--------------------+--------------------+-------------------------------------+-------------------------------------+----------------------------+----------------------------+---------------------------+---------------------------+


+-------------------------------------------------------------------+
; Setup Transfers                                                   ;
+------------+----------+----------+----------+----------+----------+
; From Clock ; To Clock ; RR Paths ; FR Paths ; RF Paths ; FF Paths ;
+------------+----------+----------+----------+----------+----------+
; CLOCK_50   ; CLOCK_50 ; 5        ; 0        ; 0        ; 0        ;
; CLOCK_50   ; KEY[0]   ; 0        ; 0        ; 4        ; 0        ;
; KEY[0]     ; KEY[0]   ; 0        ; 0        ; 0        ; 80       ;
+------------+----------+----------+----------+----------+----------+
Entries labeled "false path" only account for clock-to-clock false paths and not path-based false paths. As a result, actual path counts may be lower than reported.


+-------------------------------------------------------------------+
; Hold Transfers                                                    ;
+------------+----------+----------+----------+----------+----------+
; From Clock ; To Clock ; RR Paths ; FR Paths ; RF Paths ; FF Paths ;
+------------+----------+----------+----------+----------+----------+
; CLOCK_50   ; CLOCK_50 ; 5        ; 0        ; 0        ; 0        ;
; CLOCK_50   ; KEY[0]   ; 0        ; 0        ; 4        ; 0        ;
; KEY[0]     ; KEY[0]   ; 0        ; 0        ; 0        ; 80       ;
+------------+----------+----------+----------+----------+----------+
Entries labeled "false path" only account for clock-to-clock false paths and not path-based false paths. As a result, actual path counts may be lower than reported.


---------------
; Report TCCS ;
---------------
No dedicated SERDES Transmitter circuitry present in device or used in design


---------------
; Report RSKM ;
---------------
No non-DPA dedicated SERDES Receiver circuitry present in device or used in design


+------------------------------------------------+
; Unconstrained Paths                            ;
+---------------------------------+-------+------+
; Property                        ; Setup ; Hold ;
+---------------------------------+-------+------+
; Illegal Clocks                  ; 0     ; 0    ;
; Unconstrained Clocks            ; 0     ; 0    ;
; Unconstrained Input Ports       ; 1     ; 1    ;
; Unconstrained Input Port Paths  ; 8     ; 8    ;
; Unconstrained Output Ports      ; 28    ; 28   ;
; Unconstrained Output Port Paths ; 140   ; 140  ;
+---------------------------------+-------+------+


+------------------------------------+
; TimeQuest Timing Analyzer Messages ;
+------------------------------------+
Info: *******************************************************************
Info: Running Quartus II 64-Bit TimeQuest Timing Analyzer
    Info: Version 14.1.0 Build 186 12/03/2014 SJ Web Edition
    Info: Processing started: Fri May 06 11:30:34 2022
Info: Command: quartus_sta lfsr_wrapper -c lfsr_wrapper
Info: qsta_default_script.tcl version: #3
Info (11104): Parallel Compilation has detected 8 hyper-threaded processors. However, the extra hyper-threaded processors will not be used by default. Parallel Compilation will use 4 of the 4 physical processors detected instead.
Info (21077): Core supply voltage is 1.2V
Info (21077): Low junction temperature is 0 degrees C
Info (21077): High junction temperature is 85 degrees C
Critical Warning (332012): Synopsys Design Constraints File file not found: 'lfsr_wrapper.sdc'. A Synopsys Design Constraints File is required by the TimeQuest Timing Analyzer to get proper timing constraints. Without it, the Compiler will not properly optimize the design.
Info (332142): No user constrained base clocks found in the design. Calling "derive_clocks -period 1.0"
Info (332105): Deriving Clocks
    Info (332105): create_clock -period 1.000 -name KEY[0] KEY[0]
    Info (332105): create_clock -period 1.000 -name CLOCK_50 CLOCK_50
Info (332143): No user constrained clock uncertainty found in the design. Calling "derive_clock_uncertainty"
Info (332123): Deriving Clock Uncertainty. Please refer to report_sdc in TimeQuest to see clock uncertainties.
Info: Found TIMEQUEST_REPORT_SCRIPT_INCLUDE_DEFAULT_ANALYSIS = ON
Info: Analyzing Slow 1200mV 85C Model
Critical Warning (332148): Timing requirements not met
    Info (11105): For recommendations on closing timing, run Report Timing Closure Recommendations in the TimeQuest Timing Analyzer.
Info (332146): Worst-case setup slack is -0.979
    Info (332119):     Slack       End Point TNS Clock 
    Info (332119): ========= =================== =====================
    Info (332119):    -0.979             -12.464 KEY[0] 
    Info (332119):    -0.226              -0.226 CLOCK_50 
Info (332146): Worst-case hold slack is 0.435
    Info (332119):     Slack       End Point TNS Clock 
    Info (332119): ========= =================== =====================
    Info (332119):     0.435               0.000 CLOCK_50 
    Info (332119):     0.526               0.000 KEY[0] 
Info (332140): No Recovery paths to report
Info (332140): No Removal paths to report
Info (332146): Worst-case minimum pulse width slack is -3.000
    Info (332119):     Slack       End Point TNS Clock 
    Info (332119): ========= =================== =====================
    Info (332119):    -3.000             -33.840 KEY[0] 
    Info (332119):    -3.000              -8.140 CLOCK_50 
Info: Analyzing Slow 1200mV 0C Model
Info (334003): Started post-fitting delay annotation
Info (334004): Delay annotation completed successfully
Info (332123): Deriving Clock Uncertainty. Please refer to report_sdc in TimeQuest to see clock uncertainties.
Critical Warning (332148): Timing requirements not met
    Info (11105): For recommendations on closing timing, run Report Timing Closure Recommendations in the TimeQuest Timing Analyzer.
Info (332146): Worst-case setup slack is -0.830
    Info (332119):     Slack       End Point TNS Clock 
    Info (332119): ========= =================== =====================
    Info (332119):    -0.830              -8.957 KEY[0] 
    Info (332119):    -0.105              -0.105 CLOCK_50 
Info (332146): Worst-case hold slack is 0.392
    Info (332119):     Slack       End Point TNS Clock 
    Info (332119): ========= =================== =====================
    Info (332119):     0.392               0.000 CLOCK_50 
    Info (332119):     0.473               0.000 KEY[0] 
Info (332140): No Recovery paths to report
Info (332140): No Removal paths to report
Info (332146): Worst-case minimum pulse width slack is -3.000
    Info (332119):     Slack       End Point TNS Clock 
    Info (332119): ========= =================== =====================
    Info (332119):    -3.000             -33.840 KEY[0] 
    Info (332119):    -3.000              -8.140 CLOCK_50 
Info: Analyzing Fast 1200mV 0C Model
Info (332123): Deriving Clock Uncertainty. Please refer to report_sdc in TimeQuest to see clock uncertainties.
Critical Warning (332148): Timing requirements not met
    Info (11105): For recommendations on closing timing, run Report Timing Closure Recommendations in the TimeQuest Timing Analyzer.
Info (332146): Worst-case setup slack is -0.002
    Info (332119):     Slack       End Point TNS Clock 
    Info (332119): ========= =================== =====================
    Info (332119):    -0.002              -0.002 KEY[0] 
    Info (332119):     0.396               0.000 CLOCK_50 
Info (332146): Worst-case hold slack is 0.191
    Info (332119):     Slack       End Point TNS Clock 
    Info (332119): ========= =================== =====================
    Info (332119):     0.191               0.000 CLOCK_50 
    Info (332119):     0.241               0.000 KEY[0] 
Info (332140): No Recovery paths to report
Info (332140): No Removal paths to report
Info (332146): Worst-case minimum pulse width slack is -3.000
    Info (332119):     Slack       End Point TNS Clock 
    Info (332119): ========= =================== =====================
    Info (332119):    -3.000             -30.768 KEY[0] 
    Info (332119):    -3.000              -7.244 CLOCK_50 
Info (332102): Design is not fully constrained for setup requirements
Info (332102): Design is not fully constrained for hold requirements
Info: Quartus II 64-Bit TimeQuest Timing Analyzer was successful. 0 errors, 4 warnings
    Info: Peak virtual memory: 4898 megabytes
    Info: Processing ended: Fri May 06 11:30:36 2022
    Info: Elapsed time: 00:00:02
    Info: Total CPU time (on all processors): 00:00:01


